集合,file,md5,最像影片,影片幀,相似度,同源影片
eval,lick/The_video_duration_must_be_exa-19-_mp4-0008_jpg.rf.d735cc5cc004df3237430f93110cbb73.jpg,fc73d0ad2fc70bb42b400b3491cc8315,lick/lick_102,66,1.0000,lick/lick_102
eval,lick/lick-26_png.rf.8c5b30cb51b58ece30432b7f42319448.jpg,817dcdbb55a3a527124dbe431a24d4dc,lick/lick_2_hq,318,1.0000,lick/lick_2_hq
eval,lick/lick2-13_png.rf.c597af985dee4490300c6acbc6d85210.jpg,d91832cb5c393ec2fde136d7d5fa74fb,lick/lick_7_hq,9,1.0000,lick/lick_7_hq;lick/lick_2_hq
eval,stop/The_video_duration_must_be_exa-19-_mp4-0000_jpg.rf.f4264742c69d0ba8b2d6bd17508c6e21.jpg,e4aa9d6c0f945a9332f678be34d8ec2e,lick/lick_102,0,1.0000,lick/lick_102
eval,stop/lick-1_png.rf.02b53b05523087a1d400e56c69568542.jpg,19b8cf3921a9a83f9752ceb3ba0136d0,lick/lick_2_hq,0,1.0000,lick/lick_2_hq;lick/lick_7_hq
eval,lick/2_mp4-0008_jpg.rf.ee54d5d0635703e384d7c7b2718357e8.jpg,8d1c27fb19c09fce02beee15b08e15c0,lick/lick_60,66,0.9999,lick/lick_60
eval,lick/7_mp4-0024_jpg.rf.47454207a46eda4b0df550d90a50efcc.jpg,584ff37d4e3ad2c953c3f3399e4d46ab,lick/lick_1,198,0.9999,lick/lick_1
eval,lick/lick8-1_png.rf.572053fea7eb367e53c4ee93a9296f67.jpg,b45b6c97d26ba1d24c8b096e7d75930b,lick/lick_31_hq,522,0.9999,lick/lick_31_hq;lick/lick_28_hq;lick/lick_3_hq;lick/lick_11;stop/stop_36
eval,lick/lick887115887_mp4-0013_jpg.rf.9243c415b4d3c1d98e8b1b1050e25b80.jpg,2e70f1b5d5c6ca8466c7baf81a1bf1e5,lick/lick_6_hq,390,0.9999,lick/lick_6_hq
eval,stop/12_mp4-0001_jpg.rf.5cd21dccc1b4e4417d5a3b30d1d8732f.jpg,bc471cee52591f5bbf1de22449864772,stop/stop_172,12,0.9999,stop/stop_172
eval,stop/7_mp4-0002_jpg.rf.b4d4d3abe075e2244d9078d66e4452d6.jpg,17f783a771d263f195e3e909d8d2099c,stop/stop_93,21,0.9999,stop/stop_93
eval,lick/588-5-_mp4-0008_jpg.rf.12f57a063154bcd8444b165fa02ec8f1.jpg,e5ee2b36e5511e5bacd46de469e66e12,lick/lick_71,63,0.9998,lick/lick_71;stop/stop_78
eval,lick/lick8-2_png.rf.51fd9b377d8d54cbbe62ddfaab9bdef4.jpg,e3ea957bb200a2d490bdde2b45b1dcc3,lick/lick_28_hq,27,0.9998,lick/lick_28_hq;lick/lick_3_hq;lick/lick_31_hq;lick/lick_11
eval,stop/6_mp4-0000_jpg.rf.352ececabba9dc1f1247c790cd86bd13.jpg,75bd1746d0196c695412868cd9c20e09,stop/stop_46,0,0.9998,stop/stop_46
eval,stop/6_mp4-0000_jpg.rf.96af80258e9ce08fec72142850b66024.jpg,70acb7ab61ace8e2c996e0d0d7a80479,lick/lick_32,0,0.9998,lick/lick_32;lick/lick_108
eval,stop/c_c_e_d_c_c_b_a_e_d_mp__mp4-0000_jpg.rf.ab23107b28305192d47c1ebaa9e585e9.jpg,ce0d1a34438648c0a360350c4357aa13,scratch/scratch_10,0,0.9997,scratch/scratch_10
eval,lick/screen_58_mp4-0010_jpg.rf.8589ca338204a053681e3df68b6992a4.jpg,504b40e2c2ffdb098f05dd66d5a04610,lick/lick_4_hq,240,0.9996,lick/lick_4_hq
eval,stop/8_mp4-0000_jpg.rf.6c947550158dc530732b4223dfb82a70.jpg,317836e1a5cd9897fc0dd3bffcbbbe7f,lick/lick_32,0,0.9996,lick/lick_32;lick/lick_108
eval,lick/lick15-4_png.rf.ecad0eb78b49301cbb162e15621a843f.jpg,d0b37f7e70cd8c894b76807f54998820,lick/lick_3_hq,801,0.9995,lick/lick_3_hq;lick/lick_28_hq;lick/lick_31_hq;lick/lick_11;stop/stop_36
eval,lick/lick2-23_png.rf.17d185acad1f336a23418a5a5cb4e458.jpg,57068407fd74bccdcef1bd1a70805f27,lick/lick_7_hq,288,0.9993,lick/lick_7_hq;lick/lick_2_hq
eval,stop/lick-8_png.rf.7ee5b0686b921c372978e1e1299baad5.jpg,4cdfebdbddd351525a6a3fc263b71e5f,lick/lick_2_hq,84,0.9992,lick/lick_2_hq
eval,lick/5_mp4-0008_jpg.rf.664db838250d4c21c62c75c09dbc972a.jpg,844d139cc1b5fe096d79866635cfcda6,lick/lick_68,69,0.9991,lick/lick_68;stop/stop_55
eval,lick/lick55222_mp4-0012_jpg.rf.a42b46d234b195d0d2cf9b813ce994b6.jpg,d7de1a531e7dc40dead7c9d62a2bdc13,lick/lick_25,360,0.9991,lick/lick_25;lick/lick_14_hq;walk/walk19
eval,lick/5_mp4-0009_jpg.rf.1545a2eaf1fb49e2dd558c715d9034db.jpg,1bf9a8962f7fcfc5bdf2f23819dba400,lick/lick_68,75,0.9990,lick/lick_68
eval,lick/lick5-4_png.rf.e6bc6e92de4c2826d5a44c63b2f5e6b2.jpg,f901486356c4827c616f84faafd73035,lick/lick_27_hq,291,0.9990,lick/lick_27_hq;lick/lick_14_hq
eval,stop/7_mp4-0000_jpg.rf.5f1297fcfd7bb69c76aca0d41adfa9a0.jpg,7a5829f800969de68b82edc685f79d9e,stop/stop_35,0,0.9988,stop/stop_35;lick/lick_1
eval,scratch/c_c_e_d_c_c_b_a_e_d_mp__mp4-0006_jpg.rf.8dfdd2d1068901ae9f04dda5865a9de7.jpg,30429c0b2336fd82abdcc2b9cf60d36e,scratch/scratch_10,48,0.9987,scratch/scratch_10
eval,lick/1-6-_mp4-0012_jpg.rf.d1e8434c229154e91eaf0cfbb9e2b4f4.jpg,7b4a9056cdd7a8aa3666925156d7ce46,lick/lick_125,117,0.9985,lick/lick_125
eval,lick/lick5-11_png.rf.b961a61d47478e39eb985a6f568a94b7.jpg,46d82bc4b88f7d5b7d3eaea7146de6f3,lick/lick_28_hq,141,0.9985,lick/lick_28_hq;lick/lick_3_hq;lick/lick_31_hq
eval,lick/8_mp4-0010_jpg.rf.0de3cee30c6b722e4e9a2ce2b70b2cd9.jpg,5328b8bf6a9896287d59bd0094e9c497,lick/lick_22,87,0.9984,lick/lick_22;stop/stop_48
eval,lick/lick15-3_png.rf.78a50d4d33beb46730dc1139a4e71dcc.jpg,9e9c72f996c223a8b8044c6faedeb705,lick/lick_3_hq,531,0.9984,lick/lick_3_hq;lick/lick_28_hq;lick/lick_31_hq;lick/lick_11
eval,lick/10_mp4-0021_jpg.rf.41cd5e393585cfcb24df711fefe6a3cc.jpg,53dd4ebf522bcdcabc2b569b0564d45e,lick/lick_13,180,0.9980,lick/lick_13;stop/stop_38
eval,lick/lick7-2_png.rf.620bd816820876ab5ec01dda89bddfcb.jpg,0c9be97a87de4df070ea50397ecebab8,lick/lick_27_hq,42,0.9980,lick/lick_27_hq;lick/lick_14_hq
eval,lick/lick544872_mp4-0006_jpg.rf.9863ef48f6be192eeb59eff0a8119934.jpg,fce6c424fbe397bc2b9fcec3653ce5ea,lick/lick_5_hq,144,0.9974,lick/lick_5_hq
eval,stop/The_video_duration_must_be_exa-3-_mp4-0003_jpg.rf.25db45cc9a607690a7324c653de38d9f.jpg,f3a06aea078cde61828aa687edb1c87d,stop/stop_119,0,0.9955,stop/stop_119
eval,scratch/e_d_be_mp__mp4-0010_jpg.rf.17582ed5337f1b6005d42871f5449f9b.jpg,9402aab815ea898dba71e27decba41b3,scratch/scratch_19,78,0.9949,scratch/scratch_19
eval,stop/11_mp4-0000_jpg.rf.bd81e861479f1f504cd4bada1af5134d.jpg,bceb569eab3b2640256b0b51d2a434c9,stop/stop_131,0,0.9938,stop/stop_131
eval,lick/lick8-3_png.rf.9a0e62b392081032c66aa6ee8186d269.jpg,3f13d855da1f27c45f9152022e029451,lick/lick_5_hq,87,0.9926,lick/lick_5_hq
eval,lick/screen_58_mp4-0024_jpg.rf.3d4f2d757b7d104c5b0bbca877aa9762.jpg,8946bd6bb0f2096e8e863ba940b33c2e,lick/lick_4_hq,576,0.9926,lick/lick_4_hq
eval,lick/2557552_Cat_Pet_1920x1080_mp4-0006_jpg.rf.cf30d53feff21ceac27feab064456277.jpg,990d3f94eeff7235d3482d3ae589817c,lick/lick_26_hq,45,0.9911,lick/lick_26_hq
eval,lick/2557552_Cat_Pet_1920x1080_mp4-0019_jpg.rf.150dbb3fd58213061c8eca8bcb77454c.jpg,893b12dde99a88c039f48b76c8126b22,lick/lick_26_hq,144,0.9904,lick/lick_26_hq
eval,stop/4_mp4-0000_jpg.rf.75298b03fb3a1df5fc96f995d9472d50.jpg,bd4e30c8ae2d6ea3cf2c307950efac4a,scratch/scratch_54,0,0.9895,scratch/scratch_54;stop/stop_126
eval,lick/lick544872_mp4-0012_jpg.rf.56a7a8a547599382ea83aeb778c05685.jpg,85410d46e20900e2b4498eb51bb557e0,lick/lick_5_hq,288,0.9875,lick/lick_5_hq
eval,stop/4_mp4-0005_jpg.rf.2c75ee0795cee1703846069c84ce5805.jpg,7f57d28818fca3995d3e29a154b6229d,stop/stop_54,36,0.9867,stop/stop_54
eval,lick/lick10-1_png.rf.8f78d4e24f9c99fdcb4c2fe228274b8a.jpg,6b0552d4c06be3855dacc2d2640989d2,lick/lick_4_hq,132,0.9857,lick/lick_4_hq
eval,lick/lick17-9_png.rf.cdb69d4a662e89499278e99d8bc08620.jpg,989cb074c6fe43c71a21729b0b62f15a,lick/lick_8,99,0.9845,lick/lick_8;lick/lick_10
eval,lick/screen_58_mp4-0009_jpg.rf.26a0f903675a7099f29efb57215bc487.jpg,33fad9c00d27181d5dae7692ccb312e5,lick/lick_4_hq,219,0.9839,lick/lick_4_hq
eval,lick/1-2-_mp4-0019_jpg.rf.2ab63f2c30d48f3f087fefbc4b177472.jpg,08d470a3b0cf69f754ac785ca5ad24fb,lick/lick_124,135,0.9822,lick/lick_124
eval,scratch/scratch4847_mp4-0001_jpg.rf.0d2745d9894c92b39d60999a76bb3781.jpg,d459c3400ab205226d7557146dfe3b01,scratch/scratch_26,24,0.9822,scratch/scratch_26
eval,lick/The_video_duration_must_be_exa-8-_mp4-0009_jpg.rf.d35f90b2727c17b398b0b3481dca689c.jpg,3d4154356d1945a40fc34b07f0dd00d1,lick/lick_113,81,0.9818,lick/lick_113;stop/stop_160
eval,lick/2026-07-06-04_59_55_mp4-0005_jpg.rf.e620e1861ec4c3f88507c1c16216655a.jpg,a5299dd2a1baf50a572bf1f1b79440a5,lick/lick_123,78,0.9796,lick/lick_123;scratch/scratch_38;walk/walk18
eval,stop/cat_scratch_neckmp__mp4-0000_jpg.rf.04aec6666b4ea544b19b291bf0fe8af0.jpg,3a9f4be2c9e106c0e06e65a9bc5346aa,scratch/scratch_11,30,0.9780,scratch/scratch_11;stop/stop_19
eval,stop/cat_scratch_neckmp__mp4-0007_jpg.rf.9a04e909cd9ad25aeb915d249dd5a2bb.jpg,776b7a9856c21662ad373d8a92f3e3e2,scratch/scratch_11,60,0.9757,scratch/scratch_11;stop/stop_19
eval,lick/The_video_duration_must_be_exa-8-_mp4-0017_jpg.rf.94957eb82b8ced2f2cdf800243c383c9.jpg,465b5af06b2f0dd60c09d3c347f72a25,lick/lick_113,114,0.9742,lick/lick_113;stop/stop_160
eval,scratch/scratch2-16_png.rf.a0944c07511efcf347891ab9b07abb76.jpg,740baf79c024c6a2bc1662ca8abce4c0,scratch/scratch_25,114,0.9715,scratch/scratch_25
eval,stop/5_mp4-0006_jpg.rf.76bd75fcd681d823a954686e0e861ee4.jpg,bce23351e8345056a5edc6746fba57ed,stop/stop_55,24,0.9714,stop/stop_55;lick/lick_68
eval,scratch/scratch578_mp4-0006_jpg.rf.8c64d84227403f831ca906d36e16bd48.jpg,b444ca8219fecc73f251283957fc0cc0,scratch/scratch_25,141,0.9710,scratch/scratch_25
eval,lick/1_mp4-0012_jpg.rf.fc378cf30d9a94c8abe9a7b85d7c6197.jpg,3fccf46e75131c9341b2d5cb5aa2fae5,stop/stop_109,21,0.9706,stop/stop_109
eval,lick/2026-07-06-04_59_55_mp4-0051_jpg.rf.bbe97a3bfb82e78792870b4cf2b1ef12.jpg,9eb4f05addc60f1855af340c6e522fe0,lick/lick_123,495,0.9675,lick/lick_123;scratch/scratch_38
eval,lick/2026-07-06-04_59_55_mp4-0015_jpg.rf.059f2442145797d9e886be7568a995bc.jpg,689a580b517ad81430734b46ad89156d,lick/lick_123,150,0.9663,lick/lick_123;scratch/scratch_38
eval,lick/1_mp4-0009_jpg.rf.2d4eba0a995b9fcbdd734bb791c9f572.jpg,d3e856553a73b901d1c42aebdb022126,lick/lick_64,150,0.9593,lick/lick_64
eval,walk/lick_real78-18_png.rf.a36fb7d33fb9bcbe8b823cf7ae2dd027.jpg,3a289a35f7ad447426733b16e542e0fd,walk/walk4,69,0.9483,walk/walk4
eval,lick/1-9-_mp4-0007_jpg.rf.3f94417f3123f5a800eb046e78b226cd.jpg,fc55a58ddd62514aea30d9a0b532ee99,stop/stop_173,60,0.9398,stop/stop_173
eval,walk/portrait-cat-13-_jpg.rf.d676a06a03940fa6750f2cdafdfaeb0e.jpg,8e8d98575263821a80109f77d753377c,shake/shake_18,0,0.9358,shake/shake_18
eval,lick/3_mp4-0014_jpg.rf.cf35cc10cb6ca95dbd7ac667a4fe6b26.jpg,fa3b350d54803058e7e30ddf92af5d08,stop/stop_89,33,0.9315,stop/stop_89;stop/stop_28
eval,lick/5_mp4-0012_jpg.rf.fc523bbf270ced71944d12998cb17fa0.jpg,38411bd03ccb24f6c7af9e17b2e7f2db,stop/stop_55,45,0.9314,stop/stop_55;lick/lick_68
eval,lick/12_mp4-0008_jpg.rf.5810223d6aced26ff5fad7d663ad53a3.jpg,a5ae4791152e00919c66072ff0c35ac0,stop/stop_172,18,0.9174,stop/stop_172
eval,walk/black-dogs-street_jpg.rf.40db19bb7420450d2efdf141386e031a.jpg,1afcefd33a53a31f3e871a3fd5ecf41e,shake/shake_75,6,0.9132,shake/shake_75
eval,scratch/1-8-_mp4-0024_jpg.rf.643b67accf34496631042d61187ed8c7.jpg,c9e0778bb5cbd111e9d173c39eeb5e43,stop/stop_127,27,0.9115,stop/stop_127
eval,lick/lick42_mp4-0008_jpg.rf.a5954bd058a8033a3b7b33b07df10430.jpg,215d8176aaf515c149667e89e3bb7483,stop/stop_90,54,0.8574,stop/stop_90
eval,scratch/1-2-_mp4-0006_jpg.rf.b1bb36baefa3f9a22f6f86d7af230c73.jpg,f51e54b36beb5285545d95d1e3569333,stop/stop_122,0,0.8512,stop/stop_122
eval,walk/12039516133_9a7032f204_b_jpg.rf.5e1e1cc1e5567d9beb64a56685f5f19b.jpg,9f6a590f6b32c0e4249140bd61570fdc,lick/lick_51,201,0.8510,lick/lick_51;shake/shake_69
eval,lick/The_video_duration_must_be_exa-3-_mp4-0016_jpg.rf.a0a66c864dcd1e3e24915cd12d167a7d.jpg,c935414ea2e99c86f40b26f8d00bfbf0,stop/stop_164,72,0.8472,stop/stop_164
eval,stop/7_mp4-0018_jpg.rf.05999c95126309954aea64283987d3ae.jpg,1c2faf9279c8520ca1f87ab562470065,stop/stop_32,27,0.8371,stop/stop_32
eval,lick/11_mp4-0019_jpg.rf.3a5592657f7d9374a245c1a8a38ec865.jpg,f6fd00598470785d59719de93d9ba57c,stop/stop_131,24,0.8307,stop/stop_131
eval,lick/4_mp4-0012_jpg.rf.f57d74eb664e612e6ac23451ad6cbf6f.jpg,8a7e318852cf726f0ac796e14413f922,stop/stop_42,45,0.8293,stop/stop_42
eval,walk/white-cat-standing-field_jpg.rf.9fbb221904c811098f37fbf93a109dc6.jpg,bd8da543d0bb5807c9b94bcb1441ece2,scratch/scratch_38,18,0.8054,scratch/scratch_38;stop/stop_141;stop/stop539
eval,walk/cat-walking-outdoors_jpg.rf.22f7539b0b14722b86968ae2fa7b0f51.jpg,e605b2262770ef86daa9828685af22ca,lick/lick_51,45,0.8035,lick/lick_51;shake/shake_69;shake/shake_61
eval,walk/cat-with-tail-that-says-cat-it_jpg.rf.73eb21bca13fd813261a643fbe4d8531.jpg,f13ade2a978bb24383d7fbe83c029b14,lick/lick_51,108,0.7949,lick/lick_51;stop/stop534;shake/shake_69;scratch/scratch_38;walk/walk27;stop/stop_141
eval,walk/concept-homeless-animals-stray-dirty-sadness-cat-street_jpg.rf.143724c38ab07fbd612a8ca51ace5d9b.jpg,feec3877d01a923e9a48b145d5a25995,lick/lick_11,51,0.7924,lick/lick_11;stop/stop_36
eval,scratch/3_mp4-0008_jpg.rf.0246d294bbd3f662945f20f0ac4d489d.jpg,f24c706d139f3f6154f06d0abb04c383,stop/stop_104,0,0.7842,stop/stop_104
eval,walk/portrait-cat-street-2-_jpg.rf.347dc4ed709b796391e9505ce621caab.jpg,66b5da105e049c2a17884224f0d6d93f,shake/shake_69,198,0.7563,shake/shake_69;lick/lick_51;scratch/scratch_38;stop/stop534
eval,walk/cute-cat-isolated-white_jpg.rf.6d11294862c9e7e2307972fdfa6b0702.jpg,b75432c0177f1a12a7628273bdb8ebd3,stop/stop_157,0,0.7332,stop/stop_157
eval,walk/beautiful-fluffy-cat-walks-white-background-side-view_jpg.rf.72adcbbf6e15778824661925d9e93999.jpg,186a2c8caf9b8ba807f2e82a8d1624a9,stop/stop_157,54,0.7324,stop/stop_157
eval,walk/beautiful-cat-1-_jpg.rf.da81138c5e4572f708c9a8db71fd9789.jpg,835ac6cbbdeff3a664d733f745ce7f3e,stop/stop539,87,0.7209,stop/stop539;stop/stop_141;scratch/scratch_38
eval,walk/lick_real3-28_png.rf.db95571d27c2a58f5374de6b4e36c791.jpg,5dc16b1fba95af59e5a26870a22e6d3b,shake/shake_38,39,0.7201,shake/shake_38
eval,walk/ginger-cat-is-standing-green-branches_jpg.rf.955eb224a481900d1dc9a8e16f01c8c5.jpg,5d52b8dd2476e4bffd49cdd31355c7f2,walk/walk26,33,0.7107,walk/walk26;walk/walk18
eval,scratch/be_d_be_amp__mp4-0005_jpg.rf.884b701aa42674eba85c12720a2c4e44.jpg,99ede995d5ac3087c442ebaede2dcfa0,lick/lick_11,18,0.7100,lick/lick_11;stop/stop_36
eval,walk/mathias-reding-hfugw8BZ7FA-unsplash_jpg.rf.9c169d4ee9129b87b421dcce0ccf5b1c.jpg,1f0e3acaab88c6107efb63413e8d61e3,lick/lick_11,186,0.6997,
eval,walk/istockphoto-843284576-612x612_jpg.rf.600c67bef246dcbbf26fca2e7b79a64e.jpg,3848e54751bdcd95fd230a1e5207ddab,shake/shake_72,51,0.6894,
eval,walk/000000000064_png.rf.d939cf3717441cf015298627dd133070.jpg,4d7ab881a32159101d9f2921f39519ad,lick/lick_11,51,0.6877,
eval,walk/lick_real78-7_png.rf.33967bc9ab32eb9fadb0ee494a82a2f1.jpg,a94cf11f8e0b3691d57f33e6185e5444,walk/walk25,102,0.6868,
eval,lick/25424452345_mp4-0000_jpg.rf.72671cc83de892aeba26e72eaaf986a9.jpg,a3508dc463400223ef53ee2f7e101c46,walk/walk27,48,0.6779,
eval,walk/cat-standing-tiled-floor-against-building_jpg.rf.bb55eba96aaa4e978882f1bc2cdaf5ef.jpg,c6477aed70ac4fca04b7f939c291b413,walk/walk19,36,0.6757,
eval,lick/The_video_duration_must_be_exa-12-_mp4-0007_jpg.rf.e8097da0f53e948028ac8b0b562a191e.jpg,77c9a7d5865b97e0a3fe2f13805ffe96,stop/stop_150,6,0.6744,stop/stop_150
eval,walk/cat-sits-road-front-house_jpg.rf.bd106dcef63f397dd989b28e4c9cffc6.jpg,79e22a58e67f9292afc0863738648f33,walk/walk9,45,0.6729,
eval,walk/side-view-cat-by-fence_jpg.rf.549ae413c1be84c7fc9ac58b1f089c9a.jpg,9cd7d69e1ac332e32119950fe6ef668a,lick/lick_51,78,0.6711,
eval,walk/kitten-with-beautiful-blue-eyes-animal-portrait-playful-cat-relaxing-vacation_jpg.rf.07e594e157bea505bfe29e7ebc897709.jpg,f123f397c864bb1a6a53ecd5ac0adfd0,stop/stop534,66,0.6696,
eval,walk/closeup-portrait-lovely-cat-as-domestic-animal-view_jpg.rf.11d96157e24195a989c4845f2df58e74.jpg,c42975c4df742b9d2b57d2a73a9c0bdb,shake/shake_69,192,0.6693,
eval,walk/portrait-cat-12-_jpg.rf.85388513c535ff7258a87b430b18d5d7.jpg,0c6d539e786000ed83da818454cb803c,lick/lick_25,381,0.6685,
eval,walk/gray-kitten-walks-against-white-background_jpg.rf.923a65229f8a2bb3db804522b8d16cb6.jpg,cde617f82bc5290a675260897ae0c07f,shake/shake_72,51,0.6676,
eval,lick/5_mp4-0006_jpg.rf.94a58154026a01613ef1cf8456f77ad7.jpg,8932007ee36288dc272e1a12fd0860e0,scratch/scratch_65,0,0.6650,
eval,walk/abyssinian-cat-1-_jpg.rf.c775de46266e90f0884879fff12af5ac.jpg,540ef2c888d7246018fcec66fc6f7823,shake/shake_72,45,0.6646,
eval,scratch/24-10-_mp4-0023_jpg.rf.7f3f84e04be8f7db1e951441809f5fc7.jpg,f81529c4b3f58248f50b684f87b48fa9,lick/lick_51,12,0.6642,
eval,walk/side-view-cat-1-_jpg.rf.f0436403ee6e0ab1f57d7cd8cd70825c.jpg,4b52b1d7728ef1e345b3d6bdfb3edee1,lick/lick_44,69,0.6620,
eval,walk/luidmilakot-cat-2059015_1920_jpg.rf.1285a858cd44c4ae874a05eaed499643.jpg,8c60d4804d2ce3b282463615acc0bae1,stop/stop_103,0,0.6569,
eval,walk/cat-sitting-floor-mykonos-greece_jpg.rf.bd3571e5d8dc2878abf4d32e1bd1fe83.jpg,52c8f2e35252db006330c538329c7199,walk/walk25,417,0.6529,
eval,walk/walking-cat-against-sky-1-_jpg.rf.bb8f63ca36ced75731b0319a4929ec2d.jpg,330693965331b4b6d4c3388b0b037a92,stop/stop_116,27,0.6520,
eval,walk/white-cat-breed-turkish-van-close-up-walks-street_jpg.rf.ace53749379aa6fa72f9d2e794ef66f8.jpg,59e4ffd349080e74bb9454ad267f2775,shake/shake_47,39,0.6436,
eval,walk/100-12-_png.rf.a3e50b1917804770f94c61b995bddf65.jpg,a07fa9ed98e330e7ac1bae110b29d266,stop/stop_157,0,0.6423,
eval,walk/bengal-cat-front-white-background_jpg.rf.e3101872ee3036a0e8c685e18a4439ff.jpg,d1fbd1a539caec2ba0a8e1523d64a95a,shake/shake_72,51,0.6390,
eval,walk/fuu-j-qo1rVbPRX3c-unsplash_jpg.rf.d2f0948200352c15a6abc9ba4e0ed0c7.jpg,de7a4a99e53f65b5d45599dcb836baa8,lick/lick_11,192,0.6372,
eval,walk/zhang-kaiyv-Geq2WJvDzlM-unsplash_jpg.rf.92cb7fe82154718a63344444f34fb908.jpg,e17ad21b6e0b59b84ca527969a42c700,shake/shake_40,111,0.6319,
eval,walk/portrait-cat-plant_jpg.rf.7b6d4d632fd303a115a2104378629542.jpg,f3ded1d7996c8a0afc195cb63caa90f9,stop/stop_123,0,0.6299,
eval,scratch/scratch-10_png.rf.213f36138f9052d4b672ebdd3e420b15.jpg,7667ae6896b50289c70aef1dcf9bd999,stop/stop_55,9,0.6288,
eval,scratch/1-4-_mp4-0009_jpg.rf.76fbae28488a4fe4d633f0938348d091.jpg,27df8bacdb9870acf0dc41c691bfdbb0,scratch/scratch_65,3,0.6273,
eval,walk/walk_real-16_png.rf.84ee038c3c90c3b0e7892ebd1216c352.jpg,45db998fcf4af6ae2aea1cbd7a9148d0,walk/walk26,363,0.6273,
eval,walk/istockphoto-494640144-612x612_jpg.rf.35a252349e975246a1f2dd2f053c3083.jpg,593fa198c87bc76c3e9c505e688aa848,scratch/scratch_36,0,0.6235,
eval,walk/cat_65_jpg.rf.be8d72f032dd0bc0626bda77cbb0b6e0.jpg,83e42cd08de1a4ae56c28a0d16e5970b,lick/lick_6_hq,402,0.6232,
eval,walk/domestic-gray-kitten-looking-side-white-background-with-copy-space-selective-focus-1-_jpg.rf.f887f7c6c9b55c2b57e588379d01eb7e.jpg,f28660dbd9ba4758c0090ef375028b5e,scratch/scratch_50,48,0.6225,
eval,walk/beautiful-bengal-kitten-isolated-white-1-_jpg.rf.bb21e3af4565f8c1e470b96921318c85.jpg,e045984fd6ddbdd28ca1ac4b89693501,stop/stop_80,3,0.6208,
eval,walk/gray-house-cat_jpg.rf.8f22bbb0bdd928abc1b6b52c3a40b5c2.jpg,5edeea2eee9b084ba9a6af08d43a61ea,stop/stop521,99,0.6199,
eval,walk/small-stray-kitten-ginger-white-street_jpg.rf.98f3a001dd9c9a5c402c28c35088c309.jpg,c447ed7dedfcd41e68dd13039ca82ea0,scratch/scratch_11,60,0.6183,
eval,walk/black-dog-road-1-_jpg.rf.83a4a83c70a534e468c96b3f83108c51.jpg,39adadb0cc2ea1926ffa55b40688b626,shake/shake_75,219,0.6153,shake/shake_75
eval,walk/walk8_png.rf.30d0a4c79613717b7520b8a6dd7fe348.jpg,df79863ecedab9bbee560370e55837b8,shake/shake_86,48,0.6146,
eval,walk/outdoor-shot-cute-kitten-garden-sunny-day_jpg.rf.f2c8b9848ddcde01a6e3d214705af9a9.jpg,626e6e6effba009abbe8e720276094cf,scratch/scratch_38,126,0.6135,
eval,walk/cat-waking-outdoors_jpg.rf.a08a5cbdb8f832d42edf5cf7f8153351.jpg,09951e4122cd738a6bf4dfe4794b0af4,walk/walk25,321,0.6128,
eval,lick/4_mp4-0008_jpg.rf.a83ca207259c5fd56891b2d43a85fc8b.jpg,79fe05926aac267543089c31c2225cfd,lick/lick_68,198,0.6119,
eval,walk/cat-standing-footpath_jpg.rf.11a62f46f731243d00e2171ee52e0192.jpg,db7c2842d064a58583c92cc5aeeda555,shake/shake_69,57,0.6116,
eval,walk/white-cat-stands-gracefully-green-grass-gazing-curiously_jpg.rf.4434edaaaf74bc4123dce82893663358.jpg,4ce602a8f447dd824d4150f4f33f62b6,stop/stop505,81,0.6096,
eval,lick/1-10-_mp4-0016_jpg.rf.c7c50b54136fd908cadcb2a34a158c17.jpg,ea177db22e4781b8b5849355691daacc,stop/stop_35,3,0.6085,
eval,walk/serious-brown-cat-isolated-white-background_jpg.rf.b75dc64f755292a417e2e68f64dfef20.jpg,56768c8023b6694be334fed8a009957d,stop/stop_80,0,0.6075,
eval,walk/portrait-cat-street-7-_jpg.rf.cf0f4b24754927bbb839b009ee2f8bd1.jpg,229e392d1a80dca572b2784dcc181ab3,walk/walk27,0,0.6065,
eval,walk/beautiful-cat-isolated-white_jpg.rf.8eeb26478d0a27ac490fbd9876b865cb.jpg,d10b7c9781069233df4771a1ba62f94b,shake/shake_72,57,0.6033,
eval,lick/1-10-_mp4-0011_jpg.rf.287be9a27959a47f3f0be9b3ffa776de.jpg,0366921e2d4b6d8237153774058cafac,stop/stop_35,3,0.6023,
eval,walk/stern-street-cat-with-green-eyes-walks-nature_jpg.rf.51211f80f061ba3199cd806aa6fb68d8.jpg,643a9570cc3d348ec0628afb8113eaf2,lick/lick_11,141,0.6016,
eval,walk/different-actions-small-grey-color-kitten_jpg.rf.2e79227b8e4250b604fa871205b07e8e.jpg,ef3445d028ade3c48a9eaa7b800b95ee,lick/lick_51,126,0.5995,
eval,walk/istockphoto-119778904-612x612_jpg.rf.1c3f2ca554d2c87e4eec00713dde093c.jpg,22ab5a306ced49c22f5655d030503d8a,shake/shake_72,78,0.5965,
eval,walk/istockphoto-2207213572-612x612_jpg.rf.a5e1bc69102036c880b6af9141d7276c.jpg,8c5229862d94dc79d4eef50b26ec581c,lick/lick_68,207,0.5964,
eval,walk/cat-looking-away-while-sitting-home_jpg.rf.4c2ee870e12a8b508f5d70c129012c29.jpg,f991084781e3fd50c8f2de68eb51aa16,stop/stop_56,60,0.5962,
eval,walk/000000000030_png.rf.b7a0991f20d1d4a36fd7621bbbfb5741.jpg,e4d01c3ec8bed07d90db89e136cb7174,stop/stop_55,0,0.5902,
eval,walk/animals-wildlife-savannah-cat-desert_jpg.rf.5109094452182a9aa7ba3b4a6cc36fd2.jpg,6ad24a044bbe2f5f684e266dab1b879d,shake/shake_16,57,0.5885,
eval,walk/portrait-yellow-cat_jpg.rf.842fd9db139b4d3cf4f2dd293d0256e7.jpg,f36378143c32d3295b210662c384bb00,stop/stop_103,0,0.5866,
eval,walk/cute-curious-black-white-kitten-walking_jpg.rf.832e68e24965bee4efb2a02c4ffc3ffb.jpg,3e7a1fd06233753e5d1313a9d5ecfaa5,shake/shake_72,39,0.5856,
eval,walk/cute-kitten-isolated-white_jpg.rf.5b646395ee15487c99f22d68523af99b.jpg,d2a5f129eb82b59d66229c0d4f96a925,stop/stop_157,54,0.5846,
eval,walk/cat-outdoors_jpg.rf.1f97916c44015354f9c59fd1c08504d2.jpg,03aae6fa978b7bd0c2bc723fcaa07a17,stop/stop543,129,0.5803,
eval,scratch/1_mp4-0006_jpg.rf.c428cac0f33a8c3bc57f7eb6614d4270.jpg,ef277c6c15d34ff31e61b079cda578fb,walk/walk32,18,0.5776,
eval,scratch/10-1-_mp4-0007_jpg.rf.70ee432fe5472b4f8b517e2fe969b6b7.jpg,625ec52689a6a4b934991b8871488ab6,shake/shake_56,183,0.5682,
eval,walk/zhengtao-tang-z3fk7I6JMJk-unsplash_jpg.rf.769862ceb37384b1250facc01ae2205a.jpg,a04b167a2c9809177020e2f83fdeea03,scratch/scratch_14,54,0.5680,
eval,walk/black-dog-road_jpg.rf.92b76f448d00a91d8f775e53b2be4ef5.jpg,f8b5a7a6f9f0d6e62bd3e06efef655cc,shake/shake_72,57,0.5663,
eval,walk/side-view-cat-looking-away-2-_jpg.rf.a68fd55c49e1b02a4113f5602440bf7e.jpg,f150d8c40c5711867b7bedacda1607b9,stop/stop_157,12,0.5656,
eval,walk/portrait-cat-grass-1-_jpg.rf.e342c1a00c7be16c6889527c9ef51ec6.jpg,a6e6c8662097832077a6005dc4e6bc3c,lick/lick_2_hq,0,0.5606,
eval,walk/portrait-cat-looking-away_jpg.rf.17ca6ab06357582e21267247eae23936.jpg,c1299e26829b2c8a90432acf2ce38279,walk/walk25,333,0.5581,
eval,walk/walk13_png.rf.af006c7ca08dd508c6c966ea3829fad3.jpg,b00e68811ae1145b5dbeff4176694764,shake/shake_61,66,0.5565,
eval,walk/pexels-roman-odintsov-5332559_jpg.rf.12e9face5340b101d383f5c4e0c29545.jpg,ecdde700ffd2754992d0c33065648e2c,walk/walk29,9,0.5562,
eval,lick/lick06_mp4-0019_jpg.rf.fe21b368b23c37ffae45bd64d2620449.jpg,daccd27aec55dc2b11b9cdbd489b5465,shake/shake_38,18,0.5561,
eval,walk/Desktop-2026_07_13-20_23_12_07_mp4-0000_jpg.rf.c63440e44c117265151191be9aacbe02.jpg,3bbad73bc0d123af83fcb353d45810ce,walk/walk19,42,0.5559,
eval,walk/ginger-cat-walking-street_jpg.rf.010b3334dff138e04dacd158ba32f90f.jpg,647bbe28d5e24e4ac35e5c91eaf175cf,stop/stop526,24,0.5552,
eval,walk/cute-gray-felis-cats-playing-floor-it-is-siamese-cat-they-looking-camera_jpg.rf.158f897c9cc70a3bc530c64ff302697a.jpg,9dfb232c21a0d40b7d5fbf8d46bf1b4a,walk/walk29,12,0.5528,
eval,walk/red-cat-is-standing-kitchen-counter-christmas-wreath_jpg.rf.dc51ae820d1f2588e91186653e06a4d8.jpg,c92cfba6c140601fec797d663eb965f1,stop/stop_52,42,0.5520,
eval,walk/shawn-rain-iCmvqnvj0WA-unsplash_jpg.rf.59c48c51653817de891f36a683290c8f.jpg,54e38aa1057f213b71b45b274d400cbe,shake/shake_56,54,0.5502,
eval,stop/3-40-_png.rf.66ef104368274100aa317444f337c7c9.jpg,0bb4e7e761e6922df558748d9e2fea79,shake/shake_82,51,0.5486,
eval,lick/8_mp4-0009_jpg.rf.f30760747e5bcc60e3a824d8555ca6cd.jpg,f9ca05bfd270281d911b40d1eac6480a,stop/stop_94,0,0.5482,
eval,lick/6_mp4-0009_jpg.rf.a758b765ac219bb7e7287cd1231ca6b0.jpg,c3043f605b229e5e32ca34611b451936,scratch/scratch_36,39,0.5468,
eval,lick/8_mp4-0010_jpg.rf.e57cfa5bb3783e5e1c81b29a3c1f8afc.jpg,c760cec6bad4ea8fb6a08a73090ca972,stop/stop_94,36,0.5468,
eval,walk/istockphoto-1217549170-612x612_jpg.rf.072a7de8f2b2960008660e39adc71011.jpg,353a7b4e943c8a391b5c433af4cac0ef,lick/lick_104,36,0.5466,
eval,walk/side-view-dog-walking-road_jpg.rf.ac540317b06375f0e4cd0ac2de61131b.jpg,92048f204c20114f53b5594009d44473,shake/shake_71,126,0.5458,
eval,walk/jack-blueberry-ysP56SeSPu4-unsplash_jpg.rf.1fb568e7b82c76b09026fec1e333416a.jpg,53a89388c0248b58d36ee44320c0f83a,walk/walk25,333,0.5442,
eval,walk/side-view-cat-walking-field_jpg.rf.b0e6a58427d602ffc2c5478d09b4905a.jpg,e76999492feb5522f2104ce411fbf05c,stop/stop531,84,0.5405,
eval,walk/portrait-black-cat-1-_jpg.rf.3a9ea010e7ea97ff8cb8ad6078ff14d6.jpg,22bff6fc704f8987279fd6a53ed0c762,stop/stop521,33,0.5378,
eval,walk/high-angle-view-cat-walking-footpath-1-_jpg.rf.8b8bc8c707301ada1862c9c16541dbec.jpg,482d1a64a5a7ba783adf73204319488b,stop/stop542,0,0.5360,
eval,lick/1-1-_mp4-0002_jpg.rf.05dbc41bd66ed67d8afc6d53acd88de2.jpg,bae609e713910438a116bd127a2e979b,scratch/scratch_38,21,0.5333,
eval,stop/GettyImages-948947216_mov-0019_jpg.rf.b2c03265101cd9ccb4a075b62b7d8638.jpg,bc203d3daf9e54570efea75c01770711,shake/shake_72,213,0.5312,
eval,scratch/10-1-_mp4-0004_jpg.rf.4d945def69191b793991be3e19373a69.jpg,79c14c94a79652fc658a858ac005dd85,shake/shake_56,183,0.5288,
eval,stop/4_mp4-0006_jpg.rf.06cbb88505b4fe31bdfaf9f9f4c38313.jpg,464bcd61b350115bfdd34635bfb1354d,shake/shake_71,0,0.5276,
eval,walk/european-wildcat-felis-silvestris-silvestris-cadiz-spain_jpg.rf.b3f6759f00b2000492949eee6ffe1299.jpg,47b53c331551097dae5cb99e088d2cfa,shake/shake_71,132,0.5274,
eval,walk/cat-walking-cobblestone-walkway_jpg.rf.a942ffc971a8bdbd472508b2fa7eddc1.jpg,7891cd34853568c7eb0f3dff92689e1f,lick/lick_2_hq,0,0.5271,
eval,walk/low-angle-view-cat-walking-grass_jpg.rf.fa1c9f4f215092063d5cca1d30a6025f.jpg,506bc95cc8b579414659aa06fe405469,shake/shake_47,48,0.5265,
eval,walk/Screenshot_30_png.rf.7074cbbdf9900f7c44b9c1e98ad4f705.jpg,56f09b2d336cf5b02d4665061dd0818e,stop/stop_116,27,0.5261,
eval,walk/0_Cat_Ginger_1920x1080-1-_mp4-0000_jpg.rf.5eb32c3b66244cd2d1261da3376682af.jpg,ea3ee3cfbc2337a7dd4d0b88b25242a6,stop/stop_140,24,0.5254,
eval,lick/Desktop-2026_07_13-20_18_44_04_mp4-0003_jpg.rf.503f764e279190087cdd54809929d8c0.jpg,91cbbdfae0af78c08e1ae9269748dfdb,walk/walk4,27,0.5239,
eval,walk/domestic-cat-outdoors-friendly-pet-s-portrait_jpg.rf.f4cf50556bef539070e4a4a193b9550e.jpg,5d847aa3c25ab92c4cbad812384a014b,shake/shake_72,63,0.5236,
eval,walk/black-white-cat-staring-camera-way-bush-sunny-day-feral-cat-natural-predator-birds-rodents_jpg.rf.9cf987d439b857c4068fa3b360c92db3.jpg,bf3c2e370b85668519ffa2ed2893916c,lick/lick_44,69,0.5226,
eval,walk/walk12_png.rf.5f29bc8a437a3e984206a39135671c01.jpg,3f2310d72c06ac608a3a939b1e5cc13b,shake/shake_38,6,0.5223,
eval,lick/1-1-_mp4-0001_jpg.rf.e14f285a7b6d08ee795cd285e013f174.jpg,55bd4168d77f7a0bcb2d70794451d23f,stop/stop_141,0,0.5215,
eval,stop/lick16-2_png.rf.630ddeaab31501ac1b6760ef90829097.jpg,614befe52c3ffb803b4e8a40a40ecac0,walk/walk25,81,0.5210,
eval,walk/black-cat-with-pink-collar-tag-its-neck-stands-table-outside_jpg.rf.24b58f796e0e6bb915c654791d680cf7.jpg,58175b56d9557c0dcd92265367470f36,scratch/scratch_36,51,0.5186,
eval,walk/side-view-portrait-cat-seen-through-fence-1-_jpg.rf.80f8f996934eabb27008f8d77960b47e.jpg,ace16631db5a3213d1bc199ac9f677b5,stop/stop_104,6,0.5185,
eval,lick/8_mp4-0010_jpg.rf.4c43191c378e28f6dd7efbf6c002676a.jpg,53637d91e89f61d045b3fe20886694dd,lick/lick_7_hq,279,0.5173,
eval,walk/andy-luo-o8hvwJg_edg-unsplash_jpg.rf.60478fa65601c9e73a523dc8bb91b4af.jpg,fba51f35301a2fdd31800b46826ff16e,walk/walk25,615,0.5170,
eval,walk/himanshu-choudhary-WDkbPC88L6Y-unsplash_jpg.rf.e13a5468019ec37e0af80c8c915c0cf5.jpg,7e80c9f8eee7049bbe42cb7c9281bced,walk/walk26,345,0.5161,
eval,walk/brown-cat-bath_jpg.rf.c90176c078f54f95373e449f29ded5e1.jpg,e9765cebab39ad6fffa3d8e6615fdf50,scratch/scratch_11,183,0.5139,
eval,walk/domestic-kittens-play-yard_jpg.rf.83a401912a8a4fd237a52ba9a409836c.jpg,1e2b95e1a1588e3d17b156c7139d8a93,scratch/scratch_11,228,0.5130,
eval,walk/lick_real2-2_png.rf.7aa7d3d63c87269267d14343217fea32.jpg,77e531e941fc480f3e3cfd2e02d39a2a,walk/walk14,24,0.5107,
eval,walk/ahmed-ZleETu2S9Qo-unsplash_jpg.rf.95ee77571ed00dde14c555db026aad50.jpg,e7f282b666c76286056792c5a7c6331e,shake/shake_75,219,0.5061,
eval,walk/domestic-cat-walking-street-close-up_jpg.rf.c0eda8c682c4f3089e24cf597c97c9d3.jpg,9f7fc723e78c956ce22175940a97f301,shake/shake_73,210,0.5057,
eval,walk/000000000058_png.rf.68de0914bdb2a7ae0facd35eec74c485.jpg,bb732dcd8c1867186fa4111dc981b04c,walk/walk25,42,0.5046,
eval,walk/cat-2611279_640_jpg.rf.2386e4240b95eefde4195b7643226e67.jpg,7f4b253ea2a4f8689ac0f921755146af,stop/stop_80,33,0.5046,
eval,walk/1592086435_26e18e6dc8_b_jpg.rf.2ae41043667fed79a9e292491eb2d953.jpg,0d0cfb2257e3899e514f20dc2cd432bf,stop/stop_51,18,0.5016,
eval,walk/2026-07-06-16_38_19_mp4-0000_jpg.rf.54f29b5a28a80c239e23b7a7acd795c7.jpg,a52f82bca0fc2e2b03603e8ea50a4c81,walk/walk18,159,0.4994,
eval,lick/75-16-_mp4-0011_jpg.rf.86461bb1b386f4a4d077e2710af5a533.jpg,b46629226e20eb9c0fef24187409f348,stop/stop539,18,0.4990,
eval,walk/adorable-tabby-stray-cat-eating-outdoors-feline-natural-setting-sunlit-path_jpg.rf.3f5ee4be4c44cdf7bd68857d2d7582d3.jpg,dafc2b694c8cde5874b790d4928c19e2,walk/walk14,0,0.4965,
eval,walk/screen5-26_png.rf.c0610eb6c765b82742c4290e9d8aeaa6.jpg,f748736200182b21b6557724bb0c34fa,walk/walk18,57,0.4962,
eval,walk/portrait-cat-walking-street-2-_jpg.rf.1e5f63f3c5c4d3decde28b525a861684.jpg,e2b00d2c263c9451628a8dc460a60261,stop/stop_149,6,0.4958,
eval,walk/stray-kitten-walking-roof-house_jpg.rf.1ca0a4b31733828b2b075589d2cbf8c6.jpg,13c44982efb0cb451ef9ec2b8f42da29,scratch/scratch_54,39,0.4943,
eval,walk/2026-07-06-16_38_19_mp4-0001_jpg.rf.bf1ff5d60f4d1fc695aa0e7f37aea0b2.jpg,4596071e049990553dbaf27e1c0f1528,walk/walk18,168,0.4915,
eval,walk/portrait-beautiful-cat-cute-cat-portrait-happy-pet_jpg.rf.5de02cb8113d0360f8c76150755652d3.jpg,d161ad0126448aead13ac11c6f0de7ac,stop/stop533,12,0.4915,
eval,walk/view-cat-road_jpg.rf.3e803a084226d13e2381271c7e1b199b.jpg,25bc3900f8a29eac0aaa8e8d30548dec,stop/stop_127,24,0.4903,
eval,walk/homeless-ginger-cat-runs-along-sidewalk-life-pets-urban-environment_jpg.rf.4113fb9a243dae00d75bb1122453bd56.jpg,7c17688d594fad00b62d4ba4594b8dc6,stop/stop_131,0,0.4891,
eval,walk/screen5-38_png.rf.d87cfd0c7ad0291694373cc52935c522.jpg,5b33a4f24ef3d4079473bc9afe6a5f72,lick/lick_121,156,0.4867,
eval,walk/achieving-desired-goals_jpg.rf.007708711a2ab43281445d99745191ad.jpg,ec670d9480f5fdf61e99ab234744fe01,stop/stop528,18,0.4856,
eval,stop/The_video_duration_must_be_exa-15-_mp4-0000_jpg.rf.b623c3243cf07e224bcf33ee52cab643.jpg,6c073c9a88dbd7975c765144c8fd7e02,stop/stop540,18,0.4826,
eval,walk/close-up-portrait-cat-3-_jpg.rf.a7655ed26c3039747953d9c41039f08b.jpg,0e1ce7ba1cfb457c88db8bf0924ae643,walk/walk32,24,0.4824,
eval,scratch/scratch_val-18_png.rf.8442a0a49d2570f3d4d5b8c84c5c6dbe.jpg,c2e970adda4caff85f8438fd7507dbf2,lick/lick_31_hq,0,0.4807,
eval,walk/jonathan-cooper-PyRgBhbkLI-unsplash-1-_jpg.rf.bdb36b6f85d84b6953892c88d2e1695d.jpg,ca756fa7160d7115608c703f9c9b3ee3,walk/walk3,126,0.4804,
eval,walk/shadow-dog-footpath_jpg.rf.4e1abedbaef9c42c78926fce977c44a7.jpg,f0fab0d0376f246962b9daaf6802f64d,walk/walk23,114,0.4790,
eval,walk/portrait-cat-13-_jpg.rf.66d958be564f90c25e9a03c973af305a.jpg,ab54bc87b22897fd1d9a63338f331017,shake/shake_71,6,0.4785,
eval,walk/mufid-majnun-rt7LQbzrQwQ-unsplash_jpg.rf.5449c995a5fbd535aaa71fbc425a3324.jpg,1264cbefc01daaf8f3c24ec25025f9b5,lick/lick_11,51,0.4775,
eval,walk/striped-feline-explores-wooded-area-golden-hour-clear-afternoon-nature_jpg.rf.66213fe002f83729f5b8646687879903.jpg,16279abc08e0f2ef7885a08415ca3974,stop/stop521,3,0.4723,
eval,walk/pampas-cat-leopardus-colocolo-south-american-feline_jpg.rf.5f2724ab04c3fcbeb26279faaa91f19d.jpg,f28e9811d1baa3f532717c8cc975f0e2,walk/walk29,9,0.4707,
eval,scratch/scratch_60_mp4-0006_jpg.rf.33aa92224ff4aa42f1ee91dafe47114f.jpg,f3f51f61ff393e6e822a4267887af5be,stop/stop_142,36,0.4693,
eval,walk/cat-lying-sun-lawn_jpg.rf.5df3a4096233b6af4ee79cf0cde015f1.jpg,15dd1aee1782bcf78859de46f41be6ad,stop/stop_116,27,0.4630,
eval,stop/22-1-_mp4-0000_jpg.rf.4a61e4a519ebc86a79bf0a89d4f6ce0a.jpg,27976e093c2d675127c7448cd1f64e68,walk/walk29,99,0.4624,
eval,walk/portrait-cat-floor_jpg.rf.96e29c65c01902d2a08e6a94f8c29fa6.jpg,0e289f2145b3624a7f392476781a2133,scratch/scratch_24,12,0.4621,
eval,walk/Screenshot_93_png.rf.9d03e98ae7ec0e052e2d833ccb91a077.jpg,43bc5360d26d2d32be9b53fac257af32,shake/shake_37,0,0.4615,
eval,walk/fluffy-cat-unusual-color-roams-yard-closeup-cat-street_jpg.rf.819c3729bbc60f735e686f6c190b6a1b.jpg,80514cea33a373cd8ee28abbfc683080,scratch/scratch_65,135,0.4605,
eval,walk/red-cat-spring-homeless-cat-is-looking-cat-cute-animal-is-thrown-street_jpg.rf.f6fac5cb318dfe8e087add6a67423576.jpg,570db9da31a0b90167cc8abbb3b187dc,lick/lick_51,177,0.4602,
eval,walk/cat-footpath-by-wall_jpg.rf.39c672eb9716d7a940c4d778715aec32.jpg,fb8490ddfeee667bf33fcae2ed1b2556,shake/shake_91,3,0.4596,
eval,walk/norwegian-forest-cat-1-_jpg.rf.80c1e0622bd05e330521313ef2648abd.jpg,da270c92975039a22820a960a85e7e1f,scratch/scratch_14,39,0.4592,
eval,walk/gray-white-striped-cat-standing-brown-background_jpg.rf.420c3d29cdd742128f845a548f5c5c25.jpg,ac571ccefdaff67dc74ba472bdbb0df1,shake/shake_63,198,0.4565,
eval,lick/22-1-_mp4-0007_jpg.rf.df5bb97e7efc19adb7e08fe5bfd7b01d.jpg,5f9cc076d771f73ee35c2676da0549e5,walk/walk29,99,0.4553,
eval,walk/screen5-11_png.rf.80ff6d1c904e3149a4bf206ed01d0a7f.jpg,610853d49caf0475cff0d75285468045,stop/stop_112,0,0.4532,
eval,walk/cats-that-walk-by-themselves_jpg.rf.cb2785d1520c562d2a934c29fb216752.jpg,b6445eed38606033c8b4c362ecd2255f,walk/walk21,51,0.4527,
eval,lick/lick12-2_png.rf.331549bdd523e8da5e0ac68d1b315815.jpg,73a0ef838d23e385378bccd49ef278d3,stop/stop_146,57,0.4526,
eval,walk/portrait-cat-standing-outdoors_jpg.rf.c126cc03e19ed6666ca4d2ebd6fcb321.jpg,da16cfbf3c54e641d8660bfd2e8818b2,shake/shake_8,57,0.4511,
eval,walk/beautiful-purebred-bengal-cat-domestic-animal-pets-white-interior-with-bright-pink-armchair_jpg.rf.2e48bc5afa880dfb8b01f33fa45f3569.jpg,674c715072836a0993d965ec473c2ed1,walk/walk25,102,0.4503,
eval,walk/beautiful-gray-red-kitty-sidewalk-green-grass_jpg.rf.718424fb8b68980ae94926ee48f3725e.jpg,5a6bdea68d411f876b1e68107f3c7aee,stop/stop532,60,0.4501,
eval,walk/Screenshot_27_png.rf.be58b120476c792ec96bf42b2a838fb0.jpg,7dc31147d950f7126d0bc2c1f246c316,shake/shake_35,90,0.4494,
eval,walk/1-4-_mp4-0001_jpg.rf.d675cadfe3c156f36297afe865c271d5.jpg,3cf91a0a4c93e675781b8176dd511851,stop/stop542,15,0.4432,
eval,walk/Screenshot_21_png.rf.dd6a8fdb57a990f3965c966f8b53ec23.jpg,3c03c0e0a68d3aaf4d9d286354fbdbf3,scratch/scratch_39,48,0.4415,
eval,walk/beautiful-young-bengal-cat-garden_jpg.rf.aedc7c48e52d2677f42de3b6aa3a6b68.jpg,ca177a6c129e02dcf455de0199925f16,scratch/scratch_13,108,0.4410,
eval,walk/elegant-siamese-cat-profile-yellow-background_jpg.rf.8eb66519a72e9c1e8c9560ece00bc83f.jpg,70009ac311db003b2d4a7ab403d9c5ab,stop/stop520,42,0.4400,
eval,walk/side-view-cat-pigeons_jpg.rf.00b006a1e0267b6e3146f69617e3cd7b.jpg,8967decf1095ea1cdb82974e2dd1a712,shake/shake_92,75,0.4396,
eval,walk/stray-cats-streets-beaches-cyprus_jpg.rf.3d6487595c736bc6cf51017effca6cf5.jpg,43eb42c438d926a5471bcf30a49e71f2,lick/lick_6_hq,177,0.4366,
eval,walk/portrait-scottish-fold-shorthair-cat-colored-wall_jpg.rf.3550a5a7e7e4cff71bccd3131e052515.jpg,c6f1810692391a7fbcb38916a1896e6c,stop/stop_144,9,0.4361,
eval,stop/52457-12-_mp4-0036_jpg.rf.4779f80187f0577d62bed09d26772d20.jpg,912724b7a22685db45c63360e34e16f7,shake/shake_47,48,0.4359,
eval,walk/cat-hunter-hunting-wild_jpg.rf.7ffab436e8fead6082d780341faac08c.jpg,c5587626bb377065e3a803343e3e0ccc,lick/lick_116,18,0.4355,
eval,walk/cute-domestic-cat-with-angry-unhappy-look-closeup-portrait-walking-my-side_jpg.rf.67d225486fa7e31a8a923edd7ffb666b.jpg,dd741de67bc4e5cca6dc7fac2680d65a,scratch/scratch_19,15,0.4339,
eval,walk/00000000000402_png.rf.f111282f5e800e1d2913f65fe0862750.jpg,a55b715b5e761dc3e5ab4dbeb6803a64,lick/lick_68,195,0.4325,
eval,walk/pexels-hissetmehurriyeti-47135946-15109464_jpg.rf.8eb13cac7d1446cfefccf5a1696d8f0e.jpg,cc40cd264d527e50b7e3fe0d49774e92,lick/lick_7_hq,228,0.4310,
eval,walk/high-angle-view-cat-field_jpg.rf.7fb84e0e5862df14aff8fb486379dc0b.jpg,aa3e5fa875c92e595daa8c572b9a2fd5,walk/walk3,141,0.4275,
eval,lick/1-2-_mp4-0012_jpg.rf.93eaac9a7313c382d23a973d66a810e3.jpg,ae74f79bde688a9b0f2f1c5d34a1a69f,scratch/scratch_11,183,0.4261,
eval,walk/frightened-black-cat-garden_jpg.rf.4a93fd22d14c09fb08800266f2b2bcd8.jpg,5ec8705b1842ecf364ce5ae6d802a54c,stop/stop505,3,0.4260,
eval,walk/cat-4232979_640_jpg.rf.93959f482393f73f57169f1bf841b56c.jpg,13af38b8306c71de2f1db0667c5c9ecf,walk/walk18,0,0.4251,
eval,walk/Screenshot_57_png.rf.4ba38e6f5b558870369d204dc6ce0fc4.jpg,0b8f708cb045a515fdfbb5ef3442341e,stop/stop_110,0,0.4247,
eval,walk/cat-standing-grass_jpg.rf.92abbc6893e011e14e171acfc2ef199b.jpg,c93101d709a8af8cafe628ae136d9412,lick/lick_11,48,0.4240,
eval,walk/pexels-raymond-petrik-1448389535-35008390_jpg.rf.e8ba1ee85f065dbe13db4240439e0734.jpg,3e2a92b163d21116ceabbebf6e64131a,lick/lick_116,147,0.4237,
eval,walk/closeup-gray-feline-mammal-animal-walking-sidewalk_jpg.rf.d904763836cceecdf592d57ca8791302.jpg,c1a3c1cad3d0bba5aae66d3b51778c56,stop/stop517,3,0.4202,
eval,walk/domestic-cat-walking-outdoors-pebbles-path-countryside_jpg.rf.38f9f3e295fa9dc21539b923836a41b3.jpg,b9cba9387874f280bcc261da1a18379c,stop/stop_162,6,0.4191,
eval,walk/portrait-cat-walking-street-3-_jpg.rf.eb24d428c990410d565099cf426b7cad.jpg,a2194da5e2e96d674b969067186e93ab,stop/stop535,18,0.4187,
eval,stop/5_mp4-0002_jpg.rf.d3e9a494e26e2a198e68646c96ae2535.jpg,b1749081cd4d8310364608086e60bed6,lick/lick_3_hq,60,0.4179,
eval,scratch/20_mp4-0007_jpg.rf.573b48a0922929d7eeeff14367d529c3.jpg,b6cfae7e4a5030c027bcaee45cb89d85,lick/lick_3_hq,636,0.4173,
eval,walk/portrait-cat-walking-town_jpg.rf.c8c22fa0747e5ab586b8d682796bc76c.jpg,77780485f0e931a8a71e121bd5c8dfae,scratch/scratch_54,225,0.4173,
eval,walk/7-22-_mp4-0005_jpg.rf.150bdbdaeebee763021d5c227083ac3f.jpg,b8d358d7f6356f865646dc79ceebde19,shake/shake_43,42,0.4161,
eval,walk/close-up-cat-4-_jpg.rf.2e3ec755c57d2fced0c03f2b3862382d.jpg,2974fbc2bb55a69ad4d591592c696daa,shake/shake_9,30,0.4132,
eval,lick/lick_real-5_png.rf.835dc17a12ac1456f3395482313238f9.jpg,b8285f5216426db7d0f2b39ac82a2679,walk/walk14,12,0.4125,
eval,walk/screen5-43_png.rf.2fb2a871f12334efeebec8a6ce8301e5.jpg,b7987b86e3967e5c10bd016ff0a5ebe0,stop/stop531,84,0.4073,
eval,stop/2_mp4-0000_jpg.rf.7066818bbcf94db01874bf8bb2cf6eae.jpg,3af59ae6eeeb6c2bde55794e65fbc731,shake/shake_8,54,0.4049,
eval,walk/concept-homeless-animals-stray-cat-street-1-_jpg.rf.4bb73f06034793267c2b1e174a06b091.jpg,4659f654840c876108e7f63edd7d73ae,scratch/scratch_53,30,0.3993,
eval,walk/cat-walking-road_jpg.rf.f5d843df3accb1ae1076db5b1f7e3001.jpg,789b5302ca514d4d5d46fdf9334fa13b,walk/walk29,105,0.3951,
eval,walk/close-up-dog-home_jpg.rf.5215fbfb60819850600fe17b6c54e6b5.jpg,adbc63bce395ebbb70b4ed91ffb473fe,shake/shake_71,117,0.3934,
eval,walk/rebecca-johnsen-G3uwjIgU7Ig-unsplash-1-_jpg.rf.666dedc8b98007b2ed73bc5f626e5295.jpg,9bf3a00786d12b0703623ce017fc0ece,shake/shake_64,57,0.3898,
eval,walk/low-angle-view-cat-footpath-1-_jpg.rf.4e618649ef8e62399d8b122f675ca606.jpg,8ca6400fe39226f0172878af1a1d6905,stop/stop521,3,0.3871,
eval,walk/cat-standing-against-white-background_jpg.rf.e614e34f64f2480a7892e9883133638f.jpg,2df57e2431a6296cee9a59ffa7c136ad,shake/shake_64,12,0.3833,
eval,scratch/videomp__mp4-0006_jpg.rf.728ab96a2364cc0f5650fc950c8124d9.jpg,6c434ea560bcf1ae353a189b6c99325b,shake/shake_56,27,0.3832,
eval,walk/cat-looking-away-1-_jpg.rf.61ed09962c5b9e4b053a0b0ca045bfb0.jpg,f0f8f3825b898d51a8cb366553b7ab16,shake/shake_75,57,0.3764,
eval,walk/stray-orange-cat-park-street_jpg.rf.82eed93aea42138715df4f5d1a089bfc.jpg,390ce1c022fe0bfc89f433eb1a6a89ca,walk/walk26,366,0.3754,
eval,walk/salvador-bahia-brazil-january-21-2015-cats-are-seen-graves-campo-santo-cemetery-city-salvador-bahia_jpg.rf.1c4d3cb74b4d710330f00da38c356d31.jpg,8ec7f3e82ce36d59df8de2605ab72612,lick/lick_3_hq,459,0.3750,
eval,walk/side-view-dog-standing-against-sea_jpg.rf.adf6a750e7e65d9cdcd7a43d55bf6173.jpg,eb81377b0ee283326d339abdfc3c44db,shake/shake_71,0,0.3711,
eval,walk/white-spotted-cat-winter-road-asphalt_jpg.rf.fd4b0e80ebd8bb90a9005dd467cccabe.jpg,546af6d4db68e9be05b7bd3966ed0d8d,stop/stop_115,54,0.3665,
eval,lick/1-7-_mp4-0007_jpg.rf.66803e1b71f1094a28c2b09ca5daacdd.jpg,86aebeca4413dc6d2db658711d0bc1ee,stop/stop_161,24,0.3493,
eval,walk/domestic-cat-walks-around-yard_jpg.rf.49260ee5377096d7f78cd8ca4a202ba6.jpg,dcb24ce997d4b21aadf381b4c06014bb,stop/stop539,27,0.3461,
eval,walk/tabby-white-cat-walks-asphalt-closeup_jpg.rf.a65fbe79e2d20935b921f09a503f12f9.jpg,4d11ad51daa7f6aa41c3a1d03e3ee9bc,stop/stop_119,15,0.3454,
eval,lick/10_mp4-0002_jpg.rf.18438558165b7296ba29c019c31ba616.jpg,67a2d7bd0032c74317df72557c558f93,stop/stop_44,39,0.3440,
eval,lick/10_mp4-0008_jpg.rf.b9f34f4ae16bd63ce0865c3815bc64a6.jpg,d25f462087acbc3335937dce76eca50d,stop/stop_44,39,0.3423,
eval,walk/portrait-cat-floor-2-_jpg.rf.ff11236d19267ef63b49535e84acd1aa.jpg,863cbe4781f0685eaa204b43669b7832,stop/stop509,0,0.3403,
eval,walk/lick_real3-19_png.rf.988c513a37e399a97016bb1da1434cd3.jpg,db2d3655b540fd7babe5d50807b29302,scratch/scratch_11,75,0.3347,
eval,walk/portrait-cat-sitting-table_jpg.rf.fd8dc01dcf0aecd22443bfc202bbf536.jpg,0240cac065a953196b5f8c901e611502,walk/walk11,0,0.3257,
eval,scratch/15_mp4-0009_jpg.rf.5ba556187e295adf4fff02a54de2a5ce.jpg,f6b285087780f0d101e0901ceb1de2ab,shake/shake_18,51,0.3137,
eval,walk/portrait-cat-road_jpg.rf.cde89b427eacf70d9ad4cefd716a4dd5.jpg,a7269a4c576228727f4f20ab1d21aab7,scratch/scratch_39,33,0.3118,
eval,walk/pexels-orhanveliakbaba-15147081_jpg.rf.cae50bf48b110189df9e3ac0ad1c58e4.jpg,6529bfab61d32d5fd1d3e5ad6a925e3c,shake/shake_15,39,0.3071,
eval,scratch/scratch_55_mp4-0009_jpg.rf.f6531d0291ae46f46aa5c6f50f9eace4.jpg,7e0c452c5cbb7c536d22e90e1086fb5c,walk/walk19,18,0.2908,
eval,stop/The_video_duration_must_be_exa-1-_mp4-0001_jpg.rf.905784fd748786aa1cc8810db4787ac5.jpg,8b02f82f5f70a2aa48a9c2efd84510b2,stop/stop_131,15,0.2906,
eval,lick/The_video_duration_must_be_exa-19-_mp4-0008_jpg.rf.899327a97f4d01a4df4867437467d517.jpg,3019ca5e88f645cbf46d3d42405759f4,shake/shake_64,12,0.2904,
eval,lick/The_video_duration_must_be_exa-19-_mp4-0000_jpg.rf.e980e48655592724c3bf456e7a66e8e5.jpg,aa1a6eda3fd375b3c106f398d43256b8,shake/shake_64,12,0.2867,
eval,stop/cat-sleep-front-door_jpg.rf.a7c6063239e7e88877bd9aaefe6e92e3.jpg,1a6129cd01c622d681f78c33d5a48e83,shake/shake_18,0,0.2838,
eval,stop/2_mp4-0001_jpg.rf.70174399d34c5d3279c8b5c820c0a1ec.jpg,5582be61c2c036f9e445d1db9db07842,stop/stop526,81,0.2573,
eval,lick/scratch_47_mp4-0009_jpg.rf.d5a1dc03a3ddf598f55f45581b727f3a.jpg,8a1927007e78f73c0453d75bdcd4a238,walk/walk14,81,0.2437,
eval,walk/blueeyed-cat-strolling-park-perfect-conveying-tranquility-exploring-idea-n-1-_jpg.rf.2ed3217e65edf2f8f24a5c8de92d67d6.jpg,df556514df94cc363b681e904d04ec6b,scratch/scratch_12,27,0.2391,
eval,walk/orange-striped-cat-stand-ground-he-is-hunting-nature_jpg.rf.934a834dda01e7b713f08e1483ea4dc6.jpg,e4ac6c8aa6fa4ff336e09b8f525cd196,shake/shake_38,21,0.2351,
tag,11.v282i.yolov8_train_lick/train/The_video_duration_must_be_exa-19-_mp4-0008_jpg.rf.d735cc5cc004df3237430f93110cbb73.jpg,fc73d0ad2fc70bb42b400b3491cc8315,lick/lick_102,66,1.0000,lick/lick_102
tag,11.v282i.yolov8_train_lick/train/lick-10_png.rf.89d37c45c380f188faac7b6fa20923e0.jpg,e9001f8f2cc563db9a5050ea981be641,lick/lick_2_hq,111,1.0000,lick/lick_2_hq
tag,11.v282i.yolov8_train_lick/train/lick-11_png.rf.ad40b8d90eb884e7bb5b6f778291a6a6.jpg,e935849846c80f817b7c1997442e3819,lick/lick_2_hq,126,1.0000,lick/lick_2_hq
tag,11.v282i.yolov8_train_lick/train/lick-14_png.rf.4b651d02e3779a65022ba75ddc83d466.jpg,83ca11b4de65f6bf16224d73f116b9d9,lick/lick_2_hq,165,1.0000,lick/lick_2_hq
tag,11.v282i.yolov8_train_lick/train/lick-20_png.rf.4c0519860209521639003f1c57cf67de.jpg,a100353c7ed3f0d4d935f9b7d7ca1cec,lick/lick_2_hq,249,1.0000,lick/lick_2_hq
tag,11.v282i.yolov8_train_lick/train/lick-26_png.rf.8c5b30cb51b58ece30432b7f42319448.jpg,817dcdbb55a3a527124dbe431a24d4dc,lick/lick_2_hq,318,1.0000,lick/lick_2_hq
tag,11.v282i.yolov8_train_lick/train/lick-27_png.rf.995dd058fcff7fbf7c310f1ed58a1d6e.jpg,67277325088d7aa4bb0a8e1e823bdfc2,lick/lick_2_hq,330,1.0000,lick/lick_2_hq
tag,11.v282i.yolov8_train_lick/train/lick-31_png.rf.ecb85ca0a446b7a72ba16f555098176f.jpg,ec05de2d3857140b3e3c5817907f2c5a,lick/lick_2_hq,369,1.0000,lick/lick_2_hq
tag,11.v282i.yolov8_train_lick/train/lick-4_png.rf.cbbfe941fffbd948f0fc98c08acac6d5.jpg,75ca963bdca0f52fb6442e5117c3b621,lick/lick_2_hq,33,1.0000,lick/lick_2_hq;lick/lick_7_hq
tag,11.v282i.yolov8_train_lick/train/lick11-1_png.rf.4828eaae7d9c4e717395b6107272435e.jpg,0d8c3d0e8dfd55ac386906ed9844033b,lick/lick_27_hq,63,1.0000,lick/lick_27_hq;lick/lick_14_hq
tag,11.v282i.yolov8_train_lick/train/lick11-3_png.rf.3363baa845e1fb127f7f09e72eb64ae4.jpg,1d60c6da5f088278ffdacca2cd50ca29,lick/lick_27_hq,84,1.0000,lick/lick_27_hq;lick/lick_14_hq
tag,11.v282i.yolov8_train_lick/train/lick14-2_png.rf.9fddf54b2d97fa60cdd59e42a23f8716.jpg,38ef92418527535e23a6460d5fadda7e,lick/lick_7_hq,288,1.0000,lick/lick_7_hq;lick/lick_2_hq
tag,11.v282i.yolov8_train_lick/train/lick15-1_png.rf.8705d0b89ae3f391960bf8ed9dd92e8c.jpg,cc6f193e3bf1a74331f6a285618721e1,lick/lick_3_hq,0,1.0000,lick/lick_3_hq;lick/lick_28_hq;lick/lick_31_hq;lick/lick_11
tag,11.v282i.yolov8_train_lick/train/lick15-2_png.rf.823160ffcad283e84ad53e522979c45e.jpg,463d1719fca62f98d24177d34452cb6c,lick/lick_3_hq,210,1.0000,lick/lick_3_hq;lick/lick_28_hq;lick/lick_31_hq;lick/lick_11
tag,11.v282i.yolov8_train_lick/train/lick2-12_png.rf.33178468f30d2f5ea94d60ecde3db334.jpg,8f0cc4ef136cc17c3ebc11f6a7805c08,lick/lick_7_hq,0,1.0000,lick/lick_7_hq;lick/lick_2_hq
tag,11.v282i.yolov8_train_lick/train/lick2-13_png.rf.c597af985dee4490300c6acbc6d85210.jpg,d91832cb5c393ec2fde136d7d5fa74fb,lick/lick_7_hq,9,1.0000,lick/lick_7_hq;lick/lick_2_hq
tag,11.v282i.yolov8_train_lick/train/lick2-17_png.rf.ee64f703e7fe69d0da4ead4c07d482d3.jpg,9d9c7cf1674e4219316b2bd87f3026ea,lick/lick_7_hq,117,1.0000,lick/lick_7_hq;lick/lick_2_hq
tag,11.v282i.yolov8_train_lick/train/lick2-1_png.rf.9493b11f115ba13059210a2ed3c9cc09.jpg,223a767af675438dfd3e9a1ed5e4790e,lick/lick_31_hq,0,1.0000,lick/lick_31_hq;lick/lick_28_hq;lick/lick_3_hq;lick/lick_11;stop/stop_36
tag,11.v282i.yolov8_train_lick/train/lick2-2_png.rf.0b34cc6512e44ca2d911da7ee86ffd8e.jpg,e38e25d3b3d014e25d38833e2fd026a5,lick/lick_31_hq,6,1.0000,lick/lick_31_hq;lick/lick_28_hq;lick/lick_3_hq;lick/lick_11;stop/stop_36
tag,11.v282i.yolov8_train_lick/train/lick2-9_png.rf.4e62511a6ca166f631011b070f1ba5f3.jpg,88135f0cfafcf9a354d1694610d6cb92,lick/lick_31_hq,414,1.0000,lick/lick_31_hq;lick/lick_28_hq;lick/lick_3_hq;lick/lick_11;stop/stop_36
tag,11.v282i.yolov8_train_lick/train/lick3-3_png.rf.30d4ee0a1cd701e7639c08c27c23e865.jpg,c8ab371b430d23ee3d042026b1bb051b,lick/lick_31_hq,261,1.0000,lick/lick_31_hq;lick/lick_28_hq;lick/lick_3_hq;lick/lick_11;stop/stop_36
tag,11.v282i.yolov8_train_lick/train/lick3-5_png.rf.9bcc272f08407b253a59d2b197af64f0.jpg,2ec0ef3107106a53b2e95503f68aa47c,lick/lick_31_hq,255,1.0000,lick/lick_31_hq;lick/lick_28_hq;lick/lick_3_hq;lick/lick_11;stop/stop_36
tag,11.v282i.yolov8_train_lick/train/lick4-1_png.rf.08acf9b3bbd86eb334d34d962a68ec31.jpg,ab4d8334d2c7e09b9c9098e130714fc4,lick/lick_31_hq,18,1.0000,lick/lick_31_hq;lick/lick_28_hq;lick/lick_3_hq;lick/lick_11;stop/stop_36
tag,11.v282i.yolov8_train_lick/train/lick5-3_png.rf.663713d4b925642d64266688708820a6.jpg,aad8ae041651c19d62dc43174d120c56,lick/lick_27_hq,78,1.0000,lick/lick_27_hq;lick/lick_14_hq
tag,11.v282i.yolov8_train_lick/train/lick5-5_png.rf.23b6367c2dda427ddce803210cd122d5.jpg,2cc1854b96f75ad8b009ff13055c5cf7,lick/lick_27_hq,18,1.0000,lick/lick_27_hq
tag,11.v282i.yolov8_train_lick/train/lick5-7_png.rf.4e805dba11c11c13f7a40f471aa1c425.jpg,9a4500cf86034e47faa891a04c4b8346,lick/lick_31_hq,327,1.0000,lick/lick_31_hq;lick/lick_28_hq;lick/lick_3_hq;lick/lick_11;stop/stop_36
tag,11.v282i.yolov8_train_lick/train/lick6-1_png.rf.2825cbfc182b970fa026c903c9cfa365.jpg,e45e4207efad77202b95b5cc2a75699a,lick/lick_31_hq,30,1.0000,lick/lick_31_hq;lick/lick_28_hq;lick/lick_3_hq;lick/lick_11;stop/stop_36
tag,11.v282i.yolov8_train_lick/train/lick6-4_png.rf.bcf9c49dc0c93093bfed490208c4967c.jpg,0304557379c1b738d04c23581e37c5cd,lick/lick_31_hq,426,1.0000,lick/lick_31_hq;lick/lick_28_hq;lick/lick_3_hq;lick/lick_11;stop/stop_36
tag,11.v282i.yolov8_train_lick/train/lick6-5_png.rf.d2f36c9071cc13c1b07c074ab917a931.jpg,5ae42bacaaebb9bcd148663226752e82,lick/lick_31_hq,417,1.0000,lick/lick_31_hq;lick/lick_28_hq;lick/lick_3_hq;lick/lick_11;stop/stop_36
tag,11.v282i.yolov8_train_lick/train/lick7-6_png.rf.9e0d2c26a62948bdf3684bd7595313e5.jpg,398edaac8d03ea0015386958cca0ef18,lick/lick_27_hq,348,1.0000,lick/lick_27_hq;lick/lick_14_hq
tag,11.v282i.yolov8_train_scratch/train/1-17-_mp4-0004_jpg.rf.be823218e3bbb0d15e05d9af68b7417f.jpg,397dd69085a37f4818a2371e4253af20,scratch/scratch_50,33,1.0000,scratch/scratch_50;stop/stop_132
tag,11.v282i.yolov8_train_scratch/train/scratch2-12_png.rf.f8ebf69b77fee47fcacdd286a429704b.jpg,e7efebd73a9c70ed8c1ef85c5ef1fde6,scratch/scratch_25,138,1.0000,scratch/scratch_25
tag,11.v282i.yolov8_stop/train/1-17-_mp4-0000_jpg.rf.d214f0deb032edeebf68c1452679b8b7.jpg,fe698129a5c8cec6d2be387b8f4af8a8,scratch/scratch_50,0,1.0000,scratch/scratch_50;stop/stop_132
tag,11.v282i.yolov8_stop/train/3_mp4-0001_jpg.rf.0e663a20e1800b37b0df47b7cad8d38a.jpg,bcc8a9987bd33ab7424fc0335a532223,stop/stop_80,9,1.0000,stop/stop_80
tag,11.v282i.yolov8_stop/train/The_video_duration_must_be_exa-19-_mp4-0000_jpg.rf.f4264742c69d0ba8b2d6bd17508c6e21.jpg,e4aa9d6c0f945a9332f678be34d8ec2e,lick/lick_102,0,1.0000,lick/lick_102
tag,11.v282i.yolov8_stop/train/lick-1_png.rf.02b53b05523087a1d400e56c69568542.jpg,19b8cf3921a9a83f9752ceb3ba0136d0,lick/lick_2_hq,0,1.0000,lick/lick_2_hq;lick/lick_7_hq
tag,11.v282i.yolov8_stop/train/lick-5_png.rf.b01d8f4acf16db1024e36d05cd83b5b9.jpg,d23fc8a4983ecedb45f8c8f1da69baab,lick/lick_2_hq,42,1.0000,lick/lick_2_hq
tag,11.v282i.yolov8_stop/train/lick42_mp4-0000_jpg.rf.be8745263c01951805c16bfe35c7e117.jpg,c26ce5869d92fbff27e16c013555871d,stop/stop_90,0,1.0000,stop/stop_90
tag,11.v282i.yolov8_train_lick/train/11_mp4-0000_jpg.rf.0836bfd8f984e48f5372f92d8ab11811.jpg,b0eb2134194cdeece293b5129c7a7d17,lick/lick_51,0,0.9999,lick/lick_51;shake/shake_69;stop/stop534;shake/shake_61;walk/walk14
tag,11.v282i.yolov8_train_lick/train/11_mp4-0006_jpg.rf.9058f05731b64ef5b285f10c5bc4c0c6.jpg,181d40032618878d5d63fb29e31022b3,lick/lick_51,51,0.9999,lick/lick_51;shake/shake_69;stop/stop534;shake/shake_61;walk/walk14
tag,11.v282i.yolov8_train_lick/train/11_mp4-0007_jpg.rf.d3fad617dcf0d70f2926f1b70cfb428d.jpg,70ec788d6122df5a97b40f2c8fc03505,lick/lick_51,60,0.9999,lick/lick_51;shake/shake_69;stop/stop534;shake/shake_61;walk/walk14
tag,11.v282i.yolov8_train_lick/train/2_mp4-0008_jpg.rf.ee54d5d0635703e384d7c7b2718357e8.jpg,8d1c27fb19c09fce02beee15b08e15c0,lick/lick_60,66,0.9999,lick/lick_60
tag,11.v282i.yolov8_train_lick/train/2_mp4-0012_jpg.rf.15a0d012a468bb86176f50459d36a818.jpg,e6acb12c26d200ea353ea9ff1af51033,lick/lick_60,99,0.9999,lick/lick_60
tag,11.v282i.yolov8_train_lick/train/7_mp4-0007_jpg.rf.44e498c495e6a04537690632179c6e69.jpg,deeaba8e019d999b272b17461cb21733,lick/lick_1,57,0.9999,lick/lick_1;stop/stop_35
tag,11.v282i.yolov8_train_lick/train/7_mp4-0008_jpg.rf.9ce6f4e62d5f3fc3ae4f47fc2657eca6.jpg,5816729f9eedaf4034fe57495fde74eb,lick/lick_1,66,0.9999,lick/lick_1;stop/stop_35
tag,11.v282i.yolov8_train_lick/train/7_mp4-0024_jpg.rf.47454207a46eda4b0df550d90a50efcc.jpg,584ff37d4e3ad2c953c3f3399e4d46ab,lick/lick_1,198,0.9999,lick/lick_1
tag,11.v282i.yolov8_train_lick/train/8_mp4-0020_jpg.rf.9a77afc3cde3204b30a497208f4b8a53.jpg,d73d07c981b29b02a6931b1f5468a8ee,lick/lick_12,165,0.9999,lick/lick_12;stop/stop_26
tag,11.v282i.yolov8_train_lick/train/lick14-1_png.rf.957b630e82dc6ff3a82c844228fe11f9.jpg,5a9cf217d263640ec3a0ceed833e91d6,lick/lick_7_hq,237,0.9999,lick/lick_7_hq;lick/lick_2_hq
tag,11.v282i.yolov8_train_lick/train/lick18-4_png.rf.6e6900a601f5709d5b53b2d87df642cf.jpg,f5c981a1a9a5fc04629dc2fc262b8f09,lick/lick_51,153,0.9999,lick/lick_51;shake/shake_69;stop/stop534;shake/shake_61;walk/walk14
tag,11.v282i.yolov8_train_lick/train/lick18-4_png.rf.96167b2a873a3e78d9ae3b357a02fc2e.jpg,00a9a4617154a196bd802417f5739ac7,lick/lick_10,0,0.9999,lick/lick_10;lick/lick_8
tag,11.v282i.yolov8_train_lick/train/lick18-7_png.rf.cf7e3acbcfab5cf74743efc092b4aa53.jpg,8e2556f81ef3204b89aa453caf5a0b71,lick/lick_10,123,0.9999,lick/lick_10
tag,11.v282i.yolov8_train_lick/train/lick2-18_png.rf.28dba72398f4aed8a6e99e3060120a47.jpg,9669ce5c879882fca39d77afd85fdf21,lick/lick_7_hq,138,0.9999,lick/lick_7_hq;lick/lick_2_hq
tag,11.v282i.yolov8_train_lick/train/lick2-21_png.rf.9912c4434aa39cac83055ee80e6b605d.jpg,61f1f06a3a011430e29249dbdd17c204,lick/lick_7_hq,240,0.9999,lick/lick_7_hq;lick/lick_2_hq
tag,11.v282i.yolov8_train_lick/train/lick2-2_png.rf.3c397eead2141baf83c48d2378cc9272.jpg,94613f80b521690ff384796b94e721a0,lick/lick_10,3,0.9999,lick/lick_10;lick/lick_8
tag,11.v282i.yolov8_train_lick/train/lick3-13_png.rf.f7191774ae32be9cee0f159dac5fbb18.jpg,a7c9174f769a287d62c359a9df50d996,lick/lick_28_hq,342,0.9999,lick/lick_28_hq;lick/lick_3_hq;lick/lick_31_hq;lick/lick_11
tag,11.v282i.yolov8_train_lick/train/lick3-4_png.rf.727fffdb73d74d1ade7bffab77cf0de7.jpg,ac94f23404ddfbdcfd0c63c9ad841df8,lick/lick_31_hq,336,0.9999,lick/lick_31_hq;lick/lick_28_hq;lick/lick_3_hq;lick/lick_11;stop/stop_36
tag,11.v282i.yolov8_train_lick/train/lick4-2_png.rf.8faeeb47840a4ed34ec6af76f5293f3e.jpg,34d7fcb145330f64eddac3a8ea28a9dc,lick/lick_31_hq,123,0.9999,lick/lick_31_hq;lick/lick_28_hq;lick/lick_3_hq;lick/lick_11;stop/stop_36
tag,11.v282i.yolov8_train_lick/train/lick522_mp4-0000_jpg.rf.501c28feb6fb59db5445ee21a52970a1.jpg,78a8abdfe9840f698e4f37643a720458,lick/lick_14_hq,0,0.9999,lick/lick_14_hq;lick/lick_25;walk/walk19;walk/walk26;lick/lick_27_hq;walk/walk18
tag,11.v282i.yolov8_train_lick/train/lick6-2_png.rf.36ff6a6e923a42b817d5ec733709a214.jpg,8d22ff6772a6cae99bebc63e3f1b9a53,lick/lick_31_hq,72,0.9999,lick/lick_31_hq;lick/lick_28_hq;lick/lick_3_hq;lick/lick_11;stop/stop_36
tag,11.v282i.yolov8_train_lick/train/lick7-1_png.rf.f1cdfe37b8228fac3123c6e0fa86bf1b.jpg,dc494be98b1686fb7e06dca0b8a59987,lick/lick_31_hq,57,0.9999,lick/lick_31_hq;lick/lick_28_hq;lick/lick_3_hq;lick/lick_11;stop/stop_36
tag,11.v282i.yolov8_train_lick/train/lick7-3_png.rf.618787a1ed68a201b4b873a4d3fcbd48.jpg,84ebadc4d3f7bf7d70a9e4f73f553ab6,lick/lick_31_hq,498,0.9999,lick/lick_31_hq;lick/lick_28_hq;lick/lick_3_hq;lick/lick_11;stop/stop_36
tag,11.v282i.yolov8_train_lick/train/lick8-1_png.rf.572053fea7eb367e53c4ee93a9296f67.jpg,b45b6c97d26ba1d24c8b096e7d75930b,lick/lick_31_hq,522,0.9999,lick/lick_31_hq;lick/lick_28_hq;lick/lick_3_hq;lick/lick_11;stop/stop_36
tag,11.v282i.yolov8_train_lick/train/lick8-1_png.rf.75443ea7b0a0da08fc41d6ed2a0a98fe.jpg,3c1311e04b00f8e036ec3036fc72ae51,lick/lick_5_hq,27,0.9999,lick/lick_5_hq
tag,11.v282i.yolov8_train_lick/train/lick8-3_png.rf.5acece036f6a986988f9e41c7a976969.jpg,25d56002c540e0fce36e9eedbfa63542,lick/lick_28_hq,81,0.9999,lick/lick_28_hq;lick/lick_3_hq;lick/lick_31_hq;lick/lick_11
tag,11.v282i.yolov8_train_lick/train/lick887115887_mp4-0000_jpg.rf.4afff1aab006a50811bea3f6bb5b2954.jpg,e76f2debb8c591a96b556028c3314f0f,lick/lick_6_hq,0,0.9999,lick/lick_6_hq
tag,11.v282i.yolov8_train_lick/train/lick887115887_mp4-0001_jpg.rf.98a5f5e4df24745156f1746cd54953f0.jpg,b2f01742c6bf0e435756992802712b9f,lick/lick_6_hq,30,0.9999,lick/lick_6_hq
tag,11.v282i.yolov8_train_lick/train/lick887115887_mp4-0002_jpg.rf.b705ea1f25d64d4aaeb4ef2c6da2466f.jpg,55045bf1188d16d7b10b4ccbcdfd3f8b,lick/lick_6_hq,60,0.9999,lick/lick_6_hq
tag,11.v282i.yolov8_train_lick/train/lick887115887_mp4-0003_jpg.rf.77dd28675d601cf0caa44d486e94fc39.jpg,38da1f60ba6c6fd06aafc383eb442a6c,lick/lick_6_hq,90,0.9999,lick/lick_6_hq
tag,11.v282i.yolov8_train_lick/train/lick887115887_mp4-0004_jpg.rf.6c7242bcf6cde49025a36c1aa7f61732.jpg,d2d1d0873f36e09015129906e447dfb9,lick/lick_6_hq,120,0.9999,lick/lick_6_hq
tag,11.v282i.yolov8_train_lick/train/lick887115887_mp4-0005_jpg.rf.3aa34df68254a36c97b4ebbd1f1b02d5.jpg,0311f8e0be39f6ac28e67884ba91615f,lick/lick_6_hq,150,0.9999,lick/lick_6_hq
tag,11.v282i.yolov8_train_lick/train/lick887115887_mp4-0008_jpg.rf.0c8f3d55cab57590e44113eeb021435e.jpg,d87f1ddbe7d693f560bb2e5a349c9c57,lick/lick_6_hq,240,0.9999,lick/lick_6_hq
tag,11.v282i.yolov8_train_lick/train/lick887115887_mp4-0009_jpg.rf.e39c0e871e916ed2863fe0ac0a2fb5f3.jpg,421ac34eb941d5de83c8d39e735f9cf4,lick/lick_6_hq,270,0.9999,lick/lick_6_hq
tag,11.v282i.yolov8_train_lick/train/lick887115887_mp4-0011_jpg.rf.1bcbb4fec044db1a3f25d4fe1329e652.jpg,be41c2375fc07a2bd01102a2a29f038f,lick/lick_6_hq,330,0.9999,lick/lick_6_hq
tag,11.v282i.yolov8_train_lick/train/lick887115887_mp4-0012_jpg.rf.e3ac9abcc8489bc781ae2cba4f9f07b4.jpg,3f70e7c4ba1fb0db3a0e52d8a35f5d3d,lick/lick_6_hq,360,0.9999,lick/lick_6_hq
tag,11.v282i.yolov8_train_lick/train/lick887115887_mp4-0013_jpg.rf.9243c415b4d3c1d98e8b1b1050e25b80.jpg,2e70f1b5d5c6ca8466c7baf81a1bf1e5,lick/lick_6_hq,390,0.9999,lick/lick_6_hq
tag,11.v282i.yolov8_train_lick/train/lick887115887_mp4-0014_jpg.rf.6e966c8bb381299bb80e15734b4e01d9.jpg,af3c534241dcdc1a294485bf63c5eb7d,lick/lick_6_hq,420,0.9999,lick/lick_6_hq
tag,11.v282i.yolov8_train_lick/train/lick887115887_mp4-0015_jpg.rf.d3f8886b6103792fa9ea102b240db3b9.jpg,bba78d69f8d0c8b6e34830954cced958,lick/lick_6_hq,450,0.9999,lick/lick_6_hq
tag,11.v282i.yolov8_train_scratch/train/1-17-_mp4-0007_jpg.rf.799b3ed4092a044938ae5f4be13bc8d3.jpg,8cf867142b34bd0efb306a95855572a4,scratch/scratch_50,57,0.9999,scratch/scratch_50;stop/stop_132
tag,11.v282i.yolov8_train_scratch/train/1-17-_mp4-0008_jpg.rf.ae6c100a9f678679a649475d187e654c.jpg,2a76c4ca0c27e1c4d73aa63c0a446ed4,scratch/scratch_50,66,0.9999,scratch/scratch_50;stop/stop_132
tag,11.v282i.yolov8_train_scratch/train/e_d_be_mp__mp4-0008_jpg.rf.a26c0c047773a76013062ffcffbcaf9d.jpg,2d20a49bd7a40387a9a7a5606fb38fb3,scratch/scratch_19,63,0.9999,scratch/scratch_19
tag,11.v282i.yolov8_train_scratch/train/e_d_be_mp__mp4-0009_jpg.rf.10a39730da467e7c3417247e18fa69a5.jpg,efb12db77496bf79ceeacbfc03462687,scratch/scratch_19,72,0.9999,scratch/scratch_19
tag,11.v282i.yolov8_train_scratch/train/e_d_be_mp__mp4-0020_jpg.rf.25aa6ec6bc0a316c9ad04a150557281e.jpg,7a1d6868a4ceb29b5a9bc2016b0d6fd5,scratch/scratch_19,159,0.9999,scratch/scratch_19
tag,11.v282i.yolov8_stop/train/1_mp4-0000_jpg.rf.ef33107f149c5dfb02cb7dbaf3ae0a46.jpg,cf5146beed9bceea6033a997a5799409,stop/stop_95,0,0.9999,stop/stop_95
tag,11.v282i.yolov8_stop/train/2_mp4-0001_jpg.rf.228f7a51fba4c906d37ece7b4fa6402f.jpg,2f6faa51fa73604e1376101616e13a9c,lick/lick_60,9,0.9999,lick/lick_60
tag,11.v282i.yolov8_stop/train/4_mp4-0000_jpg.rf.adf8d96cff2ae6faf6cb8732a736e340.jpg,6dbcf39e997f21f099b9d7b9b90d5805,lick/lick_44,0,0.9999,lick/lick_44;stop/stop_29
tag,11.v282i.yolov8_stop/train/588-4-_mp4-0001_jpg.rf.91d53973c0ea7a40d4d6d0c84a287a9a.jpg,3901bd7dbe8de1a3e7ee5655c3868a27,stop/stop_103,9,0.9999,stop/stop_103
tag,11.v282i.yolov8_stop/train/7_mp4-0002_jpg.rf.b4d4d3abe075e2244d9078d66e4452d6.jpg,17f783a771d263f195e3e909d8d2099c,stop/stop_93,21,0.9999,stop/stop_93
tag,11.v282i.yolov8_stop/train/8_mp4-0000_jpg.rf.a9f4d1bafee2733bf7d285332915de97.jpg,8f62108fa3d1b1d1e27c65577b510438,lick/lick_12,0,0.9999,lick/lick_12;stop/stop_26
tag,11.v282i.yolov8_stop/train/lick-6_png.rf.e4e1887827d9de08e8a046a5c0b70349.jpg,92d973bff2f882d795649553f66f755c,lick/lick_2_hq,54,0.9999,lick/lick_2_hq
tag,11.v282i.yolov8_stop/train/scratch11-6_png.rf.7b1bd67f9a9cc50ead219dbba3765f9a.jpg,f0c9e05f63735dad732553df116b0894,scratch/scratch_19,216,0.9999,scratch/scratch_19
tag,11.v282i.yolov8_train_lick/train/10_mp4-0017_jpg.rf.483700517954810f5e08809231a591af.jpg,560e5f4aac058e57103aff848f0b2757,lick/lick_13,135,0.9998,lick/lick_13;stop/stop_38
tag,11.v282i.yolov8_train_lick/train/10_mp4-0026_jpg.rf.ee647154113f434ededbcb661ea61c7a.jpg,7b045e247c5e021a71980711298b553a,lick/lick_13,207,0.9998,lick/lick_13;stop/stop_38
tag,11.v282i.yolov8_train_lick/train/11_mp4-0008_jpg.rf.9b5befe5fb14cbe620a740f130622bcc.jpg,1954813eb69906bec034e0050eedc885,lick/lick_51,66,0.9998,lick/lick_51;shake/shake_69;stop/stop534;shake/shake_61;walk/walk14
tag,11.v282i.yolov8_train_lick/train/588-5-_mp4-0008_jpg.rf.12f57a063154bcd8444b165fa02ec8f1.jpg,e5ee2b36e5511e5bacd46de469e66e12,lick/lick_71,63,0.9998,lick/lick_71;stop/stop_78
tag,11.v282i.yolov8_train_lick/train/588-5-_mp4-0009_jpg.rf.1e514a2f1c1443918ef32187a9e0a3d3.jpg,eda49ea4e4c62188274f9120ad169ea8,lick/lick_71,72,0.9998,lick/lick_71;stop/stop_78
tag,11.v282i.yolov8_train_lick/train/7-10-_mp4-0000_jpg.rf.e2fb474a0cc436723bd633a0cfbe65ed.jpg,5f133da87aefa2eb2d6b76b4ff223715,lick/lick_127,0,0.9998,lick/lick_127
tag,11.v282i.yolov8_train_lick/train/7-10-_mp4-0003_jpg.rf.d5e9b8755986c8625b7111d68fc16f1c.jpg,8a5f91741290f9178a2d6fcfb85c7249,lick/lick_127,24,0.9998,lick/lick_127
tag,11.v282i.yolov8_train_lick/train/7-10-_mp4-0004_jpg.rf.ba1f1e372d2b45619a5dab6f7906f986.jpg,27badcc5aab1b73ed9f29babc19e733f,lick/lick_127,33,0.9998,lick/lick_127
tag,11.v282i.yolov8_train_lick/train/7-6-_mp4-0007_jpg.rf.af78c0488cdac65843922a9a02d45886.jpg,a3f9e1e694d5cdd44742bc73db822848,lick/lick_116,57,0.9998,lick/lick_116;stop/stop_166
tag,11.v282i.yolov8_train_lick/train/7-6-_mp4-0017_jpg.rf.d6508f73f4fbae1b97585e48f267974c.jpg,386a215747c4c90f47953c27a880c1bf,lick/lick_116,141,0.9998,lick/lick_116;stop/stop_166
tag,11.v282i.yolov8_train_lick/train/The_video_duration_must_be_exa-19-_mp4-0015_jpg.rf.187fbda2dc516dd3d52c43f6e2615d0e.jpg,9e567838abc3d0de6ca560f8870eeb0e,lick/lick_102,123,0.9998,lick/lick_102
tag,11.v282i.yolov8_train_lick/train/lick132ds_mp4-0000_jpg.rf.884cb6d335040ad10ad3cc7542da351e.jpg,c09ed797ba08dae148945ce8e0e4994e,lick/lick_27_hq,0,0.9998,lick/lick_27_hq;lick/lick_14_hq
tag,11.v282i.yolov8_train_lick/train/lick17-12_png.rf.f5f8313efdf2b557924c8ab4d8333a30.jpg,93b97f89569ec93539c73aef3b61a25d,lick/lick_8,171,0.9998,lick/lick_8;lick/lick_10
tag,11.v282i.yolov8_train_lick/train/lick2-5_png.rf.41138f9605e1b120c4398d56ee44c6b7.jpg,2b5724d0dcf6cf1d8f3e213543e29cc5,lick/lick_31_hq,102,0.9998,lick/lick_31_hq;lick/lick_28_hq;lick/lick_3_hq;lick/lick_11;stop/stop_36
tag,11.v282i.yolov8_train_lick/train/lick3-11_png.rf.4ce019d834e5e50147cc5baff5e68e78.jpg,b034b528da484968e55bc187ae5a129a,lick/lick_28_hq,210,0.9998,lick/lick_28_hq;lick/lick_3_hq;lick/lick_31_hq;lick/lick_11
tag,11.v282i.yolov8_train_lick/train/lick522_mp4-0001_jpg.rf.dbfe9605c4456e42c33553e31e622a8d.jpg,d95c5ede532b83ef589543945605d168,lick/lick_14_hq,30,0.9998,lick/lick_14_hq;walk/walk19;lick/lick_25;lick/lick_27_hq;walk/walk26;walk/walk18
tag,11.v282i.yolov8_train_lick/train/lick522_mp4-0006_jpg.rf.16bd930ba43241c0d60ee24115d96c3f.jpg,2de76aa7b06c92e8d008af047f25fb2d,lick/lick_14_hq,180,0.9998,lick/lick_14_hq;walk/walk19;lick/lick_25;walk/walk26;lick/lick_27_hq;walk/walk18
tag,11.v282i.yolov8_train_lick/train/lick55222_mp4-0000_jpg.rf.0c9ba5222247d433bdbd35e52477b609.jpg,d5c96400b6f5a0f8d13f783fb812cba0,lick/lick_25,0,0.9998,lick/lick_25;lick/lick_14_hq;walk/walk19;walk/walk26
tag,11.v282i.yolov8_train_lick/train/lick55222_mp4-0014_jpg.rf.bf145a2505d255c5a53505e09bd1966f.jpg,d1e748178db0923b09305cb80482c8b3,lick/lick_25,420,0.9998,lick/lick_25;lick/lick_14_hq;walk/walk19
tag,11.v282i.yolov8_train_lick/train/lick55222_mp4-0016_jpg.rf.20a50423e4b2155fc7431f05ef252118.jpg,85fc11f1c78366db2388b61fb2e95550,lick/lick_25,480,0.9998,lick/lick_25;lick/lick_14_hq;walk/walk19
tag,11.v282i.yolov8_train_lick/train/lick6-6_png.rf.efc333c49cfba8694312e75d07712b34.jpg,2fc141d8c8aec7fa0fc83d38e0b581ee,lick/lick_31_hq,483,0.9998,lick/lick_31_hq;lick/lick_28_hq;lick/lick_3_hq;lick/lick_11;stop/stop_36
tag,11.v282i.yolov8_train_lick/train/lick7-2_png.rf.bcdf655bb5dd9c912d66daadd13842ec.jpg,24025108d0c06c950869ef4be1790dca,lick/lick_31_hq,486,0.9998,lick/lick_31_hq;lick/lick_28_hq;lick/lick_3_hq;lick/lick_11;stop/stop_36
tag,11.v282i.yolov8_train_lick/train/lick7-4_png.rf.d13547d8ab7c4360023bd620ff73a3ed.jpg,81594d6290410a11b78779eb37e98c4c,lick/lick_27_hq,207,0.9998,lick/lick_27_hq;lick/lick_14_hq
tag,11.v282i.yolov8_train_lick/train/lick8-2_png.rf.51fd9b377d8d54cbbe62ddfaab9bdef4.jpg,e3ea957bb200a2d490bdde2b45b1dcc3,lick/lick_28_hq,27,0.9998,lick/lick_28_hq;lick/lick_3_hq;lick/lick_31_hq;lick/lick_11
tag,11.v282i.yolov8_stop/train/1-13-_mp4-0000_jpg.rf.3013bc8720cad1d4a6c9f5683753eb01.jpg,907595dfb41907225282c44330340764,stop/stop_134,0,0.9998,stop/stop_134
tag,11.v282i.yolov8_stop/train/10_mp4-0000_jpg.rf.8f6cfd3bc1c03dd9d26fa589ba17651e.jpg,14eabacca6267b0742660a8a5d68571a,stop/stop_38,0,0.9998,stop/stop_38;lick/lick_13
tag,11.v282i.yolov8_stop/train/1_mp4-0001_jpg.rf.301bd64e03785ec84e723e7bc25944c4.jpg,7d1d212bef3637c1a6b5478a0493b19c,stop/stop_51,9,0.9998,stop/stop_51
tag,11.v282i.yolov8_stop/train/2_mp4-0002_jpg.rf.31d694c972f103979cf03d64cfbd8075.jpg,511b84a1f8cc46f84509590f17e25d4a,stop/stop_52,18,0.9998,stop/stop_52
tag,11.v282i.yolov8_stop/train/6_mp4-0000_jpg.rf.352ececabba9dc1f1247c790cd86bd13.jpg,75bd1746d0196c695412868cd9c20e09,stop/stop_46,0,0.9998,stop/stop_46
tag,11.v282i.yolov8_stop/train/6_mp4-0000_jpg.rf.96af80258e9ce08fec72142850b66024.jpg,70acb7ab61ace8e2c996e0d0d7a80479,lick/lick_32,0,0.9998,lick/lick_32;lick/lick_108
tag,11.v282i.yolov8_stop/train/7-6-_mp4-0027_jpg.rf.645c6a6577b9d4e879e4862c64877c50.jpg,5ae5bfaeb6ae26683a88401f935a68a0,stop/stop_166,36,0.9998,stop/stop_166;lick/lick_116
tag,11.v282i.yolov8_stop/train/8_mp4-0002_jpg.rf.2fa522c0b9a36a1ab8d10a0c7a234b3d.jpg,bf1ad52239b3505a94113903e6909f17,stop/stop_94,21,0.9998,stop/stop_94
tag,11.v282i.yolov8_stop/train/The_video_duration_must_be_exa-13-_mp4-0001_jpg.rf.435c15f1af8c9337aaa2110ef2c068d8.jpg,53eaa4bad15aae5b56da4197382fc060,stop/stop_152,9,0.9998,stop/stop_152;stop/stop_153
tag,11.v282i.yolov8_train_lick/train/1-2-_mp4-0004_jpg.rf.67717213606ac9ada3cc827412b03ad5.jpg,931e88a578884f23dc66961a9b642707,lick/lick_124,27,0.9997,lick/lick_124
tag,11.v282i.yolov8_train_lick/train/2_mp4-0010_jpg.rf.8520fa33fcb49d6e0f864b0c9909fc36.jpg,b5ae786ea736caedac21e31acb1beb25,lick/lick_60,81,0.9997,lick/lick_60
tag,11.v282i.yolov8_train_lick/train/6_mp4-0008_jpg.rf.f7cb586cc43caaa0bbc18f73a872f0a9.jpg,6aba7099a4bb83922894f602ecb4a60a,lick/lick_32,63,0.9997,lick/lick_32;lick/lick_108
tag,11.v282i.yolov8_train_lick/train/6_mp4-0012_jpg.rf.49a8f6226f6ed3d0fa45abe702e6e536.jpg,19993470272b2fcf4e5a69321eb7a525,lick/lick_32,96,0.9997,lick/lick_32;lick/lick_108
tag,11.v282i.yolov8_train_lick/train/7-6-1-_mp4-0000_jpg.rf.274a50c4962a4ff8860695791bf5dc59.jpg,4b16b7379dd1250646e2f1c2592e8bd1,lick/lick_train_1,114,0.9997,lick/lick_train_1;stop/stop_165
tag,11.v282i.yolov8_train_lick/train/8_mp4-0010_jpg.rf.2e92bb71b81b8e75e16b8bbd004915e1.jpg,b7ba04f5e8e1a6f031cacd2ab7f31c1d,lick/lick_12,81,0.9997,lick/lick_12;stop/stop_26
tag,11.v282i.yolov8_train_lick/train/The_video_duration_must_be_exa-17-_mp4-0012_jpg.rf.4579eaefdb0b34beaca574b91a59f978.jpg,6e8d2edd03e8b8566ed9afc893c14944,lick/lick_111,102,0.9997,lick/lick_111
tag,11.v282i.yolov8_train_lick/train/The_video_duration_must_be_exa-17-_mp4-0013_jpg.rf.8027b48cb54c782906db6af9c872cec0.jpg,eac425739262b709bccf4b7937b1d8b8,lick/lick_111,111,0.9997,lick/lick_111
tag,11.v282i.yolov8_train_lick/train/lick-13_png.rf.280c9f0304e313cec48affbd21e6ad42.jpg,bb2483eba82340d661b6f53eb1bb0df2,lick/lick_2_hq,153,0.9997,lick/lick_2_hq
tag,11.v282i.yolov8_train_lick/train/lick-17_png.rf.28d4982f6106d367ad6915858a725305.jpg,5b9ec44f8feb0efdc76a03d779905e0b,lick/lick_2_hq,204,0.9997,lick/lick_2_hq
tag,11.v282i.yolov8_train_lick/train/lick132ds_mp4-0011_jpg.rf.05c1fd3fecf5ebba497c040db63a9f93.jpg,22a78cc22e872e417f225dff5ed89048,lick/lick_27_hq,330,0.9997,lick/lick_27_hq;lick/lick_14_hq
tag,11.v282i.yolov8_train_lick/train/lick3-2_png.rf.39c895f374c29b968622fe351c9d3272.jpg,4bcf1e0e8f6ddd3e542d2f0c06c60bcd,lick/lick_10,18,0.9997,lick/lick_10;lick/lick_8
tag,11.v282i.yolov8_train_lick/train/lick55222_mp4-0001_jpg.rf.50bb03a8eb9abf73d591cac4638526f6.jpg,077ca1d7d6409c7d5af003556a87cf8f,lick/lick_25,30,0.9997,lick/lick_25;lick/lick_14_hq;walk/walk19;walk/walk26
tag,11.v282i.yolov8_train_lick/train/lick55222_mp4-0004_jpg.rf.7996014c96ddf1bb58506d53293dfb66.jpg,b9faa6beba9ebfa0b5bfa654ca17f52e,lick/lick_25,120,0.9997,lick/lick_25;lick/lick_14_hq;walk/walk19
tag,11.v282i.yolov8_train_lick/train/lick55222_mp4-0005_jpg.rf.d184de52cf173a9cdbfed5c3ddbab747.jpg,2ce7026f852cd3b7c8b6acc1214bfdb3,lick/lick_25,150,0.9997,lick/lick_25;lick/lick_14_hq;walk/walk19;walk/walk26
tag,11.v282i.yolov8_train_lick/train/lick55222_mp4-0009_jpg.rf.ac570f1dd07333f48573cd543616335e.jpg,9ad8e33473d7981c8ce75127db536f1b,lick/lick_25,267,0.9997,lick/lick_25;lick/lick_14_hq;walk/walk19;walk/walk26
tag,11.v282i.yolov8_train_lick/train/lick55222_mp4-0015_jpg.rf.3d1ec28fd1d98f33bfdd2877a56eeca0.jpg,87ae09dc2596b069379226696fd7d783,lick/lick_25,450,0.9997,lick/lick_25;lick/lick_14_hq;walk/walk19
tag,11.v282i.yolov8_train_lick/train/lick7-1_png.rf.ff95d7a0f4fdb4544036ea67cb45e7b3.jpg,0b073a5538e070e09193e381a69b6435,lick/lick_27_hq,33,0.9997,lick/lick_27_hq;lick/lick_14_hq
tag,11.v282i.yolov8_train_scratch/train/c_c_e_d_c_c_b_a_e_d_mp__mp4-0009_jpg.rf.e188023d66d9f2a5f0d7d2d93070f3bb.jpg,a67ae9d077f3edfe2ef6011c953daa41,scratch/scratch_10,72,0.9997,scratch/scratch_10
tag,11.v282i.yolov8_train_scratch/train/scratch578_mp4-0004_jpg.rf.a51fc8a6dc01a76236e6d36e4ac62b10.jpg,6b49126868bbfa466aa1f922e22b593a,scratch/scratch_25,51,0.9997,scratch/scratch_25
tag,11.v282i.yolov8_train_scratch/train/scratch578_mp4-0007_jpg.rf.f6b70a9f7a243f60317fc5f9ad494f7a.jpg,fc8e354312d3c97345ec9d80e851ab14,scratch/scratch_25,75,0.9997,scratch/scratch_25
tag,11.v282i.yolov8_stop/train/c_c_e_d_c_c_b_a_e_d_mp__mp4-0000_jpg.rf.ab23107b28305192d47c1ebaa9e585e9.jpg,ce0d1a34438648c0a360350c4357aa13,scratch/scratch_10,0,0.9997,scratch/scratch_10
tag,11.v282i.yolov8_stop/train/lick40_mp4-0000_jpg.rf.0b41c3dd6604e4cba9d64fbb74ada24a.jpg,b3a9fca9b5e4dbc9ddb0f13671b11964,stop/stop_87,0,0.9997,stop/stop_87
tag,11.v282i.yolov8_train_lick/train/4_mp4-0024_jpg.rf.632925bc227b116b4028827f6b959466.jpg,901a7cd4d8d565c27da9d9aef8d26080,lick/lick_44,213,0.9996,lick/lick_44;stop/stop_29;shake/shake_69
tag,11.v282i.yolov8_train_lick/train/8_mp4-0009_jpg.rf.d27cb180e0bc590e0a34d578ec7c922e.jpg,204a2d1b2845b26d30ec939ea52a78d2,lick/lick_12,75,0.9996,lick/lick_12;stop/stop_26
tag,11.v282i.yolov8_train_lick/train/9_mp4-0013_jpg.rf.3e1101916d9a42747aafbca8e1ee88e2.jpg,803bb52f9fb9f9881372ecf458b81b96,lick/lick_train_2,111,0.9996,lick/lick_train_2;scratch/scratch_5;stop/stop_49
tag,11.v282i.yolov8_train_lick/train/lick-21_png.rf.2f343827b47516bff49dc208e86821b9.jpg,b8f493daaa1dc10f40f6a108f0f8225b,lick/lick_2_hq,258,0.9996,lick/lick_2_hq
tag,11.v282i.yolov8_train_lick/train/lick11-2_png.rf.fb272528814bc968ad9cc1fbd15fdb43.jpg,ce517967a0191c228c85fefa1b2219c6,lick/lick_27_hq,78,0.9996,lick/lick_27_hq;lick/lick_14_hq
tag,11.v282i.yolov8_train_lick/train/lick18-6_png.rf.8a690667635084db483ed10de40e44d6.jpg,aa8b68a1da48699089ebbc7690a3f3d3,lick/lick_10,78,0.9996,lick/lick_10
tag,11.v282i.yolov8_train_lick/train/lick522_mp4-0003_jpg.rf.a31f6ce48cdad5621e263e5fd9e039ea.jpg,09dc5fcfda4a6dc5efd25d3fa2f07d67,lick/lick_14_hq,90,0.9996,lick/lick_14_hq;walk/walk19;lick/lick_25;walk/walk26;walk/walk18;lick/lick_27_hq
tag,11.v282i.yolov8_train_lick/train/lick522_mp4-0005_jpg.rf.2b58a4abbc9e45305c0ae8d4b4d1f606.jpg,4172db5ff7715e61b0f6f3b601e4f35e,lick/lick_14_hq,150,0.9996,lick/lick_14_hq;walk/walk19;lick/lick_25;walk/walk26;walk/walk18;lick/lick_27_hq
tag,11.v282i.yolov8_train_lick/train/lick55222_mp4-0010_jpg.rf.56d3a4cc3931705c9c2f980c9f3be246.jpg,52acf18a789df8cda65953d85c5e7465,lick/lick_25,300,0.9996,lick/lick_25;lick/lick_14_hq;walk/walk19;walk/walk26
tag,11.v282i.yolov8_train_lick/train/screen_58_mp4-0010_jpg.rf.8589ca338204a053681e3df68b6992a4.jpg,504b40e2c2ffdb098f05dd66d5a04610,lick/lick_4_hq,240,0.9996,lick/lick_4_hq
tag,11.v282i.yolov8_train_lick/train/screen_58_mp4-0015_jpg.rf.cdda561ca60f44d20c59688f2b441bb2.jpg,ffb28fe423a6f09b25cbf0030dfdf0b7,lick/lick_4_hq,360,0.9996,lick/lick_4_hq
tag,11.v282i.yolov8_train_scratch/train/24-2-_mp4-0005_jpg.rf.b9a23413efb7243bc8a0577adf3ce803.jpg,77650f5c4906ad83986d7729c4c4d158,scratch/scratch_5,42,0.9996,scratch/scratch_5;lick/lick_train_2;stop/stop_49
tag,11.v282i.yolov8_train_scratch/train/24-2-_mp4-0006_jpg.rf.b305ccab0872b289a3a43497ce691c4b.jpg,d27c3f1953cbc722d470b5920dec8efb,scratch/scratch_5,51,0.9996,scratch/scratch_5;lick/lick_train_2;stop/stop_49
tag,11.v282i.yolov8_train_scratch/train/24-2-_mp4-0007_jpg.rf.4b476c69a26feae5584266af2eb5e210.jpg,b6eb24f84c70bc3f65b46f2f56c1a9de,scratch/scratch_5,60,0.9996,scratch/scratch_5;lick/lick_train_2;stop/stop_49
tag,11.v282i.yolov8_train_scratch/train/24-2-_mp4-0012_jpg.rf.5e9eb4466df3f2ddef4705c535ff31c4.jpg,7904b0e052e57e034edf0b1e0da2aea5,scratch/scratch_5,102,0.9996,scratch/scratch_5;lick/lick_train_2;stop/stop_49
tag,11.v282i.yolov8_train_scratch/train/f_d_d_e_f_ed_mp__mp4-0008_jpg.rf.56d14524687a3b2cf01982358ec8831c.jpg,1f5af1c2dbdc58740845783a6957368d,scratch/scratch_13,63,0.9996,scratch/scratch_13
tag,11.v282i.yolov8_train_scratch/train/f_d_d_e_f_ed_mp__mp4-0009_jpg.rf.51ecdc2008b8d7c6b6800138d30bf01b.jpg,31cabfe7ee352cc614bff9dc0536b824,scratch/scratch_13,72,0.9996,scratch/scratch_13
tag,11.v282i.yolov8_train_scratch/train/f_d_d_e_f_ed_mp__mp4-0011_jpg.rf.44a021fd902227d53ae60ac7e30961fe.jpg,9c6a867a50e333f69c0b723fdb2e7549,scratch/scratch_13,87,0.9996,scratch/scratch_13;stop/stop531
tag,11.v282i.yolov8_train_scratch/train/f_d_d_e_f_ed_mp__mp4-0012_jpg.rf.221409aa44f46a4c066e02d8860da017.jpg,f11bf5ebbba11065a41fa6a8c151d4d7,scratch/scratch_13,96,0.9996,scratch/scratch_13;stop/stop531
tag,11.v282i.yolov8_train_scratch/train/f_d_d_e_f_ed_mp__mp4-0014_jpg.rf.c4c666e2d0892d3b3949af8d4ca66d38.jpg,9df6c2066a745e3ac6fda3bdd14f6f0b,scratch/scratch_13,111,0.9996,scratch/scratch_13;stop/stop531
tag,11.v282i.yolov8_train_scratch/train/f_d_d_e_f_ed_mp__mp4-0020_jpg.rf.8635ce4edb6c3890d6a31f7eac52d053.jpg,37de9cadba636c1a79fdc5ce59711c17,scratch/scratch_13,159,0.9996,scratch/scratch_13;stop/stop531
tag,11.v282i.yolov8_train_scratch/train/f_d_d_e_f_ed_mp__mp4-0023_jpg.rf.57942a6d4d27045e3cac801c9b0da225.jpg,f9b480d3f9a500fb5eb1d37b291be6f2,scratch/scratch_13,183,0.9996,scratch/scratch_13;stop/stop531
tag,11.v282i.yolov8_stop/train/24-2-_mp4-0000_jpg.rf.0d6917ca6cab9ed6b37b9be902617d6f.jpg,9da882b75c6a99a497e033d11e66de55,scratch/scratch_5,0,0.9996,scratch/scratch_5;lick/lick_train_2;stop/stop_49
tag,11.v282i.yolov8_stop/train/5_mp4-0004_jpg.rf.7eb32533af7b5f3979d160d437a5a8c0.jpg,41b15ac5a2e1a1fea1f88acbc66ef1fc,lick/lick_68,33,0.9996,lick/lick_68
tag,11.v282i.yolov8_stop/train/9_mp4-0000_jpg.rf.222c7d9ddf0924d1b657d1495d955730.jpg,9d524c2269fc66f9d24e24e5ee4774cc,lick/lick_train_2,0,0.9996,lick/lick_train_2;stop/stop_49;scratch/scratch_5
tag,11.v282i.yolov8_train_lick/train/10_mp4-0019_jpg.rf.13616b4bd46d4bc85cc29a83d4ad0e82.jpg,978f6b7f09aba7b4e624a9ee18454b80,lick/lick_13,150,0.9995,lick/lick_13;stop/stop_38
tag,11.v282i.yolov8_train_lick/train/11_mp4-0011_jpg.rf.20db1ef2223d1b8739701f13586660db.jpg,4bfc0b57857e1ae0cd4d487342a467f0,lick/lick_51,93,0.9995,lick/lick_51;shake/shake_69;stop/stop534;shake/shake_61;walk/walk14
tag,11.v282i.yolov8_train_lick/train/7-6-_mp4-0002_jpg.rf.5c4c9908fbce3d8d1e39be9d730a8ada.jpg,074f49a19b694d7542c1a30459e65a83,lick/lick_116,18,0.9995,lick/lick_116;stop/stop_166
tag,11.v282i.yolov8_train_lick/train/7-6-_mp4-0010_jpg.rf.0f9fd43a82b2bab8f145b25d97fa68d8.jpg,fdb676edbd4609d40b5ea8c04fbbaeba,lick/lick_116,81,0.9995,lick/lick_116;stop/stop_166
tag,11.v282i.yolov8_train_lick/train/8_mp4-0008_jpg.rf.d162f2a6c9bcec47734bda02e5e73aed.jpg,63d5e4d84e6748b5c5f396aaa1c74a0e,lick/lick_22,72,0.9995,lick/lick_22;stop/stop_48
tag,11.v282i.yolov8_train_lick/train/lick-18_png.rf.e63d107120c17416129d7f1226f3c97e.jpg,6069ed51830dedd2c1ef85a8c0231897,lick/lick_2_hq,213,0.9995,lick/lick_2_hq
tag,11.v282i.yolov8_train_lick/train/lick-2_png.rf.6eabcde9b5c0048f2964a50123b9b2f0.jpg,26287deb896eff5a9d9474a125bb4590,lick/lick_2_hq,15,0.9995,lick/lick_2_hq;lick/lick_7_hq
tag,11.v282i.yolov8_train_lick/train/lick13-2_png.rf.4a638f8d5c141b0d9fc4e89d2a3c7300.jpg,6c6d5e2409c207cb344939fc65648ad4,lick/lick_28_hq,30,0.9995,lick/lick_28_hq;lick/lick_3_hq;lick/lick_31_hq;lick/lick_11
tag,11.v282i.yolov8_train_lick/train/lick132ds_mp4-0007_jpg.rf.bb8f2781ee4622fb71a08b18f21f170a.jpg,b6c8fc0ba1f09a4fda0297b029390eb3,lick/lick_27_hq,210,0.9995,lick/lick_27_hq;lick/lick_14_hq
tag,11.v282i.yolov8_train_lick/train/lick132ds_mp4-0008_jpg.rf.4cadb271963ea88d46b2535152221574.jpg,5e11805a126d00e55db7489ba07fd02b,lick/lick_27_hq,240,0.9995,lick/lick_27_hq;lick/lick_14_hq
tag,11.v282i.yolov8_train_lick/train/lick132ds_mp4-0010_jpg.rf.091eed72382b31916f592e358cb9bbf7.jpg,9e0bf271597c1a37f4d02138fb4baaab,lick/lick_27_hq,300,0.9995,lick/lick_27_hq;lick/lick_14_hq
tag,11.v282i.yolov8_train_lick/train/lick15-4_png.rf.ecad0eb78b49301cbb162e15621a843f.jpg,d0b37f7e70cd8c894b76807f54998820,lick/lick_3_hq,801,0.9995,lick/lick_3_hq;lick/lick_28_hq;lick/lick_31_hq;lick/lick_11;stop/stop_36
tag,11.v282i.yolov8_train_lick/train/lick16-4_png.rf.ad58ba54b894c14c9999a948b3ef4798.jpg,227f1ba79ff5ebf89ec3dad3c9cc31cc,lick/lick_3_hq,468,0.9995,lick/lick_3_hq;lick/lick_28_hq;lick/lick_31_hq;lick/lick_11
tag,11.v282i.yolov8_train_lick/train/lick20-6_png.rf.a647c64eab316915190c1de80d3f2f19.jpg,d462c1bd1d0c4cbe30ef3f493308e640,lick/lick_12,147,0.9995,lick/lick_12;stop/stop_26
tag,11.v282i.yolov8_train_lick/train/lick55222_mp4-0013_jpg.rf.8818a87aec68b3ea27f8ba6108492e71.jpg,d7e5a7df35a5a972dc6253acbbf38698,lick/lick_25,390,0.9995,lick/lick_25;lick/lick_14_hq;walk/walk19;walk/walk26
tag,11.v282i.yolov8_train_lick/train/lick7-5_png.rf.7745af8f898593681410f4ec62caae7b.jpg,f7b5f4ac1c5bbcb73f3f57a745305117,lick/lick_27_hq,270,0.9995,lick/lick_27_hq;lick/lick_14_hq
tag,11.v282i.yolov8_train_scratch/train/f_d_d_e_f_ed_mp__mp4-0027_jpg.rf.72b9daf7369ad95099d115c03c9315a9.jpg,b9892c435dc5266a8abaf90e4ed87045,scratch/scratch_13,216,0.9995,scratch/scratch_13;stop/stop531
tag,11.v282i.yolov8_stop/train/7_mp4-0000_jpg.rf.f095e71f6697dea2afcbc27ce3aa857d.jpg,1ca25e5f7499f5fa2f815f12539ffd23,stop/stop_32,3,0.9995,stop/stop_32
tag,11.v282i.yolov8_stop/train/lick-7_png.rf.90b4e6f28d1d27dc893a671d0c4824e0.jpg,12eb3494728972ee89d99c2c9f97669a,lick/lick_2_hq,66,0.9995,lick/lick_2_hq
tag,11.v282i.yolov8_train_lick/train/10_mp4-0010_jpg.rf.e88aba445f707927a4c3eb12ee7c443a.jpg,f3138734762df11dd892cdcca9cd08dd,lick/lick_13,78,0.9994,lick/lick_13;stop/stop_38
tag,11.v282i.yolov8_train_lick/train/1_mp4-0012_jpg.rf.2ee1aca6fe2053af956831659ad720ed.jpg,bbe40d05afc25fff4d2a2e783539572e,lick/lick_39,99,0.9994,lick/lick_39
tag,11.v282i.yolov8_train_lick/train/lick18-5_png.rf.dc2768adb2225edfee1cffcdb0c8e060.jpg,cfd8fc234dee6c11c201d050ea71195e,lick/lick_10,60,0.9994,lick/lick_10
tag,11.v282i.yolov8_train_lick/train/lick3-7_png.rf.3f24d28976662720c80cebc7313063a3.jpg,4f1116f055562d3bd06c32d2d4a2a397,lick/lick_28_hq,9,0.9994,lick/lick_28_hq;lick/lick_3_hq;lick/lick_31_hq;lick/lick_11
tag,11.v282i.yolov8_train_lick/train/lick5-1_png.rf.de958f40787d3f9c22cc6cf855817628.jpg,5ba62877417babc64b2540aa019df9e4,lick/lick_27_hq,21,0.9994,lick/lick_27_hq
tag,11.v282i.yolov8_train_lick/train/lick522_mp4-0002_jpg.rf.a87b53c25bd8105a43f01a9450df4903.jpg,bbd914db350b50ad8a5b456fae6c8470,lick/lick_14_hq,60,0.9994,lick/lick_14_hq;walk/walk19;lick/lick_25;walk/walk26;lick/lick_27_hq;walk/walk18
tag,11.v282i.yolov8_train_lick/train/lick55222_mp4-0003_jpg.rf.9dd51634f9813a3ab0f3915313ac8f3a.jpg,799e926737b9fe0a5a49270ad0c9f5dc,lick/lick_25,90,0.9994,lick/lick_25;lick/lick_14_hq;walk/walk19;walk/walk26
tag,11.v282i.yolov8_train_scratch/train/scratch578_mp4-0005_jpg.rf.a7577e2e5d617deb72e379781b9a00e5.jpg,2427887d93acb0cfe357afbc5e70dcab,scratch/scratch_25,120,0.9994,scratch/scratch_25
tag,11.v282i.yolov8_train_scratch/train/scratch578_mp4-0006_jpg.rf.7e3253d15229952e18f25a1207ed410d.jpg,d90d45dc105b4c9f59b85ffdbafa4d40,scratch/scratch_25,66,0.9994,scratch/scratch_25
tag,11.v282i.yolov8_stop/train/The_video_duration_must_be_exa-4-_mp4-0000_jpg.rf.75a58b75b1a2b86ce7857a8de3567b85.jpg,09435fb939f300f7f7fc70c3868d4303,stop/stop_161,0,0.9994,stop/stop_161
tag,11.v282i.yolov8_train_lick/train/1_mp4-0008_jpg.rf.be3ff548687c869a9704b4d8b9c3baef.jpg,8b525d37bf59d600948c90798b6e0080,lick/lick_39,66,0.9993,lick/lick_39;stop/stop_57
tag,11.v282i.yolov8_train_lick/train/4_mp4-0009_jpg.rf.f5ad0e85d03e0794439e667c5076082e.jpg,cfa6fde8c7e22d716a84436e45ede5b7,lick/lick_44,78,0.9993,lick/lick_44;stop/stop_29
tag,11.v282i.yolov8_train_lick/train/lick-22_png.rf.768e12ab3e8847620103f7cfec352b2a.jpg,38953180b3f55d059c761265fc75e878,lick/lick_2_hq,273,0.9993,lick/lick_2_hq
tag,11.v282i.yolov8_train_lick/train/lick-24_png.rf.9508b60b9895aa9a754ee062cbe93764.jpg,e5f9c5ac4deee38c2922c7ef246f951a,lick/lick_2_hq,297,0.9993,lick/lick_2_hq
tag,11.v282i.yolov8_train_lick/train/lick132ds_mp4-0009_jpg.rf.91bff5a962c3e5423d70cfb690bbb6fb.jpg,fc9d668a3e8c3a416bc60fa44762cbbd,lick/lick_27_hq,270,0.9993,lick/lick_27_hq;lick/lick_14_hq
tag,11.v282i.yolov8_train_lick/train/lick2-23_png.rf.17d185acad1f336a23418a5a5cb4e458.jpg,57068407fd74bccdcef1bd1a70805f27,lick/lick_7_hq,288,0.9993,lick/lick_7_hq;lick/lick_2_hq
tag,11.v282i.yolov8_train_scratch/train/e_d_be_mp__mp4-0021_jpg.rf.8664f79007b9acef450f9c7c3bca677c.jpg,3952315514e1bd2df75f94186fccc855,scratch/scratch_19,171,0.9993,scratch/scratch_19
tag,11.v282i.yolov8_train_lick/train/10_mp4-0013_jpg.rf.97547bd280514c4148552d58dcf3fc28.jpg,c45d663a3f1614c3fccf7ba5efa10c60,lick/lick_13,102,0.9992,lick/lick_13;stop/stop_38
tag,11.v282i.yolov8_train_lick/train/1_mp4-0011_jpg.rf.d99aad17bb9b2bf645700042243dd029.jpg,f4ef98cf0dc7e14b8d9de58e52e5f278,lick/lick_11,90,0.9992,lick/lick_11;stop/stop_36;lick/lick_28_hq;lick/lick_3_hq;stop/stop_56;lick/lick_31_hq
tag,11.v282i.yolov8_train_lick/train/lick-12_png.rf.22c41d79bcaafafdcbb64816e37b0a37.jpg,2f91d3fe053308364fe4151cfb3a0f52,lick/lick_2_hq,138,0.9992,lick/lick_2_hq
tag,11.v282i.yolov8_train_lick/train/lick-3_png.rf.20f5952684e5a28af838c678ff01f2d9.jpg,6174dd69467babc53a2e7a88cdca4abd,lick/lick_2_hq,27,0.9992,lick/lick_2_hq;lick/lick_7_hq
tag,11.v282i.yolov8_train_lick/train/lick132ds_mp4-0006_jpg.rf.bcf15b59e234086b55ca2cd1237220fb.jpg,6cfa25695fd2c9f63ec5c6e162d6ee69,lick/lick_27_hq,180,0.9992,lick/lick_27_hq;lick/lick_14_hq
tag,11.v282i.yolov8_train_lick/train/lick20-2_png.rf.d7cb382dd57a380292ab7f80c13e4c25.jpg,7effb09878c6d6e2e3a0ee4e84eab221,lick/lick_44,63,0.9992,lick/lick_44;stop/stop_29
tag,11.v282i.yolov8_train_lick/train/lick55222_mp4-0002_jpg.rf.9a6f8aa4547d000fdf43f234510d5c56.jpg,7d0f9561f15aa4f2c46373cb94a85761,lick/lick_25,57,0.9992,lick/lick_25;lick/lick_14_hq;walk/walk19;walk/walk26
tag,11.v282i.yolov8_train_lick/train/lick55222_mp4-0008_jpg.rf.f3774fba3b37920bdeb24f108ef20ddf.jpg,7392f9df9952818a7c67e0bca7a6c07c,lick/lick_25,249,0.9992,lick/lick_25;lick/lick_14_hq;walk/walk19;walk/walk26
tag,11.v282i.yolov8_train_lick/train/lick7-3_png.rf.74a100fb8fa719aa7876c41f2736fdb0.jpg,203a990493c809b46c5359fe7dbc0754,lick/lick_27_hq,72,0.9992,lick/lick_27_hq;lick/lick_14_hq
tag,11.v282i.yolov8_train_scratch/train/c_c_e_d_c_c_b_a_e_d_mp__mp4-0010_jpg.rf.4f92c196d0b55d055d5378146fff1943.jpg,2913c025822faae061b3556b162ceaae,scratch/scratch_10,78,0.9992,scratch/scratch_10
tag,11.v282i.yolov8_train_scratch/train/c_c_e_d_c_c_b_a_e_d_mp__mp4-0024_jpg.rf.b4c2900df61af25522e9e9290464218d.jpg,27d837776df42889b01d034da5ce4157,scratch/scratch_10,192,0.9992,scratch/scratch_10
tag,11.v282i.yolov8_stop/train/1-9-_mp4-0002_jpg.rf.9b16cddf7f7d86b05bd76fe2ca5b4e56.jpg,8ff7a1ecc5fff63f9803029efe847d9d,stop/stop_173,24,0.9992,stop/stop_173
tag,11.v282i.yolov8_stop/train/7_mp4-0000_jpg.rf.ab3eb53148603026996aaa3c96b6e0b4.jpg,85ae74edffbcdee0316bdcd5cc4a904f,stop/stop_47,0,0.9992,stop/stop_47
tag,11.v282i.yolov8_stop/train/lick-8_png.rf.7ee5b0686b921c372978e1e1299baad5.jpg,4cdfebdbddd351525a6a3fc263b71e5f,lick/lick_2_hq,84,0.9992,lick/lick_2_hq
tag,11.v282i.yolov8_train_lick/train/5_mp4-0008_jpg.rf.664db838250d4c21c62c75c09dbc972a.jpg,844d139cc1b5fe096d79866635cfcda6,lick/lick_68,69,0.9991,lick/lick_68;stop/stop_55
tag,11.v282i.yolov8_train_lick/train/6-25-1-_mp4-0000_jpg.rf.a6125014c5df43e1264a648c96bd847e.jpg,3d0b0e6854ef2932a228f929d4bceab1,lick/lick_73,0,0.9991,lick/lick_73
tag,11.v282i.yolov8_train_lick/train/6-25-1-_mp4-0007_jpg.rf.54163fbd378c50f8f9fe47991387b6a2.jpg,1fa4c8b5a969302fd43e95174a62cf15,lick/lick_73,42,0.9991,lick/lick_73
tag,11.v282i.yolov8_train_lick/train/9_mp4-0008_jpg.rf.fc075822d96e719798a3ff5196b4e8e1.jpg,47b44a7cefb0744824f7b65eb4f14cfd,lick/lick_train_2,69,0.9991,lick/lick_train_2;scratch/scratch_5;stop/stop_49
tag,11.v282i.yolov8_train_lick/train/lick5-2_png.rf.a95899a70c5a21f1108571cc0e870ac3.jpg,7aa4d32354d5951d1ea8d0a249c5a2d0,lick/lick_27_hq,24,0.9991,lick/lick_27_hq;lick/lick_14_hq
tag,11.v282i.yolov8_train_lick/train/lick55222_mp4-0012_jpg.rf.a42b46d234b195d0d2cf9b813ce994b6.jpg,d7de1a531e7dc40dead7c9d62a2bdc13,lick/lick_25,360,0.9991,lick/lick_25;lick/lick_14_hq;walk/walk19
tag,11.v282i.yolov8_train_scratch/train/scratch78996255_mp4-0012_jpg.rf.6c799d6fb6c484734c1d8d38e5934f7f.jpg,b6447d8dce99f0e6a1eb87337036d519,scratch/scratch_18,72,0.9991,scratch/scratch_18;stop/stop502
tag,11.v282i.yolov8_train_lick/train/1-7-_mp4-0028_jpg.rf.06303810967c1f2cdd22b4e61944071d.jpg,8f1b09afa9761e1b44a9d433497a993d,lick/lick_126,288,0.9990,lick/lick_126
tag,11.v282i.yolov8_train_lick/train/5_mp4-0009_jpg.rf.1545a2eaf1fb49e2dd558c715d9034db.jpg,1bf9a8962f7fcfc5bdf2f23819dba400,lick/lick_68,75,0.9990,lick/lick_68
tag,11.v282i.yolov8_train_lick/train/7_mp4-0010_jpg.rf.939c70337bd7847a33f451eeef1e0e18.jpg,8743efdebaad7a7d705dcf60443ad46c,lick/lick_1,81,0.9990,lick/lick_1;stop/stop_35
tag,11.v282i.yolov8_train_lick/train/lick-16_png.rf.099b2f1568e53a09f29880f2545a947c.jpg,f6d4c8ccdc7ebcbbf6f126dab75f75bd,lick/lick_2_hq,192,0.9990,lick/lick_2_hq
tag,11.v282i.yolov8_train_lick/train/lick-23_png.rf.9b029907fec18f3e6475cbaea41da049.jpg,506332e227fa9b3fbcc350667e4d8987,lick/lick_2_hq,288,0.9990,lick/lick_2_hq
tag,11.v282i.yolov8_train_lick/train/lick5-4_png.rf.e6bc6e92de4c2826d5a44c63b2f5e6b2.jpg,f901486356c4827c616f84faafd73035,lick/lick_27_hq,291,0.9990,lick/lick_27_hq;lick/lick_14_hq
tag,11.v282i.yolov8_train_lick/train/lick55222_mp4-0011_jpg.rf.da9f1bbb89c5148a3517f1a46597cad1.jpg,9039f36fbb6c2c1998d4b49ef264e61f,lick/lick_25,330,0.9990,lick/lick_25;lick/lick_14_hq;walk/walk19
tag,11.v282i.yolov8_train_scratch/train/1-23-_mp4-0000_jpg.rf.235cff06d66a861e951bad6df3120624.jpg,0e140a86a8218c121cb7ef9b00366ef3,scratch/scratch_53,0,0.9990,scratch/scratch_53;stop/stop_107
tag,11.v282i.yolov8_train_scratch/train/c_c_e_d_c_c_b_a_e_d_mp__mp4-0007_jpg.rf.d737f61f0769981a77aae5904e6e5622.jpg,69e1e6eb5191572fee901e6d08ba67f0,scratch/scratch_10,54,0.9990,scratch/scratch_10
tag,11.v282i.yolov8_train_scratch/train/scratch2-6_png.rf.efdb0b1687b91dc54b73dc91419ab3fe.jpg,255d6922cac91ab5e9bc90d1d4614fe9,scratch/scratch_25,135,0.9990,scratch/scratch_25
tag,11.v282i.yolov8_train_scratch/train/scratch78996255_mp4-0010_jpg.rf.de2c626635beabd74000f1d558e2b9b6.jpg,fa6f3ae0710fb4ec6b62f52eacb5ce45,scratch/scratch_18,60,0.9990,scratch/scratch_18;stop/stop502
tag,11.v282i.yolov8_stop/train/lick-19_png.rf.910823e4d4e8d2c7fbbd8865f2164f7e.jpg,1345c995b60bf23f3f560b60c2843e27,lick/lick_2_hq,234,0.9990,lick/lick_2_hq
tag,11.v282i.yolov8_train_lick/train/6_mp4-0010_jpg.rf.e367d60bc9e161a2be1b4a7e9124293a.jpg,19d8f3a8eacc0c1e897ce87cdbc12392,lick/lick_32,78,0.9989,lick/lick_32;lick/lick_108
tag,11.v282i.yolov8_train_lick/train/7_mp4-0011_jpg.rf.b79b5e4f254c8b4aad19ebde794010e1.jpg,9be87a0a08dd2224c8681a5d3701a577,lick/lick_1,90,0.9989,lick/lick_1;stop/stop_35
tag,11.v282i.yolov8_train_lick/train/8_mp4-0016_jpg.rf.881cc236d7fc093628c51723112a8be9.jpg,1c95b9777c81be26b96fd2ddb1d8f12f,lick/lick_12,132,0.9989,lick/lick_12;stop/stop_26
tag,11.v282i.yolov8_train_lick/train/lick5-9_png.rf.973b47b144e25d1d9fb37a53aa4c1b78.jpg,b1f41947a7a809cea47aae2c29d4df89,lick/lick_28_hq,6,0.9989,lick/lick_28_hq;lick/lick_3_hq;lick/lick_31_hq;lick/lick_11
tag,11.v282i.yolov8_train_lick/train/lick55222_mp4-0006_jpg.rf.f6746f6a0f358c7bf86207685d5dbe4c.jpg,54ba9d382e1f223f417cf3098828c91b,lick/lick_25,180,0.9989,lick/lick_25;lick/lick_14_hq;walk/walk19;walk/walk26
tag,11.v282i.yolov8_stop/train/1-3-_mp4-0001_jpg.rf.95f7ee49f0b2d77ab2414af7c25d8ea3.jpg,8823600d00cb5b0b2acc197408361519,scratch/scratch_65,9,0.9989,scratch/scratch_65;stop/stop_123
tag,11.v282i.yolov8_stop/train/1_mp4-0000_jpg.rf.73f28b4aa54c78945226c230da5ba55b.jpg,6c51b455090c086adc7e7def6e807553,stop/stop_109,0,0.9989,stop/stop_109
tag,11.v282i.yolov8_stop/train/8_mp4-0002_jpg.rf.3ec47f4d7787aa4e5a5be767b2f52f73.jpg,2a6fbde7c5d1fc147ea7c728787308c4,stop/stop_48,21,0.9989,stop/stop_48;lick/lick_22
tag,11.v282i.yolov8_train_lick/train/10_mp4-0018_jpg.rf.29a3e18733034224727f9453465637dc.jpg,f12f6cc7a49617d869f98b2ca8df942c,lick/lick_13,144,0.9988,lick/lick_13;stop/stop_38
tag,11.v282i.yolov8_train_lick/train/6-25-1-_mp4-0005_jpg.rf.a7a9190e482f52debbf477766763d3a5.jpg,83055c2d676e5ef8770e9082e49ad717,lick/lick_73,33,0.9988,lick/lick_73
tag,11.v282i.yolov8_train_lick/train/The_video_duration_must_be_exa-19-_mp4-0009_jpg.rf.dfb3fb37eb3794c3066037038aadd17a.jpg,2a889e0d2f60988e65373a21ef3a50d4,lick/lick_102,75,0.9988,lick/lick_102
tag,11.v282i.yolov8_train_lick/train/lick-9_png.rf.204df9a6a087f76f070438a8b06546c1.jpg,64ab7fa579dae3b544fc3c5d461c5278,lick/lick_2_hq,99,0.9988,lick/lick_2_hq
tag,11.v282i.yolov8_train_scratch/train/scratch578_mp4-0015_jpg.rf.5a4bc80aad1f76b6d8ad296916a984ae.jpg,e2672b6a6eb592cdc4b86de6c703ae51,scratch/scratch_25,138,0.9988,scratch/scratch_25
tag,11.v282i.yolov8_train_scratch/train/scratch78996255_mp4-0005_jpg.rf.a4a150387735fce34bd80ad46321b8a7.jpg,e1f89f13f5542e50c0c15c4f2af40bd1,scratch/scratch_18,30,0.9988,scratch/scratch_18;stop/stop502
tag,11.v282i.yolov8_stop/train/7_mp4-0000_jpg.rf.5f1297fcfd7bb69c76aca0d41adfa9a0.jpg,7a5829f800969de68b82edc685f79d9e,stop/stop_35,0,0.9988,stop/stop_35;lick/lick_1
tag,11.v282i.yolov8_train_lick/train/8_mp4-0011_jpg.rf.f79c39df5ee26115ec34d05b4cc26cc1.jpg,eba1e83a3bd6e9d6fc03cd6e8f484e77,lick/lick_22,96,0.9987,lick/lick_22;stop/stop_48
tag,11.v282i.yolov8_train_lick/train/8_mp4-0017_jpg.rf.7c7ccf2ec8e71b88d73d60c9410166cb.jpg,064ff61b000f4b2acf8abeafbf314f45,lick/lick_12,141,0.9987,lick/lick_12;stop/stop_26
tag,11.v282i.yolov8_train_lick/train/9_mp4-0009_jpg.rf.995c7e39be109438364322f79d4f2cd2.jpg,732f15a51f18e62c16864065bc368ce2,lick/lick_train_2,78,0.9987,lick/lick_train_2;scratch/scratch_5;stop/stop_49
tag,11.v282i.yolov8_train_lick/train/lick132ds_mp4-0005_jpg.rf.d19873c2d8d199199a23bcc9ed00dde0.jpg,e76d1d7bf3ee9cf78851febaef71c10b,lick/lick_27_hq,150,0.9987,lick/lick_27_hq;lick/lick_14_hq
tag,11.v282i.yolov8_train_lick/train/lick2-6_png.rf.3cd0a2efc67d32fc1b31650f8292bc24.jpg,6c3ada24cecc772c1989096b788d4620,lick/lick_31_hq,129,0.9987,lick/lick_31_hq;lick/lick_28_hq;lick/lick_3_hq;lick/lick_11
tag,11.v282i.yolov8_train_scratch/train/c_c_e_d_c_c_b_a_e_d_mp__mp4-0006_jpg.rf.8dfdd2d1068901ae9f04dda5865a9de7.jpg,30429c0b2336fd82abdcc2b9cf60d36e,scratch/scratch_10,48,0.9987,scratch/scratch_10
tag,11.v282i.yolov8_train_scratch/train/f_d_d_e_f_ed_mp__mp4-0013_jpg.rf.936bb56dcd18493ca8426c29d85d57d8.jpg,11e274aad54d2b392b49e0ea90e711d5,scratch/scratch_13,99,0.9987,scratch/scratch_13;stop/stop531
tag,11.v282i.yolov8_train_scratch/train/scratch578_mp4-0002_jpg.rf.fa8d91808e7a93b1509341741e1c7fd3.jpg,d24b5f2f9bea9f76628e3e77e3192802,scratch/scratch_25,45,0.9987,scratch/scratch_25
tag,11.v282i.yolov8_stop/train/9_mp4-0001_jpg.rf.77179a210744af71b4d165b0c4900c76.jpg,9de18bdc0ae1f429669d34224f38b3ee,stop/stop_47,0,0.9987,stop/stop_47
tag,11.v282i.yolov8_train_lick/train/1-3-_mp4-0000_jpg.rf.097b69d34b9daf593ec46c895741f8d0.jpg,a6c794a4f9fb7b67ee53271c7b2bf2f5,scratch/scratch_53,0,0.9986,scratch/scratch_53;stop/stop_107
tag,11.v282i.yolov8_train_lick/train/1-6-_mp4-0000_jpg.rf.73387302885a00f843f6f71f0b47cb5b.jpg,e73eb38a4bcd2e6937ef1df8f536fa76,lick/lick_125,0,0.9986,lick/lick_125
tag,11.v282i.yolov8_train_lick/train/1-6-_mp4-0002_jpg.rf.8bc68685e5be25822370eba17657a5b9.jpg,dba178a1d6a22919503d5bd7e14179dd,lick/lick_125,21,0.9986,lick/lick_125
tag,11.v282i.yolov8_train_lick/train/6_mp4-0009_jpg.rf.541498c2bbddd6e326cf29541742fca4.jpg,43f9ed936e92d21b582c9c9e1eb56ee9,lick/lick_32,72,0.9986,lick/lick_32;lick/lick_108
tag,11.v282i.yolov8_train_lick/train/6_mp4-0023_jpg.rf.b8d817e38600410755a0fa37390dc456.jpg,a9013218c5e19b8f1a281bdca537b8b4,lick/lick_32,183,0.9986,lick/lick_32;lick/lick_108
tag,11.v282i.yolov8_train_lick/train/lick-28_png.rf.2278ffd2bab60d254c1d97f2f3d7da77.jpg,ecf1d6c8dfe4e2d73d20c5d2d3d2616e,lick/lick_2_hq,345,0.9986,lick/lick_2_hq
tag,11.v282i.yolov8_train_lick/train/lick132ds_mp4-0001_jpg.rf.15af3ed2678a7d616a8b3b4b46adebc9.jpg,793ebb5f8fe4f3ee060c4525b4bec4b6,lick/lick_27_hq,30,0.9986,lick/lick_27_hq;lick/lick_14_hq
tag,11.v282i.yolov8_train_lick/train/lick132ds_mp4-0003_jpg.rf.7c1f344a739ea21de1f35fd6215a9ae2.jpg,3b5ad288f65884c545c7cbd5c6a8f352,lick/lick_27_hq,90,0.9986,lick/lick_27_hq;lick/lick_14_hq
tag,11.v282i.yolov8_train_lick/train/lick3-6_png.rf.4ac27712cc257dd2d6c515d46975c292.jpg,0dd423d7b9050383f3c5e84b2db646ec,lick/lick_28_hq,0,0.9986,lick/lick_28_hq;lick/lick_3_hq;lick/lick_31_hq
tag,11.v282i.yolov8_train_lick/train/lick522_mp4-0004_jpg.rf.e039a832bbb4f74f24f9e8d1a999c6a1.jpg,55f15146e830a5365f837eef3a124674,lick/lick_14_hq,120,0.9986,lick/lick_14_hq;walk/walk19;lick/lick_25;walk/walk26;walk/walk18;lick/lick_27_hq
tag,11.v282i.yolov8_train_lick/train/lick55222_mp4-0007_jpg.rf.87d799812a7b0ba4ca4e40bf44daa14a.jpg,eaa0d861dd462668ceb1a3e36bc73678,lick/lick_25,210,0.9986,lick/lick_25;lick/lick_14_hq;walk/walk19;walk/walk26
tag,11.v282i.yolov8_train_scratch/train/c_c_e_d_c_c_b_a_e_d_mp__mp4-0013_jpg.rf.bb0dfc5dcf43565e9bba113c39d981c7.jpg,ab5e9a57f16b8c4479f02caafa1e5bb1,scratch/scratch_10,102,0.9986,scratch/scratch_10
tag,11.v282i.yolov8_train_scratch/train/e_d_be_mp__mp4-0018_jpg.rf.592c74c8ec13c9719d3f7f6dfd4416a6.jpg,2ec437f1415b98eda6d84e99d6b5a138,scratch/scratch_19,147,0.9986,scratch/scratch_19
tag,11.v282i.yolov8_train_lick/train/1-6-_mp4-0012_jpg.rf.d1e8434c229154e91eaf0cfbb9e2b4f4.jpg,7b4a9056cdd7a8aa3666925156d7ce46,lick/lick_125,117,0.9985,lick/lick_125
tag,11.v282i.yolov8_train_lick/train/1_mp4-0013_jpg.rf.2f1353007ac049c64acd9225c98c393f.jpg,8f6b987e34bd75bc06fd06637a43aa44,lick/lick_39,108,0.9985,lick/lick_39
tag,11.v282i.yolov8_train_lick/train/7-6-_mp4-0001_jpg.rf.71575c67df72da30afc3455b8b127e7f.jpg,7c3cb824e3aa93a44e0a98bea9444e8b,lick/lick_116,6,0.9985,lick/lick_116;stop/stop_166
tag,11.v282i.yolov8_train_lick/train/8_mp4-0009_jpg.rf.7c3e3c4d727a1e1e610dd0f66392cbde.jpg,039be7bc38d55ba0572d87359951d86d,lick/lick_22,78,0.9985,lick/lick_22;stop/stop_48
tag,11.v282i.yolov8_train_lick/train/9_mp4-0007_jpg.rf.b53b4d382534689b1be6576431047bf6.jpg,7a859c0e63df60b24894d8cdbefc6278,lick/lick_train_2,60,0.9985,lick/lick_train_2;scratch/scratch_5;stop/stop_49
tag,11.v282i.yolov8_train_lick/train/lick13-5_png.rf.589da83181b9408a1890e4f2d2e643d7.jpg,df09403231175adc28d100ba319ad199,lick/lick_28_hq,24,0.9985,lick/lick_28_hq;lick/lick_3_hq;lick/lick_31_hq;lick/lick_11
tag,11.v282i.yolov8_train_lick/train/lick3-12_png.rf.94277d7369f80fc61f9ec8629228bdcd.jpg,7ed3ec89e3e239f8d9773a603f307bba,lick/lick_28_hq,234,0.9985,lick/lick_28_hq;lick/lick_31_hq;lick/lick_3_hq
tag,11.v282i.yolov8_train_lick/train/lick3-29_png.rf.6fe62384725333cf75ba21de3fe18e2c.jpg,4e500a9264548ee80f3346569f185cd4,lick/lick_28_hq,576,0.9985,lick/lick_28_hq;lick/lick_31_hq;lick/lick_3_hq
tag,11.v282i.yolov8_train_lick/train/lick5-11_png.rf.b961a61d47478e39eb985a6f568a94b7.jpg,46d82bc4b88f7d5b7d3eaea7146de6f3,lick/lick_28_hq,141,0.9985,lick/lick_28_hq;lick/lick_3_hq;lick/lick_31_hq
tag,11.v282i.yolov8_train_lick/train/lick544872_mp4-0003_jpg.rf.a3755593f964e52745e8ab73fde6ed98.jpg,74fadaf9b334e8b486909ff4bb75356f,lick/lick_5_hq,72,0.9985,lick/lick_5_hq
tag,11.v282i.yolov8_train_scratch/train/f_d_d_e_f_ed_mp__mp4-0021_jpg.rf.dc1a57118b234db64b5d22a4544a637f.jpg,bddbaaf4d9a17d5ada7e3ae99f7e2b0d,scratch/scratch_13,162,0.9985,scratch/scratch_13;stop/stop531
tag,11.v282i.yolov8_stop/train/4_mp4-0003_jpg.rf.bdbac1994693dda3c2b45c6e91a673d1.jpg,691d0b438feb97447b5ddecd0814b8b1,stop/stop_42,30,0.9985,stop/stop_42
tag,11.v282i.yolov8_train_lick/train/8_mp4-0010_jpg.rf.0de3cee30c6b722e4e9a2ce2b70b2cd9.jpg,5328b8bf6a9896287d59bd0094e9c497,lick/lick_22,87,0.9984,lick/lick_22;stop/stop_48
tag,11.v282i.yolov8_train_lick/train/The_video_duration_must_be_exa-14-_mp4-0012_jpg.rf.d28ac5e0acb52f2a7fea94cb562116b5.jpg,6807b1edcbc2ea03be374f031748ff8f,lick/lick_100,99,0.9984,lick/lick_100;stop/stop_147;stop/stop_148
tag,11.v282i.yolov8_train_lick/train/lick132ds_mp4-0004_jpg.rf.cbf45420daf7c003437edca33dce5e5c.jpg,859c1a5c049d9e15a42d873138a355ab,lick/lick_27_hq,117,0.9984,lick/lick_27_hq;lick/lick_14_hq
tag,11.v282i.yolov8_train_lick/train/lick15-3_png.rf.78a50d4d33beb46730dc1139a4e71dcc.jpg,9e9c72f996c223a8b8044c6faedeb705,lick/lick_3_hq,531,0.9984,lick/lick_3_hq;lick/lick_28_hq;lick/lick_31_hq;lick/lick_11
tag,11.v282i.yolov8_train_lick/train/lick16-5_png.rf.744ad2c07cf3c55f7e5697185edaf013.jpg,69a3491e756be0b1dba4ba83a111b3a5,lick/lick_3_hq,819,0.9984,lick/lick_3_hq;lick/lick_28_hq;lick/lick_31_hq
tag,11.v282i.yolov8_train_lick/train/lick16-6_png.rf.34b2dc8fa6f2d89ae7bab674c7c30b05.jpg,ded3fc730dfadde379b02e66d91ba587,lick/lick_3_hq,891,0.9984,lick/lick_3_hq;lick/lick_28_hq;lick/lick_31_hq
tag,11.v282i.yolov8_train_scratch/train/scratch-3_png.rf.70a609ff4f807408cd0e7952e6bb048d.jpg,91ccec1b127de1d917f2ad93a41fb40d,scratch/scratch_25,36,0.9984,scratch/scratch_25
tag,11.v282i.yolov8_train_scratch/train/scratch578_mp4-0003_jpg.rf.abbfeb3a60d0e5447b3bc546c7e79989.jpg,acdd6c55d87976fe7edc6c25fb5fb445,scratch/scratch_25,45,0.9984,scratch/scratch_25
tag,11.v282i.yolov8_train_lick/train/6-25-1-_mp4-0004_jpg.rf.5a66adedd383da1bc013cf2f9920520e.jpg,73e32146e1ceae56906440968a1f4cd4,lick/lick_73,24,0.9983,lick/lick_73
tag,11.v282i.yolov8_train_scratch/train/24-2-_mp4-0010_jpg.rf.9803e365787f1b0ea10965b8f0070db8.jpg,463c06b8bab47f0e662f4946a470a9d3,scratch/scratch_5,90,0.9983,scratch/scratch_5;lick/lick_train_2;stop/stop_49
tag,11.v282i.yolov8_stop/train/4_mp4-0001_jpg.rf.7a1ac1ecb7f5c2f16e81dad7785f4a30.jpg,507cc60b3fb4353bb963051b5417e926,stop/stop_42,9,0.9983,stop/stop_42
tag,11.v282i.yolov8_train_lick/train/7-10-_mp4-0009_jpg.rf.ec32da0ac6ed7bf9a1517619ade033c8.jpg,086445c22e46545d7d7979bd21d4d386,lick/lick_127,72,0.9982,lick/lick_127
tag,11.v282i.yolov8_train_lick/train/8_mp4-0007_jpg.rf.c8ba6973b0e7e8ea0ab90093241748d4.jpg,1e6f5a517cb029cbb39427a1813c59a6,lick/lick_22,63,0.9982,lick/lick_22;stop/stop_48
tag,11.v282i.yolov8_train_lick/train/The_video_duration_must_be_exa-14-_mp4-0015_jpg.rf.0308a6f56d8b871712357bfb6d597bb6.jpg,70bca792c365a5550c8a9bd1517dd986,lick/lick_100,123,0.9982,lick/lick_100;stop/stop_147;stop/stop_148
tag,11.v282i.yolov8_train_lick/train/lick-15_png.rf.3767addb5dffcab95461ad5f09b17391.jpg,910556923fc2339f17a4a09b17f2fe27,lick/lick_2_hq,180,0.9982,lick/lick_2_hq
tag,11.v282i.yolov8_train_lick/train/lick-30_png.rf.a4ed13d225446be308adb91130313949.jpg,c99ce0e53fd06c40809d82d195caf3ed,lick/lick_2_hq,360,0.9982,lick/lick_2_hq
tag,11.v282i.yolov8_train_lick/train/lick16-1_png.rf.24f209a581af247d31fb2b047a3f9724.jpg,2f327b9d21f9ed5d23414a5de829b70e,lick/lick_3_hq,441,0.9982,lick/lick_3_hq;lick/lick_28_hq;lick/lick_31_hq
tag,11.v282i.yolov8_train_scratch/train/f_d_d_e_f_ed_mp__mp4-0018_jpg.rf.2ec38d3da45945355f988ac5d7513800.jpg,f52f2fa9e5f4cea2f10310ab0487a658,scratch/scratch_13,153,0.9982,scratch/scratch_13;stop/stop531
tag,11.v282i.yolov8_train_scratch/train/scratch578_mp4-0016_jpg.rf.85a7a6a52feed8385db28ff7462c3f50.jpg,e7927adc29492450adb739b8761e2011,scratch/scratch_25,147,0.9982,scratch/scratch_25
tag,11.v282i.yolov8_train_lick/train/1_mp4-0014_jpg.rf.d4f3745385f9ffc3fcb59a7c8871d53d.jpg,5275fdb4d583e11b5b626367992fcba8,lick/lick_39,114,0.9981,lick/lick_39
tag,11.v282i.yolov8_train_lick/train/lick132ds_mp4-0002_jpg.rf.6fd7dabee2bffde223bc52705efe1f77.jpg,f94152a28ee17088ea792c3e6c385ced,lick/lick_27_hq,60,0.9981,lick/lick_27_hq;lick/lick_14_hq
tag,11.v282i.yolov8_train_lick/train/lick16-3_png.rf.629d1b7ddcf8e51f784f0cd9338bad59.jpg,044514f213a512995378a9a97acb08c2,lick/lick_3_hq,549,0.9981,lick/lick_3_hq;lick/lick_28_hq;lick/lick_31_hq;lick/lick_11
tag,11.v282i.yolov8_train_lick/train/lick3-9_png.rf.d75f0c4129ffce9fe27a2209fc049916.jpg,667728349b6c1bbb37add68832d171ee,lick/lick_28_hq,69,0.9981,lick/lick_28_hq;lick/lick_3_hq;lick/lick_31_hq
tag,11.v282i.yolov8_train_scratch/train/24-2-_mp4-0009_jpg.rf.34b6017b122d84bb253e31904514d454.jpg,0924c2340fe4c8381b8bb5388b06faa4,scratch/scratch_5,72,0.9981,scratch/scratch_5;lick/lick_train_2;stop/stop_49
tag,11.v282i.yolov8_stop/train/1_mp4-0003_jpg.rf.889c0de41e480974702e17ef8d19dd1a.jpg,33872dad35843368e9fb020dada850a4,stop/stop_36,30,0.9981,stop/stop_36;lick/lick_11;lick/lick_31_hq;lick/lick_28_hq;lick/lick_3_hq
tag,11.v282i.yolov8_stop/train/The_video_duration_must_be_exa-3-_mp4-0000_jpg.rf.4cf9bac43264da3024fb1080150c70e5.jpg,08cb076edbc0b09d3b386aeeb2a4f1bb,stop/stop_119,0,0.9981,stop/stop_119
tag,11.v282i.yolov8_train_lick/train/10_mp4-0021_jpg.rf.41cd5e393585cfcb24df711fefe6a3cc.jpg,53dd4ebf522bcdcabc2b569b0564d45e,lick/lick_13,180,0.9980,lick/lick_13;stop/stop_38
tag,11.v282i.yolov8_train_lick/train/The_video_duration_must_be_exa-21-_mp4-0010_jpg.rf.c0833df28e92764a440e1b1b87204201.jpg,8dc319fa81b3a1ad39e8a573d75f6556,lick/lick_104,84,0.9980,lick/lick_104;stop/stop_154
tag,11.v282i.yolov8_train_lick/train/lick7-2_png.rf.620bd816820876ab5ec01dda89bddfcb.jpg,0c9be97a87de4df070ea50397ecebab8,lick/lick_27_hq,42,0.9980,lick/lick_27_hq;lick/lick_14_hq
tag,11.v282i.yolov8_train_scratch/train/scratch578_mp4-0000_jpg.rf.0ee0446840fa0e669af3f8916f377aa2.jpg,50928736f393073a32bffa660591c3d4,scratch/scratch_25,0,0.9980,scratch/scratch_25
tag,11.v282i.yolov8_train_lick/train/1-7-_mp4-0006_jpg.rf.8731a3130a2b986dff00e8b758c30b5f.jpg,fb87b4dcd75ccb7e847fb99431e43058,lick/lick_126,63,0.9979,lick/lick_126
tag,11.v282i.yolov8_train_scratch/train/e_d_be_mp__mp4-0019_jpg.rf.0d4558094d5ee6220b3f3a2f9e697b8e.jpg,9989701010cb9092073806cd81b086c7,scratch/scratch_19,147,0.9979,scratch/scratch_19
tag,11.v282i.yolov8_train_lick/train/588-5-_mp4-0015_jpg.rf.82cd2cb820adad3cb45662efbf7ff673.jpg,b2988b55656534fa490c7bcfe88dffe5,lick/lick_71,117,0.9978,lick/lick_71;stop/stop_78
tag,11.v282i.yolov8_train_lick/train/8_mp4-0017_jpg.rf.cdc5ff473926877738bb407c213ad795.jpg,387babf36745626663cabf1611073b33,lick/lick_22,150,0.9978,lick/lick_22;stop/stop_48
tag,11.v282i.yolov8_train_lick/train/screen_58_mp4-0013_jpg.rf.b4c6732e0bcb025e7f92c42e7d1f2432.jpg,9ff265d983cdef699a720bbc3923a7e0,lick/lick_4_hq,312,0.9978,lick/lick_4_hq
tag,11.v282i.yolov8_train_lick/train/4_mp4-0008_jpg.rf.6c0fed8ec60971e7f8d95aef3373cf4b.jpg,3f50f5faaa213e68cff1e236235da079,lick/lick_44,72,0.9977,lick/lick_44;stop/stop_29
tag,11.v282i.yolov8_train_lick/train/lick16-2_png.rf.ae1c136d8663c68a1d5b9c365ca028c9.jpg,601aa536c941a831306ae62b844b413c,lick/lick_3_hq,525,0.9976,lick/lick_3_hq;lick/lick_28_hq;lick/lick_31_hq;lick/lick_11
tag,11.v282i.yolov8_train_lick/train/The_video_duration_must_be_exa-6-_mp4-0009_jpg.rf.7c3eaa17962614b4d638e05c9e211356.jpg,cc3609019a13e8922a973e8272102714,lick/lick_120,75,0.9975,lick/lick_120;stop/stop_169
tag,11.v282i.yolov8_train_lick/train/1-6-_mp4-0013_jpg.rf.3bfb7efb4267c9580807d3db787830e1.jpg,8006ad45ecad9b3acfea53d42f1fc9e6,lick/lick_125,126,0.9974,lick/lick_125
tag,11.v282i.yolov8_train_lick/train/lick544872_mp4-0002_jpg.rf.c507e24055cea43327df722e3e4d4feb.jpg,0bed38f71605378dfb56f605c133845f,lick/lick_5_hq,48,0.9974,lick/lick_5_hq
tag,11.v282i.yolov8_train_lick/train/lick544872_mp4-0006_jpg.rf.9863ef48f6be192eeb59eff0a8119934.jpg,fce6c424fbe397bc2b9fcec3653ce5ea,lick/lick_5_hq,144,0.9974,lick/lick_5_hq
tag,11.v282i.yolov8_train_lick/train/lick544872_mp4-0009_jpg.rf.af0027983c1fb548f51d0be01db52a13.jpg,19740c45058b7ab6969a2e116235ee05,lick/lick_5_hq,216,0.9974,lick/lick_5_hq
tag,11.v282i.yolov8_train_lick/train/1-7-_mp4-0004_jpg.rf.ff9f736210311fb07f9dc91f52ed7ecb.jpg,5d552cca3dea7ae57ed6db9c1c70848e,lick/lick_126,42,0.9972,lick/lick_126
tag,11.v282i.yolov8_train_lick/train/1_mp4-0010_jpg.rf.10c5819a2bc624d695f1047c70a01623.jpg,ce001dd100c64279b6acbd776863f230,lick/lick_11,81,0.9970,lick/lick_11;stop/stop_36;lick/lick_3_hq;lick/lick_28_hq;lick/lick_31_hq;stop/stop_56
tag,11.v282i.yolov8_train_lick/train/1_mp4-0029_jpg.rf.5040b77b1bcf7112b6f2ba1e48ed6604.jpg,4cac17af693491dbc35829e60edf8952,lick/lick_39,237,0.9970,lick/lick_39
tag,11.v282i.yolov8_train_lick/train/lick3-28_png.rf.8fd9591cdba2070ff24bc1dd14104f75.jpg,6c49c16942972e455193b9c18a8941bb,lick/lick_28_hq,558,0.9970,lick/lick_28_hq;lick/lick_31_hq;lick/lick_3_hq;lick/lick_11;stop/stop_36
tag,11.v282i.yolov8_train_scratch/train/scratch2-1_png.rf.e0600ae3c75b7109f1257c12af9e9941.jpg,3b6347c096d7542599e99d28b0f7ec1f,scratch/scratch_25,36,0.9970,scratch/scratch_25
tag,11.v282i.yolov8_train_lick/train/8_mp4-0006_jpg.rf.951b364c91d1d373ded7779cc463ea91.jpg,54b5d1503d66923c3058697d9f4b9408,lick/lick_22,54,0.9969,lick/lick_22;stop/stop_48
tag,11.v282i.yolov8_train_lick/train/2_mp4-0007_jpg.rf.b31708ced8f46d6982f38f2aae1e5dc0.jpg,209d52b33733722533dba15e552580be,lick/lick_60,57,0.9968,lick/lick_60
tag,11.v282i.yolov8_train_lick/train/lick-25_png.rf.124029681e12db808acba5477071e5eb.jpg,c53dd74383c791c2ec21b81a150f5bde,lick/lick_2_hq,309,0.9967,lick/lick_2_hq
tag,11.v282i.yolov8_train_lick/train/lick-29_png.rf.78cc28390c864215758ab57c4733a562.jpg,eef0ddbf444f0172b58030debecebdee,lick/lick_2_hq,354,0.9966,lick/lick_2_hq
tag,11.v282i.yolov8_train_lick/train/lick544872_mp4-0015_jpg.rf.668fcbe971438b82bb628a1bcd9b6953.jpg,f672366ab0ac0437d35910ce34410897,lick/lick_5_hq,360,0.9966,lick/lick_5_hq
tag,11.v282i.yolov8_stop/train/The_video_duration_must_be_exa-9-_mp4-0002_jpg.rf.6183fea67ca74f5a462cbed1655a35e5.jpg,3c96c4a33e77507068048658b8495651,stop/stop_149,21,0.9966,stop/stop_149
tag,11.v282i.yolov8_train_lick/train/1_mp4-0000_jpg.rf.2d4ef2f0e82498c9c268bfeffbb597ac.jpg,2e578a490841337e2d028e7a35f9b6d9,lick/lick_39,0,0.9965,lick/lick_39;stop/stop_57
tag,11.v282i.yolov8_train_lick/train/4_mp4-0017_jpg.rf.40c5f8827b00abd13bbc59022f8d5c45.jpg,2f19a356401f65467d88a75ddf579fc1,lick/lick_44,150,0.9965,lick/lick_44;stop/stop_29;shake/shake_69
tag,11.v282i.yolov8_train_lick/train/The_video_duration_must_be_exa-16-_mp4-0010_jpg.rf.8fb97465db5bbd60b6a915d37959f15c.jpg,af856a22974efd901a78a762f46cecf2,lick/lick_110,75,0.9965,lick/lick_110;stop/stop_158
tag,11.v282i.yolov8_train_scratch/train/f_d_d_e_f_ed_mp__mp4-0022_jpg.rf.e5b703c3b2431a56cb55b85237fa5351.jpg,477e62e9df71aa74eb74246d7dd548c2,scratch/scratch_13,159,0.9965,scratch/scratch_13;stop/stop531
tag,11.v282i.yolov8_train_scratch/train/scratch78996255_mp4-0008_jpg.rf.0579fa45b515ffcb7969045acb689d60.jpg,3943b130e993ecdd135f745ac06f0d91,scratch/scratch_18,51,0.9965,scratch/scratch_18;stop/stop502
tag,11.v282i.yolov8_train_lick/train/1_mp4-0008_jpg.rf.9d803a28c9aa58b02e780bfc0c17a27e.jpg,89e43997854bfa1747d85711d06c865c,lick/lick_11,66,0.9963,lick/lick_11;stop/stop_36;stop/stop_56;lick/lick_28_hq;lick/lick_3_hq
tag,11.v282i.yolov8_train_scratch/train/e_d_be_mp__mp4-0007_jpg.rf.80799c3f8a4277c18217d072cb9d5586.jpg,13c673b34ec63a483be1b889049e061f,scratch/scratch_19,54,0.9962,scratch/scratch_19
tag,11.v282i.yolov8_train_lick/train/1_mp4-0007_jpg.rf.7ff70ca118df1aa42ae739928abc3540.jpg,3619be26351d4f239ef3a0edcd14024d,lick/lick_11,57,0.9960,lick/lick_11;stop/stop_36;stop/stop_56;lick/lick_28_hq;lick/lick_31_hq;lick/lick_3_hq
tag,11.v282i.yolov8_train_lick/train/1_mp4-0009_jpg.rf.82d673ab1cb2042579d8ca1e01924e37.jpg,cf8900096b1b92c49ceed3e9cd8daa85,lick/lick_11,75,0.9959,lick/lick_11;stop/stop_36;stop/stop_56;lick/lick_28_hq;lick/lick_3_hq;lick/lick_31_hq
tag,11.v282i.yolov8_train_lick/train/1_mp4-0015_jpg.rf.48cd65774ded57ec7ae6bf694f9b28ae.jpg,fbec328eb6509263f757d473fe73c374,lick/lick_11,123,0.9959,lick/lick_11;stop/stop_36;lick/lick_28_hq;lick/lick_3_hq;lick/lick_31_hq;stop/stop_56
tag,11.v282i.yolov8_train_lick/train/1_mp4-0019_jpg.rf.9ab4cad2c9a7a4149748ea3c29a34a13.jpg,609383746f085e50e4f35190b29c4019,lick/lick_11,159,0.9959,lick/lick_11;stop/stop_36;lick/lick_28_hq;lick/lick_3_hq;stop/stop_56;lick/lick_31_hq
tag,11.v282i.yolov8_stop/train/1_mp4-0001_jpg.rf.b7eb873f30e21f9db86833e6f3330d0b.jpg,90af66d76af45c78aa9d54816dbc11cc,stop/stop_36,12,0.9959,stop/stop_36;lick/lick_11;lick/lick_31_hq;lick/lick_28_hq;lick/lick_3_hq
tag,11.v282i.yolov8_train_scratch/train/1-23-_mp4-0007_jpg.rf.4a9ddf82e6ebdce1f302255fd0193fdd.jpg,db0f02e0704c3023ce68d448628df0cd,scratch/scratch_53,57,0.9958,scratch/scratch_53;stop/stop_107
tag,11.v282i.yolov8_train_lick/train/The_video_duration_must_be_exa-16-_mp4-0007_jpg.rf.aa6ff7a98138b3b9ba2ee910100bc52d.jpg,d185af6a9e0f0fead6158f1d5786dcae,lick/lick_110,51,0.9957,lick/lick_110;stop/stop_158
tag,11.v282i.yolov8_train_lick/train/lick544872_mp4-0010_jpg.rf.e2336b3bac84d2163a9660bbaca52907.jpg,30701c168992fba853b3dab5823b1660,lick/lick_5_hq,240,0.9956,lick/lick_5_hq
tag,11.v282i.yolov8_stop/train/10_mp4-0001_jpg.rf.fc06f29c79c3b1922d50112fdd4bd556.jpg,8283f38c014be061c4cbcd357a3a6414,stop/stop_85,12,0.9955,stop/stop_85
tag,11.v282i.yolov8_stop/train/The_video_duration_must_be_exa-3-_mp4-0003_jpg.rf.25db45cc9a607690a7324c653de38d9f.jpg,f3a06aea078cde61828aa687edb1c87d,stop/stop_119,0,0.9955,stop/stop_119
tag,11.v282i.yolov8_train_lick/train/1-2-_mp4-0016_jpg.rf.659393ff45925002147d024074f23404.jpg,e8f2c3430acbe9fe924d87e821c88b3a,lick/lick_124,111,0.9953,lick/lick_124
tag,11.v282i.yolov8_train_lick/train/588-5-_mp4-0016_jpg.rf.5995a7f14afb75fa1953a27906726975.jpg,2f5c4ca90130862eda5c9402c942c8ce,lick/lick_71,126,0.9952,lick/lick_71
tag,11.v282i.yolov8_train_scratch/train/1-3-_mp4-0007_jpg.rf.add12e235f832fc82be7171f666b41e1.jpg,043654ac35f12015317d08632391603b,scratch/scratch_65,63,0.9952,scratch/scratch_65;stop/stop_123
tag,11.v282i.yolov8_train_scratch/train/e_d_be_mp__mp4-0010_jpg.rf.17582ed5337f1b6005d42871f5449f9b.jpg,9402aab815ea898dba71e27decba41b3,scratch/scratch_19,78,0.9949,scratch/scratch_19
tag,11.v282i.yolov8_stop/train/e_d_be_mp__mp4-0024_jpg.rf.20aed48ac4aa7f90ad579304158dd6e3.jpg,a61cb51896302e36f5183a0ca6575ce1,scratch/scratch_19,192,0.9949,scratch/scratch_19
tag,11.v282i.yolov8_train_lick/train/The_video_duration_must_be_exa-6-_mp4-0008_jpg.rf.63358221fd30237dc47ba68b4dcfef07.jpg,24240ddb390d62e125e796f550c10cd7,lick/lick_120,66,0.9946,lick/lick_120;stop/stop_169
tag,11.v282i.yolov8_train_lick/train/1-6-_mp4-0006_jpg.rf.74542ccf6dc7f71a83606b973e571b8b.jpg,7498f94a15d6242606af4f50de9e7d8c,lick/lick_125,60,0.9945,lick/lick_125
tag,11.v282i.yolov8_train_lick/train/1_mp4-0009_jpg.rf.0979e9cab716acaebfc52b9e54639f1b.jpg,2b7a8da1f7f1aa6743576442dd40008b,lick/lick_39,75,0.9943,lick/lick_39
tag,11.v282i.yolov8_train_lick/train/The_video_duration_must_be_exa-6-_mp4-0017_jpg.rf.0bca3138c48118abbcdf16323ead8f2d.jpg,de353f74b04de85d4ba101c0ec3f1ca9,lick/lick_120,141,0.9943,lick/lick_120;stop/stop_169
tag,11.v282i.yolov8_train_lick/train/lick544872_mp4-0005_jpg.rf.5a06c34b5f29d0cac2cf380c7b63aa92.jpg,a7f5b2c3a272e0361a9dc08c54ee0d74,lick/lick_5_hq,117,0.9943,lick/lick_5_hq
tag,11.v282i.yolov8_stop/train/11_mp4-0000_jpg.rf.bd81e861479f1f504cd4bada1af5134d.jpg,bceb569eab3b2640256b0b51d2a434c9,stop/stop_131,0,0.9938,stop/stop_131
tag,11.v282i.yolov8_train_lick/train/1-7-_mp4-0008_jpg.rf.175f13d2d873e7a904b2b2427d875c80.jpg,b417f81c253229ba49038904e65effb8,lick/lick_126,78,0.9937,lick/lick_126
tag,11.v282i.yolov8_train_scratch/train/e_d_be_mp__mp4-0006_jpg.rf.f6fc0e89dafbaf78ba2ff9331b46a763.jpg,2b3b89bc773e5b3efcc1a2f023052867,scratch/scratch_19,48,0.9937,scratch/scratch_19
tag,11.v282i.yolov8_train_scratch/train/scratch2-3_png.rf.deb9ad7d9d555fca549b13d5e56eb648.jpg,f3f7fe308176db44e14091d6a3ab368e,scratch/scratch_25,90,0.9937,scratch/scratch_25
tag,11.v282i.yolov8_train_scratch/train/f_d_d_e_f_ed_mp__mp4-0024_jpg.rf.4aa3fb363c891d1c46ba7f83260a86a7.jpg,17e1439e34d15c852cb583133c467433,scratch/scratch_13,192,0.9936,scratch/scratch_13;stop/stop531
tag,11.v282i.yolov8_train_lick/train/The_video_duration_must_be_exa-7-_mp4-0019_jpg.rf.913db1921eb6655b8fee4501ac0addac.jpg,92b03ccdb304f364145bc1a4f2c1115b,lick/lick_121,150,0.9934,lick/lick_121;stop/stop_167
tag,11.v282i.yolov8_train_lick/train/lick12-1_png.rf.fc0be10de31f2d9f89375d9f51da4e85.jpg,2835ef86104ae0e8383ae91b8623e91a,lick/lick_26_hq,63,0.9934,lick/lick_26_hq
tag,11.v282i.yolov8_train_scratch/train/1-3-_mp4-0009_jpg.rf.ea69c80d9c8a81e3d49c31422a72763e.jpg,74126dfed3a3dc2cd042caa73bbc95d2,scratch/scratch_65,78,0.9933,scratch/scratch_65;stop/stop_123
tag,11.v282i.yolov8_train_lick/train/2557552_Cat_Pet_1920x1080_mp4-0000_jpg.rf.b73ce3437d63e10d2f92eec0fc38db75.jpg,99e0f5ad5772eab740a1463166f79609,lick/lick_26_hq,0,0.9926,lick/lick_26_hq
tag,11.v282i.yolov8_train_lick/train/2557552_Cat_Pet_1920x1080_mp4-0035_jpg.rf.9027411e93054ac309513eb6c566214f.jpg,a86563030786a65e392f99751434fdbd,lick/lick_26_hq,270,0.9926,lick/lick_26_hq
tag,11.v282i.yolov8_train_lick/train/lick8-3_png.rf.9a0e62b392081032c66aa6ee8186d269.jpg,3f13d855da1f27c45f9152022e029451,lick/lick_5_hq,87,0.9926,lick/lick_5_hq
tag,11.v282i.yolov8_train_lick/train/screen_58_mp4-0024_jpg.rf.3d4f2d757b7d104c5b0bbca877aa9762.jpg,8946bd6bb0f2096e8e863ba940b33c2e,lick/lick_4_hq,576,0.9926,lick/lick_4_hq
tag,11.v282i.yolov8_train_lick/train/2557552_Cat_Pet_1920x1080_mp4-0002_jpg.rf.ac20644a3f918caf69fd2e62aaf58ae3.jpg,59e86e1da0a150e58da37223a2506f14,lick/lick_26_hq,15,0.9925,lick/lick_26_hq
tag,11.v282i.yolov8_train_lick/train/2557552_Cat_Pet_1920x1080_mp4-0011_jpg.rf.f5fb7d805af591204bac382468882d16.jpg,ce33e2298dce0851a69805a13523256b,lick/lick_26_hq,84,0.9925,lick/lick_26_hq
tag,11.v282i.yolov8_train_lick/train/2557552_Cat_Pet_1920x1080_mp4-0029_jpg.rf.7ad846bc0a4993768083a35f9501e216.jpg,7ac390641f931b6d77ef03414c0a17d0,lick/lick_26_hq,222,0.9925,lick/lick_26_hq
tag,11.v282i.yolov8_train_lick/train/screen_58_mp4-0019_jpg.rf.123299a8ad6d864fc94e9410d4154e60.jpg,d62ba4dca11d404ef2eca07f7df0c564,lick/lick_4_hq,456,0.9925,lick/lick_4_hq
tag,11.v282i.yolov8_train_lick/train/screen_58_mp4-0006_jpg.rf.c20f83385353d0c2826bc479c38c653b.jpg,5dfda0378febf21db597bccfa3e2fadf,lick/lick_4_hq,147,0.9924,lick/lick_4_hq
tag,11.v282i.yolov8_train_scratch/train/scratch578_mp4-0004_jpg.rf.aea6746fcfa487ef8472770af90971fd.jpg,ad121833f51bb236f513504cad9c97ea,scratch/scratch_25,96,0.9924,scratch/scratch_25
tag,11.v282i.yolov8_train_scratch/train/scratch578_mp4-0005_jpg.rf.c344edbbb52ab1275ffcaec1c8da4cc6.jpg,74ead2e2eef72ff6d2fd1c2a19d112c5,scratch/scratch_25,51,0.9924,scratch/scratch_25
tag,11.v282i.yolov8_train_scratch/train/scratch578_mp4-0008_jpg.rf.51bc07c151036c0de2e060c066e64c86.jpg,88dbb2048309f97b5fe8b192edeb9f6a,scratch/scratch_25,87,0.9924,scratch/scratch_25
tag,11.v282i.yolov8_train_lick/train/The_video_duration_must_be_exa-8-_mp4-0010_jpg.rf.515d84a13bbd5069c6830293a19eeec4.jpg,6fc032c2be9e1bf133e0f11d61f2c52e,lick/lick_113,75,0.9923,lick/lick_113;stop/stop_160
tag,11.v282i.yolov8_train_scratch/train/scratch578_mp4-0009_jpg.rf.96fb3a9427cb49a6a503dd84a858951c.jpg,22f8aee257909a82638373b4ed7a456b,scratch/scratch_25,87,0.9923,scratch/scratch_25
tag,11.v282i.yolov8_train_lick/train/lick4-5_png.rf.76a8f16d35ebcb2a55383d0f426dad0e.jpg,c80503815591e3c2e7237bf5779b7641,lick/lick_26_hq,264,0.9922,lick/lick_26_hq
tag,11.v282i.yolov8_train_lick/train/2557552_Cat_Pet_1920x1080_mp4-0009_jpg.rf.c60c8fd30810b2fccf8f90f8d79427c1.jpg,ae544df5a38221d310638ab057245699,lick/lick_26_hq,69,0.9921,lick/lick_26_hq
tag,11.v282i.yolov8_train_lick/train/2557552_Cat_Pet_1920x1080_mp4-0027_jpg.rf.22ea053a84ab7e2215972a7d9a430aa2.jpg,0a5715769547f69534452712b3e42aa0,lick/lick_26_hq,207,0.9921,lick/lick_26_hq
tag,11.v282i.yolov8_train_lick/train/11_mp4-0009_jpg.rf.fc5d62a102381d1121e2720f5bffea86.jpg,adab810b6fcdff74990fc721ab5ce7e3,lick/lick_15,66,0.9920,lick/lick_15
tag,11.v282i.yolov8_train_lick/train/The_video_duration_must_be_exa-18-_mp4-0017_jpg.rf.829a570c390a9b7f94e145b1642414f1.jpg,05630f99231f87a62f67c3ceb04f76dd,lick/lick_101,126,0.9920,lick/lick_101;stop/stop_146
tag,11.v282i.yolov8_train_lick/train/2557552_Cat_Pet_1920x1080_mp4-0016_jpg.rf.c49dc9d65b19bfd76658dd9f202f8737.jpg,2d0228cbe324bc884af9df9c86f52215,lick/lick_26_hq,123,0.9919,lick/lick_26_hq
tag,11.v282i.yolov8_train_lick/train/lick2-19_png.rf.df2fec6a6f82444c096f4c4843d91323.jpg,12d37f0858f4a1e863e18e70bcaefb80,lick/lick_7_hq,162,0.9919,lick/lick_7_hq;lick/lick_2_hq
tag,11.v282i.yolov8_train_lick/train/2557552_Cat_Pet_1920x1080_mp4-0036_jpg.rf.b12af93b9c73cf731240abaac0d39920.jpg,2d2ce9b65d3d78d195aaf6b1fc385c80,lick/lick_26_hq,279,0.9917,lick/lick_26_hq
tag,11.v282i.yolov8_train_lick/train/8_mp4-0007_jpg.rf.510d1fb87cea576275a3798333e7d715.jpg,98734a94aaefc83993016f2fde2962ea,lick/lick_12,57,0.9917,lick/lick_12;stop/stop_26
tag,11.v282i.yolov8_train_lick/train/2557552_Cat_Pet_1920x1080_mp4-0012_jpg.rf.dd3bf78226a4f544a617901465836796.jpg,85f2a644f71191befe9b7809d27c67df,lick/lick_26_hq,93,0.9915,lick/lick_26_hq
tag,11.v282i.yolov8_stop/train/7_mp4-0029_jpg.rf.15ddbcdf308b562547c24102e799d50d.jpg,c0c511300a93d4e97b3e0a745ac9bf0a,stop/stop_47,0,0.9914,stop/stop_47
tag,11.v282i.yolov8_train_scratch/train/scratch578_mp4-0002_jpg.rf.89608b82cd68a8387dcb386da98485c5.jpg,326be29800c7137bce811e477a285d01,scratch/scratch_25,36,0.9913,scratch/scratch_25
tag,11.v282i.yolov8_stop/train/3_mp4-0002_jpg.rf.e5bed2a994e6229522ebe8d04c62a81f.jpg,821a629952164bae9ee9f56cdaa389ce,stop/stop_28,33,0.9913,stop/stop_28;stop/stop_89
tag,11.v282i.yolov8_train_lick/train/2557552_Cat_Pet_1920x1080_mp4-0006_jpg.rf.cf30d53feff21ceac27feab064456277.jpg,990d3f94eeff7235d3482d3ae589817c,lick/lick_26_hq,45,0.9911,lick/lick_26_hq
tag,11.v282i.yolov8_train_lick/train/2557552_Cat_Pet_1920x1080_mp4-0037_jpg.rf.2bf16bbcfd2a66dc002d09d1f1c7684c.jpg,26294ce7e0d5b9b78f3686e491e2d3fb,lick/lick_26_hq,285,0.9911,lick/lick_26_hq
tag,11.v282i.yolov8_train_lick/train/2557552_Cat_Pet_1920x1080_mp4-0007_jpg.rf.419cb546261548c967de5016c9d09128.jpg,58a47f3e81ad7738df031e53a0cad58c,lick/lick_26_hq,54,0.9908,lick/lick_26_hq
tag,11.v282i.yolov8_train_lick/train/2557552_Cat_Pet_1920x1080_mp4-0008_jpg.rf.826ff19e3840f08095ab20dbc0e710e5.jpg,98da5b343868de99ec0ff8a8d040e1a0,lick/lick_26_hq,60,0.9908,lick/lick_26_hq
tag,11.v282i.yolov8_train_lick/train/4_mp4-0007_jpg.rf.1daf3bfc203bba4220fb85dcf974816f.jpg,3b6de6dd4b58f22889a5e7b553ea01d8,scratch/scratch_54,30,0.9908,scratch/scratch_54;stop/stop_126
tag,11.v282i.yolov8_train_lick/train/The_video_duration_must_be_exa-7-_mp4-0011_jpg.rf.8e823d744eae9df4790dfd6c327a3340.jpg,dd26725152efbbdd40611d68517dd166,lick/lick_121,84,0.9908,lick/lick_121;stop/stop_167
tag,11.v282i.yolov8_train_scratch/train/f_d_d_e_f_ed_mp__mp4-0010_jpg.rf.8bacda0ffcc7b7ed6b056a41a066777a.jpg,948d53817f7f5e476a5315d2f20f34cf,scratch/scratch_13,78,0.9908,scratch/scratch_13
tag,11.v282i.yolov8_train_scratch/train/1-1-_mp4-0007_jpg.rf.5895bbefff408686836314c83b42253c.jpg,12fb592db52ca7f8ab32e7120219b04a,scratch/scratch_46,66,0.9907,scratch/scratch_46;stop/stop_79;stop/stop_133
tag,11.v282i.yolov8_stop/train/588-6-_mp4-0002_jpg.rf.e9e6a93b4ff3a3b274a8be5e85429dae.jpg,6b8688f8fcbe0edfc94092712ec16815,stop/stop_79,24,0.9906,stop/stop_79;scratch/scratch_46;stop/stop_133
tag,11.v282i.yolov8_train_lick/train/2557552_Cat_Pet_1920x1080_mp4-0004_jpg.rf.48c3c80a88e6415142bbe6f74a9871fc.jpg,a6836cf4f365a1484707e6c17e46776a,lick/lick_26_hq,30,0.9905,lick/lick_26_hq
tag,11.v282i.yolov8_train_lick/train/The_video_duration_must_be_exa-17-_mp4-0008_jpg.rf.1b1c0c528a4e7e39796634db90c67fe3.jpg,93ad63fd18ac87c6a5b9804e32e507d6,lick/lick_111,69,0.9905,lick/lick_111;stop/stop_156
tag,11.v282i.yolov8_train_scratch/train/scratch-1_png.rf.42dee4a114fedbab92ada32f41f7d250.jpg,50ca8599e930e46f7214c3cd768557ff,scratch/scratch_26,90,0.9905,scratch/scratch_26
tag,11.v282i.yolov8_train_lick/train/2557552_Cat_Pet_1920x1080_mp4-0019_jpg.rf.150dbb3fd58213061c8eca8bcb77454c.jpg,893b12dde99a88c039f48b76c8126b22,lick/lick_26_hq,144,0.9904,lick/lick_26_hq
tag,11.v282i.yolov8_train_lick/train/2557552_Cat_Pet_1920x1080_mp4-0038_jpg.rf.3044971ade3adce888e8478516976ff1.jpg,735e84691b2580fc9168ccff068cd4e5,lick/lick_26_hq,294,0.9904,lick/lick_26_hq
tag,11.v282i.yolov8_stop/train/588-2-_mp4-0000_jpg.rf.7b2643a785799dd775cecb8d4ae23b07.jpg,1d943e1df5f027f9da656e0bdbbeb049,lick/lick_69,0,0.9904,lick/lick_69
tag,11.v282i.yolov8_train_lick/train/2557552_Cat_Pet_1920x1080_mp4-0005_jpg.rf.2be83e5f372088226b73d64aa8682164.jpg,35e0625385268b7e92eef7cd139dc59c,lick/lick_26_hq,39,0.9903,lick/lick_26_hq
tag,11.v282i.yolov8_train_lick/train/lick544872_mp4-0014_jpg.rf.5af127ef85329d967efccbcd56c5e0ee.jpg,77f11d7ad82a988f34dde9fdbeeaadb4,lick/lick_5_hq,333,0.9903,lick/lick_5_hq
tag,11.v282i.yolov8_train_scratch/train/scratch-1_png.rf.877312baa33ce9410f2a9ae8dd9ba498.jpg,e6a48f1aba17b7c121a146848be605c4,scratch/scratch_25,24,0.9903,scratch/scratch_25
tag,11.v282i.yolov8_train_lick/train/2557552_Cat_Pet_1920x1080_mp4-0017_jpg.rf.bd353bb349b3161c96e12c31a22abfa3.jpg,2ee913aea4837b447e8c5d6be9608e8e,lick/lick_26_hq,132,0.9902,lick/lick_26_hq
tag,11.v282i.yolov8_stop/train/The_video_duration_must_be_exa-2-_mp4-0001_jpg.rf.893cd4913a83cc811f7e420b0da5ac64.jpg,df87eb6b45a8abdf7b4c3fe07f3ac98e,stop/stop_171,27,0.9901,stop/stop_171
tag,11.v282i.yolov8_stop/train/scratch78996255_mp4-0000_jpg.rf.edad2fc4821bf7ebd3b9ac93501f163c.jpg,b820949a647d55e9746f9e3451628b24,scratch/scratch_18,0,0.9900,scratch/scratch_18;stop/stop502
tag,11.v282i.yolov8_train_lick/train/lick4-3_png.rf.05262e9ea5ab167f3ca4d4bb9a659d50.jpg,f124b2bb9acb4a42ed7074caf70a000a,lick/lick_26_hq,273,0.9899,lick/lick_26_hq
tag,11.v282i.yolov8_train_scratch/train/scratch578_mp4-0000_jpg.rf.772a64ee9afaa77722bcadde58370aa6.jpg,73d145b1439d3524ba50d78ba2baf89b,scratch/scratch_25,21,0.9898,scratch/scratch_25
tag,11.v282i.yolov8_train_lick/train/lick12-4_png.rf.0a7bb463d044010a2745298549c147f5.jpg,53a2d1c1aed40f61286fa7e3e6f107b8,lick/lick_26_hq,165,0.9897,lick/lick_26_hq
tag,11.v282i.yolov8_stop/train/scratch_60_mp4-0001_jpg.rf.82ce9e50ad221d6e20024aa8b97e6b1c.jpg,a2985cd9fbba5ebefb06dde9e101afab,stop/stop_142,12,0.9897,stop/stop_142
tag,11.v282i.yolov8_train_lick/train/2557552_Cat_Pet_1920x1080_mp4-0003_jpg.rf.ef5925878f81d2ada842d7d3886de00c.jpg,2087c3aa6c25c0eec3caa7e36e2809fb,lick/lick_26_hq,24,0.9895,lick/lick_26_hq
tag,11.v282i.yolov8_stop/train/4_mp4-0000_jpg.rf.75298b03fb3a1df5fc96f995d9472d50.jpg,bd4e30c8ae2d6ea3cf2c307950efac4a,scratch/scratch_54,0,0.9895,scratch/scratch_54;stop/stop_126
tag,11.v282i.yolov8_train_lick/train/The_video_duration_must_be_exa-8-_mp4-0008_jpg.rf.5a04731446eb50e399f7e819a5dee44f.jpg,cdb61b7ddc42d5bc8392e8dbba34f049,lick/lick_113,69,0.9893,lick/lick_113;stop/stop_160
tag,11.v282i.yolov8_train_lick/train/lick12-3_png.rf.af18a2edd45f6d655fdac33411c73e9d.jpg,e37edb54ab6b2a45b7ed5ad11a138b57,lick/lick_26_hq,141,0.9892,lick/lick_26_hq
tag,11.v282i.yolov8_train_lick/train/lick12-5_png.rf.e288662a2c35587852e050489358788b.jpg,b1efde112ec6c2fe45fa910433418965,lick/lick_26_hq,297,0.9892,lick/lick_26_hq
tag,11.v282i.yolov8_train_lick/train/588-2-_mp4-0007_jpg.rf.56dbd86388343489fbeafaba95a02442.jpg,6c41103bafed8da0ceefebf7823a587c,lick/lick_69,60,0.9890,lick/lick_69
tag,11.v282i.yolov8_train_lick/train/588-2-_mp4-0018_jpg.rf.c7a08829675f7ca7a2db487022385134.jpg,6c8e84f723049199aab18d9d66756e46,lick/lick_69,153,0.9890,lick/lick_69
tag,11.v282i.yolov8_train_lick/train/588-2-_mp4-0008_jpg.rf.11e654c4071cf1675969059f744b7f41.jpg,5722314cb3f49d9e348e3598e6ad9bd0,lick/lick_69,69,0.9888,lick/lick_69
tag,11.v282i.yolov8_train_scratch/train/scratch78996255_mp4-0007_jpg.rf.ad08c068ce0b1ddbccaf4bb0b51ebcb7.jpg,f55bb0b089dcadecaa42fd0efcf9422c,scratch/scratch_18,42,0.9887,scratch/scratch_18;stop/stop502
tag,11.v282i.yolov8_train_lick/train/The_video_duration_must_be_exa-8-_mp4-0004_jpg.rf.709f308782ff344b19eb5ea85e308fa7.jpg,2d11bf61cfe12a797f11e41ea40ad595,stop/stop_160,36,0.9885,stop/stop_160;lick/lick_113
tag,11.v282i.yolov8_train_lick/train/lick4-2_png.rf.c7ce7653ccea02c7ea79f49f26fee003.jpg,d744ffaa1a8b364979e5c68d439b2afd,lick/lick_26_hq,132,0.9885,lick/lick_26_hq
tag,11.v282i.yolov8_train_scratch/train/1-17-_mp4-0006_jpg.rf.d7e0b32bef18e3d7c1e26da713a130e4.jpg,3f961c745ff6942baba30b39bf18a230,scratch/scratch_50,54,0.9885,scratch/scratch_50;stop/stop_132
tag,11.v282i.yolov8_train_lick/train/The_video_duration_must_be_exa-6-_mp4-0007_jpg.rf.a2198f24d14eea4a9e90a1be395293bb.jpg,82329ff63458a99d6c26a04e68c0b352,lick/lick_120,57,0.9882,lick/lick_120;stop/stop_169
tag,11.v282i.yolov8_train_lick/train/lick12-2_png.rf.2a771cb459c0c9dcd18fc98ac77ad58e.jpg,ca3da2cb84e1c97d52c2dbda8ea4abca,lick/lick_26_hq,96,0.9879,lick/lick_26_hq
tag,11.v282i.yolov8_stop/train/1-11-_mp4-0001_jpg.rf.4e7851e204ccb1023b787f8cced6573b.jpg,e6258d8c47d250af9b1c89017b3d2266,stop/stop_130,12,0.9879,stop/stop_130
tag,11.v282i.yolov8_train_scratch/train/scratch578_mp4-0003_jpg.rf.5939a5999481ce69d5a215f1d98fe26a.jpg,9b252b912cb4fd5d20ca13b75bbc8a6e,scratch/scratch_25,75,0.9878,scratch/scratch_25
tag,11.v282i.yolov8_train_lick/train/lick544872_mp4-0012_jpg.rf.56a7a8a547599382ea83aeb778c05685.jpg,85410d46e20900e2b4498eb51bb557e0,lick/lick_5_hq,288,0.9875,lick/lick_5_hq
tag,11.v282i.yolov8_train_lick/train/2557552_Cat_Pet_1920x1080_mp4-0034_jpg.rf.5a5379b4d48ac930c850b6ddf2b97c93.jpg,71fe682c4cd76dd1eeabd92ee3ef2fdc,lick/lick_26_hq,261,0.9874,lick/lick_26_hq
tag,11.v282i.yolov8_train_lick/train/lick4-6_png.rf.46a9a5c47880161ed8527be672326e34.jpg,ea4b9a5a37be2bb4bedc1cb3040f7816,lick/lick_26_hq,264,0.9871,lick/lick_26_hq
tag,11.v282i.yolov8_train_lick/train/588-2-_mp4-0016_jpg.rf.c7c15dbec72b341069e1c6049a99041a.jpg,8a49fab182f6ca2169cec796f808c97b,lick/lick_69,111,0.9869,lick/lick_69
tag,11.v282i.yolov8_stop/train/4_mp4-0005_jpg.rf.2c75ee0795cee1703846069c84ce5805.jpg,7f57d28818fca3995d3e29a154b6229d,stop/stop_54,36,0.9867,stop/stop_54
tag,11.v282i.yolov8_train_scratch/train/scratch-2_png.rf.1c7f0a4d4ed7edb2588b29b5ab7d9f60.jpg,d43aedde8b45fd776cd21b8a9678aa72,scratch/scratch_25,30,0.9865,scratch/scratch_25
tag,11.v282i.yolov8_train_scratch/train/1-3-_mp4-0004_jpg.rf.5d7854d5e7b49587888e4ad06f890450.jpg,54ed38d2d5a04b382be850a8e4001b1e,scratch/scratch_65,36,0.9864,scratch/scratch_65;stop/stop_123
tag,11.v282i.yolov8_train_scratch/train/1-32-_mp4-0009_jpg.rf.434d3a7ccc79130841aced04a7ac86a8.jpg,983a95472c71d12017f5d5ae054f5725,scratch/scratch_57,66,0.9863,scratch/scratch_57
tag,11.v282i.yolov8_train_lick/train/lick4-4_png.rf.be31c37c86d2de5c72bf7cd64001bd57.jpg,2b7da521631f560f72aaf87402a23e05,lick/lick_26_hq,264,0.9862,lick/lick_26_hq
tag,11.v282i.yolov8_train_scratch/train/scratch578_mp4-0012_jpg.rf.927fc746a70b1b454678e99453728137.jpg,1050afc163c66f12daf7552099526681,scratch/scratch_25,120,0.9862,scratch/scratch_25
tag,11.v282i.yolov8_train_lick/train/lick544872_mp4-0011_jpg.rf.f92983a5f09f369a782bdbc18ecd74ca.jpg,d980771d532752c55a445dc3151b6a5d,lick/lick_5_hq,261,0.9860,lick/lick_5_hq
tag,11.v282i.yolov8_train_lick/train/lick10-1_png.rf.8f78d4e24f9c99fdcb4c2fe228274b8a.jpg,6b0552d4c06be3855dacc2d2640989d2,lick/lick_4_hq,132,0.9857,lick/lick_4_hq
tag,11.v282i.yolov8_train_lick/train/The_video_duration_must_be_exa-6-_mp4-0004_jpg.rf.8deb3e0cd154e74b742e5f5348ba011d.jpg,e54d3a8540871000496a687b762e01b8,lick/lick_120,33,0.9852,lick/lick_120;stop/stop_169
tag,11.v282i.yolov8_train_lick/train/1-7-_mp4-0010_jpg.rf.fa68aff7f8be4402a9206d3ed4047562.jpg,b5495c3f0946d73910352fe60a1eeb21,lick/lick_126,120,0.9851,lick/lick_126
tag,11.v282i.yolov8_train_scratch/train/1-32-_mp4-0007_jpg.rf.bf5948db82c61997dcee728138de8719.jpg,cf2466f530b2cc97f22f0b2e83ad9d6e,scratch/scratch_57,57,0.9851,scratch/scratch_57
tag,11.v282i.yolov8_train_scratch/train/1-23-_mp4-0008_jpg.rf.272c29641d560b7c377ceb7a025d3e9a.jpg,421b41fe0c35d03bfda7536b0ed98cc5,scratch/scratch_53,66,0.9846,scratch/scratch_53;stop/stop_107
tag,11.v282i.yolov8_train_lick/train/lick17-9_png.rf.cdb69d4a662e89499278e99d8bc08620.jpg,989cb074c6fe43c71a21729b0b62f15a,lick/lick_8,99,0.9845,lick/lick_8;lick/lick_10
tag,11.v282i.yolov8_train_lick/train/588-5-_mp4-0001_jpg.rf.1ea1ac5df6978296020eb8e4f85fe6bc.jpg,cb06c08a9651b9c9c3e1147d4dc652c5,stop/stop_78,9,0.9842,stop/stop_78;lick/lick_71;stop/stop_114
tag,11.v282i.yolov8_train_lick/train/lick17-8_png.rf.e245db94e7627b9748eb9b21084c4900.jpg,d487f1b59400ab587bfda8f68ffeeed7,lick/lick_8,84,0.9842,lick/lick_8;lick/lick_10
tag,11.v282i.yolov8_train_lick/train/lick17-11_png.rf.9e3c3a091bd778c8a336ad85703f67c0.jpg,7fe5006df7951f419c0e11415173df64,lick/lick_8,144,0.9840,lick/lick_8;lick/lick_10
tag,11.v282i.yolov8_train_lick/train/screen_58_mp4-0009_jpg.rf.26a0f903675a7099f29efb57215bc487.jpg,33fad9c00d27181d5dae7692ccb312e5,lick/lick_4_hq,219,0.9839,lick/lick_4_hq
tag,11.v282i.yolov8_train_lick/train/screen_58_mp4-0020_jpg.rf.e2b25b35f9615b5214c0d5bca3d015c6.jpg,446a64bf8c74688549207bab43ccab03,lick/lick_4_hq,480,0.9839,lick/lick_4_hq
tag,11.v282i.yolov8_stop/train/The_video_duration_must_be_exa-6-_mp4-0024_jpg.rf.f3052ad8d0492c497e992e2542ba4631.jpg,8a351173e34a6ae4c0a2991180484557,lick/lick_120,201,0.9839,lick/lick_120;stop/stop_169
tag,11.v282i.yolov8_train_lick/train/screen_58_mp4-0021_jpg.rf.ceaaecc63166942e81654ee14ff09b1d.jpg,3a4b5e172165ada100294b1c5c4dec1a,lick/lick_4_hq,504,0.9837,lick/lick_4_hq
tag,11.v282i.yolov8_train_lick/train/screen_58_mp4-0005_jpg.rf.978399fe4d23b21bd514123376104c97.jpg,31c219a7837d07a79228641bc4827128,lick/lick_4_hq,120,0.9836,lick/lick_4_hq
tag,11.v282i.yolov8_stop/train/The_video_duration_must_be_exa_mp4-0005_jpg.rf.aa3fb41770d968fce69c399fce85fcbc.jpg,d189ff6d583ee233f18f5a42a1b191a4,stop/stop_168,54,0.9836,stop/stop_168
tag,11.v282i.yolov8_train_lick/train/4_mp4-0010_jpg.rf.9146d2991dcf079662d44e0589e98e78.jpg,9c9fbe98d271dde57e95f409f2c40a8e,scratch/scratch_54,117,0.9835,scratch/scratch_54;stop/stop_126
tag,11.v282i.yolov8_train_scratch/train/scratch578_mp4-0011_jpg.rf.a0e3b71fb94f1594a47758cb8414b2a0.jpg,b71ccefabf43c16ab28b2adc95954a63,scratch/scratch_25,105,0.9834,scratch/scratch_25
tag,11.v282i.yolov8_train_scratch/train/scratch578_mp4-0001_jpg.rf.b4df025ed09fe7cbb110ffc16c7910c0.jpg,c1b963d295b767fe4dcb0ed58ca30efe,scratch/scratch_25,24,0.9833,scratch/scratch_25
tag,11.v282i.yolov8_train_lick/train/1_mp4-0005_jpg.rf.5073a54a6ac904b495b70b4cdd4509e4.jpg,2281f71478bb7d754464ba7916571514,stop/stop_109,21,0.9831,stop/stop_109
tag,11.v282i.yolov8_train_scratch/train/scratch4847_mp4-0003_jpg.rf.dfa9121d9b1c82b0ecab5183cf2c9f78.jpg,7fa66aaad7669822ef0cacd0aa20fd94,scratch/scratch_26,72,0.9829,scratch/scratch_26
tag,11.v282i.yolov8_train_scratch/train/scratch4847_mp4-0004_jpg.rf.10b8f9aa29429cd5d1bdd50b3e60f8bf.jpg,09be2441a7b33e7f9e2e9a053e28140d,scratch/scratch_26,96,0.9828,scratch/scratch_26
tag,11.v282i.yolov8_train_scratch/train/scratch4847_mp4-0024_jpg.rf.6df13a3290058b164f68e10aaecf8683.jpg,fb1b1b6ac692dbc62558a023b9edc4b9,scratch/scratch_26,114,0.9828,scratch/scratch_26
tag,11.v282i.yolov8_stop/train/The_video_duration_must_be_exa-18-_mp4-0000_jpg.rf.7edd5951869e8420c372554b42590832.jpg,f4fee29b1fc896110a2135c43879fb6a,stop/stop_146,18,0.9826,stop/stop_146;lick/lick_101
tag,11.v282i.yolov8_train_scratch/train/scratch4847_mp4-0012_jpg.rf.6cd29bf19646219862be72ef6671c364.jpg,33062ff8e078ccd69b0025ccacea5c35,scratch/scratch_26,57,0.9825,scratch/scratch_26
tag,11.v282i.yolov8_stop/train/The_video_duration_must_be_exa-14-_mp4-0000_jpg.rf.76c5fdfa6d5df7a5f5fe9e1a1d1089d3.jpg,eacf1e07f72073604ad61c86b5b05007,stop/stop_148,21,0.9825,stop/stop_148;lick/lick_100;stop/stop_147
tag,11.v282i.yolov8_train_scratch/train/scratch4847_mp4-0007_jpg.rf.b92c1568a36d093a4271768006972a50.jpg,ff990e638789d7a240cfcf2d9c88b70d,scratch/scratch_26,33,0.9824,scratch/scratch_26
tag,11.v282i.yolov8_train_lick/train/The_video_duration_must_be_exa-7-_mp4-0009_jpg.rf.9c122c548d3955db78f538f6b2056232.jpg,09d73474acfa9c6249f330f6d34a6931,lick/lick_105,69,0.9823,lick/lick_105;stop/stop_155
tag,11.v282i.yolov8_train_lick/train/1-2-_mp4-0019_jpg.rf.2ab63f2c30d48f3f087fefbc4b177472.jpg,08d470a3b0cf69f754ac785ca5ad24fb,lick/lick_124,135,0.9822,lick/lick_124
tag,11.v282i.yolov8_train_scratch/train/scratch4847_mp4-0001_jpg.rf.0d2745d9894c92b39d60999a76bb3781.jpg,d459c3400ab205226d7557146dfe3b01,scratch/scratch_26,24,0.9822,scratch/scratch_26
tag,11.v282i.yolov8_train_scratch/train/scratch4847_mp4-0005_jpg.rf.171bd720bfbe5721c40977412d494e01.jpg,5f1d5f06f7821dad30311c5adfc2d233,scratch/scratch_26,120,0.9822,scratch/scratch_26
tag,11.v282i.yolov8_train_scratch/train/scratch4847_mp4-0018_jpg.rf.e33aa97bf1e78e33b2f5a12612451cb8.jpg,da6c32167a2a00d98e1ba2ccec07d556,scratch/scratch_26,87,0.9821,scratch/scratch_26
tag,11.v282i.yolov8_train_lick/train/1_mp4-0007_jpg.rf.8c02bf6be5b2088a47705b99b05e017e.jpg,1e5493cb66c72cad089a5fe31feac486,stop/stop_109,0,0.9820,stop/stop_109
tag,11.v282i.yolov8_train_lick/train/The_video_duration_must_be_exa-8-_mp4-0009_jpg.rf.d35f90b2727c17b398b0b3481dca689c.jpg,3d4154356d1945a40fc34b07f0dd00d1,lick/lick_113,81,0.9818,lick/lick_113;stop/stop_160
tag,11.v282i.yolov8_train_scratch/train/scratch4847_mp4-0010_jpg.rf.3d36580df26150ecb867d75b706785ff.jpg,4ccf524d6cdffb452ea8e3eca9ce0953,scratch/scratch_26,45,0.9818,scratch/scratch_26
tag,11.v282i.yolov8_train_lick/train/The_video_duration_must_be_exa-14-_mp4-0008_jpg.rf.6ca1194ce9720b10b3e66bc8368251d3.jpg,5986dd28db43834c082f2074c367f4ed,lick/lick_100,75,0.9817,lick/lick_100;stop/stop_147;stop/stop_148
tag,11.v282i.yolov8_train_lick/train/7_mp4-0023_jpg.rf.d8f780950b743b4743eeb466b7fdde84.jpg,9ecf3fee23f941ba4720d03637ec0f69,stop/stop_47,9,0.9816,stop/stop_47
tag,11.v282i.yolov8_train_scratch/train/scratch4847_mp4-0011_jpg.rf.e580f504e94d48a6a2d5612a54c11688.jpg,6658efbfca062ca58108f43c170550f4,scratch/scratch_26,51,0.9816,scratch/scratch_26
tag,11.v282i.yolov8_train_scratch/train/scratch4847_mp4-0016_jpg.rf.702cfaff4c90a931ac9c2231b5d0ec90.jpg,42f3526dfa63c21b463243a9d67baedf,scratch/scratch_26,75,0.9815,scratch/scratch_26
tag,11.v282i.yolov8_train_scratch/train/1-8-_mp4-0003_jpg.rf.a2dd40fabcd0f7b846cf7d996f6fc398.jpg,51dd31f50ce770dba17663600436b9c0,stop/stop_127,27,0.9811,stop/stop_127
tag,11.v282i.yolov8_train_scratch/train/scratch4847_mp4-0022_jpg.rf.6cc65b9849098837911533bb41c6431b.jpg,55df5db7a2ab834efbdda2fdccce6969,scratch/scratch_26,105,0.9808,scratch/scratch_26
tag,11.v282i.yolov8_train_lick/train/lick6-3_png.rf.c597c2eba97c2a4a631566385f712d01.jpg,326415ba76b31efeb41a0e7a14ad68d9,lick/lick_31_hq,546,0.9805,lick/lick_31_hq;lick/lick_28_hq;lick/lick_3_hq
tag,11.v282i.yolov8_train_scratch/train/scratch4847_mp4-0019_jpg.rf.6d86716a41a4e88e310f111a66a9bc7d.jpg,20a692e95a16af6d82c327e2c5eccc8d,scratch/scratch_26,93,0.9804,scratch/scratch_26
tag,11.v282i.yolov8_stop/train/scratch452655_mp4-0003_jpg.rf.9532488fe3ac8950b685a251cadcf8d7.jpg,86c774e8ce2c97fb828852e955135a7b,stop/stop502,87,0.9804,stop/stop502;scratch/scratch_18
tag,11.v282i.yolov8_train_scratch/train/scratch4847_mp4-0002_jpg.rf.4ddc419af3a5fe24b9c808d14471f1f4.jpg,5878604f5400459d82ba92c50d112f6e,scratch/scratch_26,9,0.9803,scratch/scratch_26
tag,11.v282i.yolov8_train_scratch/train/scratch4847_mp4-0000_jpg.rf.da30a32f5209408f431d4fdf8e5ae6ce.jpg,1fae9a29460459e2b575e971ad25aacc,scratch/scratch_26,0,0.9802,scratch/scratch_26
tag,11.v282i.yolov8_train_lick/train/lick4-4_png.rf.9b713f2926cb8771af560c47a4d13d28.jpg,7608af2543d6a320c720409a399a7c54,lick/lick_31_hq,324,0.9801,lick/lick_31_hq;lick/lick_28_hq;lick/lick_3_hq
tag,11.v282i.yolov8_train_lick/train/lick544872_mp4-0013_jpg.rf.29c4389b1d221259d5173389f760669d.jpg,21284f1177a424598256d6c6fe0e2eee,lick/lick_5_hq,312,0.9798,lick/lick_5_hq
tag,11.v282i.yolov8_stop/train/The_video_duration_must_be_exa-7-_mp4-0000_jpg.rf.54325ce70114b09345235aeb4290e7f4.jpg,4e4b5f9a36dc7285a59363799b11e044,stop/stop_167,6,0.9797,stop/stop_167;lick/lick_121
tag,11.v282i.yolov8_train_lick/train/The_video_duration_must_be_exa-3-_mp4-0006_jpg.rf.222d9b85f6a0188aa10437ff1fa87a60.jpg,0611a645053d3295fd694f4807bc3d93,stop/stop_119,9,0.9796,stop/stop_119
tag,11.v282i.yolov8_train_scratch/train/scratch4847_mp4-0013_jpg.rf.9111a0ec812a6a4060e783c2e38f8530.jpg,ebbc75801d8a284fe596493a6d1fb82f,scratch/scratch_26,39,0.9796,scratch/scratch_26
tag,11.v282i.yolov8_train_scratch/train/1-1-_mp4-0006_jpg.rf.5e62ee39ce961e8558b8710af6e5cece.jpg,5babd935725b0c06440852cfb6273d10,scratch/scratch_46,54,0.9795,scratch/scratch_46;stop/stop_79;stop/stop_133
tag,11.v282i.yolov8_train_scratch/train/scratch4847_mp4-0003_jpg.rf.c02e219e79f65da3f76d47edbf2cf847.jpg,b86e5a0809d0562cf24c9dbd95f216c2,scratch/scratch_26,15,0.9795,scratch/scratch_26
tag,11.v282i.yolov8_train_scratch/train/scratch4847_mp4-0021_jpg.rf.4119ffbe72b586c3c7b1da33ec63f6bb.jpg,4616da1b6012d9356059e0ac9f8718d7,scratch/scratch_26,105,0.9794,scratch/scratch_26
tag,11.v282i.yolov8_train_scratch/train/scratch4847_mp4-0008_jpg.rf.949e7e198cdf3d6b1b1ec190590af4e2.jpg,8477b47c7555348bf0f773a4c83d20fd,scratch/scratch_26,36,0.9793,scratch/scratch_26
tag,11.v282i.yolov8_train_scratch/train/scratch4847_mp4-0001_jpg.rf.022274d414923eb698dab93378ee1272.jpg,e01dba10e96fba960300c70a335ff5a6,scratch/scratch_26,6,0.9789,scratch/scratch_26
tag,11.v282i.yolov8_train_scratch/train/cat_scratch_neckmp__mp4-0010_jpg.rf.d7154b9f576bddfe520a7e2dc7fb567a.jpg,637a9bbcd82cd52183c2029f916250b6,scratch/scratch_11,84,0.9786,scratch/scratch_11
tag,11.v282i.yolov8_train_lick/train/lick12-6_png.rf.5704a07faf883da1b7efdedaa12ff68b.jpg,117da456e6de218ca74f413cbcd6b9f8,lick/lick_26_hq,306,0.9785,lick/lick_26_hq
tag,11.v282i.yolov8_train_scratch/train/cat_scratch_neckmp__mp4-0013_jpg.rf.4fbb3bd89e35f5566b13a104c7d2f8fc.jpg,2b7df8db6fadb53cef9558f71e5a01ee,scratch/scratch_11,114,0.9784,scratch/scratch_11
tag,11.v282i.yolov8_stop/train/cat_scratch_neckmp__mp4-0000_jpg.rf.04aec6666b4ea544b19b291bf0fe8af0.jpg,3a9f4be2c9e106c0e06e65a9bc5346aa,scratch/scratch_11,30,0.9780,scratch/scratch_11;stop/stop_19
tag,11.v282i.yolov8_train_lick/train/lick544872_mp4-0004_jpg.rf.841fc3b69e25f25a1e8ec502ffefb541.jpg,d186d93f93424415defd8ff52f04aeb0,lick/lick_5_hq,96,0.9775,lick/lick_5_hq
tag,11.v282i.yolov8_stop/train/1-5-_mp4-0001_jpg.rf.7779cf4808d71c162fb6b794c85c9b4b.jpg,418630f816fc845954159a5f8af38620,stop/stop_125,12,0.9771,stop/stop_125;stop/stop_144
tag,11.v282i.yolov8_train_lick/train/The_video_duration_must_be_exa-18-_mp4-0022_jpg.rf.21a48cf1ecb62f7139f96626b7806d8e.jpg,25ea9927babfcdb2f42810b7fbc6de1b,lick/lick_101,150,0.9770,lick/lick_101;stop/stop_146
tag,11.v282i.yolov8_train_lick/train/The_video_duration_must_be_exa-6-_mp4-0000_jpg.rf.e82ffa3b779a5e551f15fc3af19b8eb3.jpg,78e5fea79abe48764fff483fbf4905d1,lick/lick_120,0,0.9770,lick/lick_120;stop/stop_169
tag,11.v282i.yolov8_stop/valid/3_mp4-0001_jpg.rf.36e32a01aa7a7a9f469f5fbbc81af8e0.jpg,ef8558cbe9141d0123362f93e36c23ce,stop/stop_104,9,0.9769,stop/stop_104
tag,11.v282i.yolov8_train_lick/train/The_video_duration_must_be_exa-14-_mp4-0010_jpg.rf.7a0489904cdae731b6b812675457496f.jpg,070533d1908b199e11cd1325c7821dd7,lick/lick_100,81,0.9768,lick/lick_100;stop/stop_147;stop/stop_148
tag,11.v282i.yolov8_train_scratch/train/1-32-_mp4-0023_jpg.rf.68fe75faa9e46c8a06779055c2eedca3.jpg,2d929deda37c0ee84ae39fbe7cdabcb5,scratch/scratch_57,195,0.9764,scratch/scratch_57
tag,11.v282i.yolov8_train_scratch/train/cat_scratch_neckmp__mp4-0018_jpg.rf.20f12f8b1d5c839351f692ddf2951266.jpg,0ee8efbec21addf6141ef60d9fdecc62,scratch/scratch_11,120,0.9764,scratch/scratch_11
tag,11.v282i.yolov8_train_scratch/train/cat_scratch_neckmp__mp4-0011_jpg.rf.09d50999cc9525d7011aeef8fb154ad7.jpg,a5c9be55137914bc567a063b14082335,scratch/scratch_11,87,0.9759,scratch/scratch_11;stop/stop_19
tag,11.v282i.yolov8_stop/train/cat_scratch_neckmp__mp4-0007_jpg.rf.9a04e909cd9ad25aeb915d249dd5a2bb.jpg,776b7a9856c21662ad373d8a92f3e3e2,scratch/scratch_11,60,0.9757,scratch/scratch_11;stop/stop_19
tag,11.v282i.yolov8_train_scratch/train/scratch-5_png.rf.f91026ca7e89542e55a8055e825ecf7e.jpg,aeefe3314d4020358103292dbb174de4,scratch/scratch_25,126,0.9750,scratch/scratch_25
tag,11.v282i.yolov8_train_lick/train/lick544872_mp4-0001_jpg.rf.fde0a9b0bcc93658e9fe682f2789b18b.jpg,0adcf69945c1c50acceca2043884ac7b,lick/lick_5_hq,24,0.9748,lick/lick_5_hq
tag,11.v282i.yolov8_train_lick/train/lick8-2_png.rf.81e12ff9369f429b21670b124a699f17.jpg,858c0d0059d7ffabcc624207ea489ae2,lick/lick_5_hq,36,0.9747,lick/lick_5_hq
tag,11.v282i.yolov8_train_scratch/train/lick18-3_png.rf.0d374f0b03ed5e3adbfb945231f35ea9.jpg,9eb5f79a6925cb884cb85ace2e53fc8f,scratch/scratch_26,0,0.9747,scratch/scratch_26
tag,11.v282i.yolov8_train_lick/train/The_video_duration_must_be_exa-16-_mp4-0008_jpg.rf.398d6bc7b1833245a03f779deadf2f53.jpg,a2589460373fae7038638fc1ffb82c65,lick/lick_110,60,0.9746,lick/lick_110;stop/stop_158
tag,11.v282i.yolov8_train_scratch/train/scratch578_mp4-0013_jpg.rf.b944250db5627f1addced5ccef928844.jpg,4b1d407b1d34992203dd867809318691,scratch/scratch_25,123,0.9746,scratch/scratch_25
tag,11.v282i.yolov8_stop/train/scratch11-5_png.rf.0fef918eb846c7254498887dc851c902.jpg,e063a62a51f4e469771d7b28a41bc29b,scratch/scratch_11,234,0.9746,scratch/scratch_11
tag,11.v282i.yolov8_all_walk/train/walk_real-4_png.rf.a4a1267d9a00271bf7fa3786dd6aa99d.jpg,c5c7be3e85a38d11ac0a38a033c0b133,walk/walk24,72,0.9743,walk/walk24
tag,11.v282i.yolov8_train_lick/train/The_video_duration_must_be_exa-8-_mp4-0017_jpg.rf.94957eb82b8ced2f2cdf800243c383c9.jpg,465b5af06b2f0dd60c09d3c347f72a25,lick/lick_113,114,0.9742,lick/lick_113;stop/stop_160
tag,11.v282i.yolov8_train_scratch/train/scratch578_mp4-0014_jpg.rf.047f20d929cf7e2a3ecfba26815f6780.jpg,e8a7a6183c3c70fb13f4c659420f47b6,scratch/scratch_25,132,0.9742,scratch/scratch_25
tag,11.v282i.yolov8_stop/train/7_mp4-0018_jpg.rf.563d2a77bf7cec659022383e68311a54.jpg,0c2095e6b024a6b92b76f019eeab7e69,stop/stop_47,0,0.9735,stop/stop_47
tag,11.v282i.yolov8_train_lick/train/lick544872_mp4-0008_jpg.rf.bb3b94a177fdbdeedc0eb521fe6213e8.jpg,8cabeb046786dc27147327eb967d8768,lick/lick_5_hq,192,0.9730,lick/lick_5_hq
tag,11.v282i.yolov8_train_lick/train/screen_58_mp4-0016_jpg.rf.14cd532604aeffca1b5de02482185314.jpg,372b0388d3eedb6db2ae3629c0efaf61,lick/lick_4_hq,387,0.9726,lick/lick_4_hq
tag,11.v282i.yolov8_train_lick/train/screen_58_mp4-0014_jpg.rf.9eee5757ed5874b595af44c62bdf2de3.jpg,c2b2bb0ac02ee550edadf84ff21b30e8,lick/lick_4_hq,330,0.9724,lick/lick_4_hq
tag,11.v282i.yolov8_train_lick/train/screen_58_mp4-0007_jpg.rf.227a49de1732be7723de802446f80f18.jpg,59ae68d90fa78e5e6de09aabbd609153,lick/lick_4_hq,165,0.9723,lick/lick_4_hq
tag,11.v282i.yolov8_train_lick/train/screen_58_mp4-0011_jpg.rf.c0f9ad0c65dfcd2330243d1053778601.jpg,b9553c9305c99dd8405a2581c0eb2f68,lick/lick_4_hq,261,0.9722,lick/lick_4_hq
tag,11.v282i.yolov8_train_scratch/train/scratch578_mp4-0010_jpg.rf.78f32d9b878861f8ec6fe0f80019bf0a.jpg,54bcc17870d94fa3b9695be0c817ca8c,scratch/scratch_25,99,0.9721,scratch/scratch_25
tag,11.v282i.yolov8_train_lick/train/The_video_duration_must_be_exa-7-_mp4-0016_jpg.rf.cce622a3928d2dc5fc7383a25d9de756.jpg,67276a89e866642385f4fa9c46bdab52,lick/lick_105,123,0.9720,lick/lick_105;stop/stop_155
tag,11.v282i.yolov8_train_scratch/train/scratch578_mp4-0001_jpg.rf.f60c02146fc91c440d9bc68b99179ffa.jpg,807d5d74aa4a4cc009c0f443601893b2,scratch/scratch_25,27,0.9720,scratch/scratch_25
tag,11.v282i.yolov8_train_lick/train/7_mp4-0012_jpg.rf.6f6a5bfbf57cfeef9b4173bb0fcc448b.jpg,68ff527aa574925d073158b13e6b9df9,stop/stop_47,3,0.9719,stop/stop_47
tag,11.v282i.yolov8_stop/train/The_video_duration_must_be_exa-15-_mp4-0000_jpg.rf.4fe346a889b085badd53bd7728bd3eb8.jpg,d7641f8cffbc16d1730734695b28a622,stop/stop_157,0,0.9719,stop/stop_157
tag,11.v282i.yolov8_train_scratch/train/scratch2-16_png.rf.a0944c07511efcf347891ab9b07abb76.jpg,740baf79c024c6a2bc1662ca8abce4c0,scratch/scratch_25,114,0.9715,scratch/scratch_25
tag,11.v282i.yolov8_stop/train/5_mp4-0006_jpg.rf.76bd75fcd681d823a954686e0e861ee4.jpg,bce23351e8345056a5edc6746fba57ed,stop/stop_55,24,0.9714,stop/stop_55;lick/lick_68
tag,11.v282i.yolov8_train_lick/train/The_video_duration_must_be_exa-7-_mp4-0012_jpg.rf.1d0e09c38fa9333e3ab066fdb29a25af.jpg,ac9d317e8e743fe421e3d1aecb589e80,lick/lick_121,90,0.9713,lick/lick_121;stop/stop_167
tag,11.v282i.yolov8_train_scratch/train/scratch-2_png.rf.067327d4cf4dc8630977c54ddb04593a.jpg,9cf63aadb7ece0359b8f028c94413c63,scratch/scratch_26,114,0.9712,scratch/scratch_26
tag,11.v282i.yolov8_train_scratch/train/scratch4847_mp4-0017_jpg.rf.afa17e6d932dafcff2b65f61ee2b4668.jpg,03a1d538545fd9f97a27747485493767,scratch/scratch_26,81,0.9710,scratch/scratch_26
tag,11.v282i.yolov8_train_scratch/train/scratch578_mp4-0006_jpg.rf.8c64d84227403f831ca906d36e16bd48.jpg,b444ca8219fecc73f251283957fc0cc0,scratch/scratch_25,141,0.9710,scratch/scratch_25
tag,11.v282i.yolov8_train_scratch/train/scratch4847_mp4-0002_jpg.rf.b160b01c5d36963710b67271234ef03d.jpg,698a4e9324913a4bba16e682e01afef2,scratch/scratch_26,48,0.9707,scratch/scratch_26
tag,11.v282i.yolov8_train_lick/train/1_mp4-0012_jpg.rf.fc378cf30d9a94c8abe9a7b85d7c6197.jpg,3fccf46e75131c9341b2d5cb5aa2fae5,stop/stop_109,21,0.9706,stop/stop_109
tag,11.v282i.yolov8_train_scratch/train/scratch4847_mp4-0014_jpg.rf.19cf42423ec66343c8dc5112b149e742.jpg,a3845761ed4c497d76c26cbc15371a14,scratch/scratch_26,69,0.9705,scratch/scratch_26
tag,11.v282i.yolov8_train_lick/train/The_video_duration_must_be_exa-17-_mp4-0001_jpg.rf.e3a70fa72db37fc87515f526a49cdb27.jpg,37a3ad10751e76119d1267023491eca3,stop/stop_156,24,0.9703,stop/stop_156;lick/lick_111
tag,11.v282i.yolov8_train_lick/train/7_mp4-0011_jpg.rf.b2921a8bd5f337f2d724643e01539e3b.jpg,6bf0a2fea63367d40399083571780f2c,stop/stop_47,33,0.9702,stop/stop_47
tag,11.v282i.yolov8_train_lick/train/lick17-7_png.rf.911b675450b1ef18068958b7b15c4f76.jpg,8822698fbd1a01805435d7ca51270666,lick/lick_8,78,0.9692,lick/lick_8;lick/lick_10
tag,11.v282i.yolov8_stop/train/The_video_duration_must_be_exa-16-_mp4-0000_jpg.rf.497d69baf3131ed882fb7bd58f5f329d.jpg,f7935e00ebd077a5e47027a6ae2a8bef,lick/lick_110,3,0.9692,lick/lick_110;stop/stop_158
tag,11.v282i.yolov8_train_lick/train/The_video_duration_must_be_exa-7-_mp4-0011_jpg.rf.c80627d569734775d0015ee4586135c8.jpg,18c435b6e2bf1ea019fb4a9b13010091,lick/lick_105,84,0.9686,lick/lick_105;stop/stop_155
tag,11.v282i.yolov8_train_scratch/train/scratch4847_mp4-0006_jpg.rf.5a7074d590b2dc9de5c6439efa5f3e6f.jpg,b326dd392fac1c0d5d05cdad207f143a,scratch/scratch_26,18,0.9686,scratch/scratch_26
tag,11.v282i.yolov8_train_scratch/train/scratch4847_mp4-0009_jpg.rf.f81b0c395afd55cba36c03537541c801.jpg,0bd026e989aa6e3ad4154bba02fc870a,scratch/scratch_26,30,0.9686,scratch/scratch_26
tag,11.v282i.yolov8_train_scratch/train/scratch4847_mp4-0004_jpg.rf.bc8048607aaf55cbdcddc6887f86c99e.jpg,dbee8b82cae5be887aea0e8ecc5b8b2e,scratch/scratch_26,21,0.9685,scratch/scratch_26
tag,11.v282i.yolov8_train_lick/train/11_mp4-0015_jpg.rf.2fe73f1ceb847c9fd97ca5fbed6f2881.jpg,3ddf7c995f191a5f343cb1d3c407e28e,lick/lick_15,168,0.9682,lick/lick_15
tag,11.v282i.yolov8_train_lick/train/The_video_duration_must_be_exa-7-_mp4-0008_jpg.rf.59d9912a10731933b1f746d00743f154.jpg,9b82bc1adc01767a0237213498b4f233,lick/lick_121,60,0.9682,lick/lick_121;stop/stop_167
tag,11.v282i.yolov8_stop/train/1-2-_mp4-0000_jpg.rf.8f79d3eebbf1124c4d3961c4eb85fe51.jpg,07488b64030b7759617b519bf03f45f3,stop/stop_122,21,0.9681,stop/stop_122
tag,11.v282i.yolov8_train_lick/train/1_mp4-0011_jpg.rf.782c8e4c50a0d14964d791e5ec59a6d4.jpg,d35d6997f5c478ac2bcdf3b392af7b1c,stop/stop_109,21,0.9671,stop/stop_109
tag,11.v282i.yolov8_train_lick/train/The_video_duration_must_be_exa-8-_mp4-0013_jpg.rf.90afb55cc9dbe85e8e0a3e426f7494ee.jpg,02c4e6bca9c63f0c55a2c48a339ea94f,lick/lick_113,123,0.9670,lick/lick_113;stop/stop_160
tag,11.v282i.yolov8_train_lick/train/The_video_duration_must_be_exa-8-_mp4-0018_jpg.rf.ab44f0896bcfb15e096019f7af416e1b.jpg,84365253e771e1a887304781d190ba1a,lick/lick_113,153,0.9661,lick/lick_113;stop/stop_160
tag,11.v282i.yolov8_all_walk/train/walk_real-11_png.rf.c147af0e125d00ce8b6aefded3d892e9.jpg,f5e3f20c15e6816c10f11fdb15d46e62,walk/walk25,495,0.9652,walk/walk25
tag,11.v282i.yolov8_all_walk/train/walk_real-12_png.rf.5e2b4d751b487f1066c1f9e2ff5d5681.jpg,e6821aaa490596704955e578336c2cc0,walk/walk25,507,0.9651,walk/walk25
tag,11.v282i.yolov8_train_lick/train/The_video_duration_must_be_exa-21-_mp4-0007_jpg.rf.fc1ad4847425c47bffeeb79d2cf83706.jpg,d4750028d4877f2f769967dc09dfd05b,lick/lick_104,60,0.9650,lick/lick_104;stop/stop_154
tag,11.v282i.yolov8_train_scratch/train/1-6-_mp4-0024_jpg.rf.6559ad9fbf4e07e29985f3d3e9effd75.jpg,0e855642878f4b3d95744ce9a42e3330,scratch/scratch_54,81,0.9638,scratch/scratch_54;stop/stop_126
tag,11.v282i.yolov8_train_lick/train/588-6-_mp4-0013_jpg.rf.57ec72d4508bb6540c932ce1e1de5673.jpg,1fcab77555eb744364fce328aabef1f2,scratch/scratch_46,27,0.9628,scratch/scratch_46;stop/stop_133;stop/stop_79
tag,11.v282i.yolov8_train_scratch/train/1-6-_mp4-0021_jpg.rf.a1de0a88ed1e541533070a0c29e8ca39.jpg,a841a043b8363d9a39bad0c446867c8c,scratch/scratch_54,45,0.9628,scratch/scratch_54;stop/stop_126
tag,11.v282i.yolov8_train_lick/train/lick544872_mp4-0000_jpg.rf.06fc8663b0d6918ed865e345ea14f768.jpg,a92d41889c830468155178c3349c0a49,lick/lick_5_hq,0,0.9621,lick/lick_5_hq
tag,11.v282i.yolov8_train_lick/train/588-6-_mp4-0019_jpg.rf.604b2a9fe090e6963555b8125753082b.jpg,8026f8c35bddea9fbfe8c98bf3a24960,scratch/scratch_46,27,0.9615,scratch/scratch_46;stop/stop_133;stop/stop_79
tag,11.v282i.yolov8_train_lick/train/1-2-_mp4-0017_jpg.rf.40c74233cb87bd2aaef8fef04b98ced6.jpg,b8a11a485af4d9f886679470d6960c3e,lick/lick_124,117,0.9613,lick/lick_124
tag,11.v282i.yolov8_train_scratch/train/1-6-_mp4-0009_jpg.rf.3a1e9aa92e0751779f783181deabf076.jpg,0a3c61f6e924eef496ccf9ccb974a47e,scratch/scratch_54,81,0.9609,scratch/scratch_54;stop/stop_126
tag,11.v282i.yolov8_train_lick/train/1_mp4-0008_jpg.rf.531eff67d44c60f5dc7211d562496ee2.jpg,4b58bbfa2ce2e68352adcbd0c94d3f89,stop/stop_95,3,0.9608,stop/stop_95
tag,11.v282i.yolov8_train_lick/train/2_mp4-0008_jpg.rf.f1fe95fa44049a6e336f123674966747.jpg,197432a440c217d91f06f00b056455b8,stop/stop_52,30,0.9595,stop/stop_52
tag,11.v282i.yolov8_train_lick/train/1_mp4-0009_jpg.rf.2d4eba0a995b9fcbdd734bb791c9f572.jpg,d3e856553a73b901d1c42aebdb022126,lick/lick_64,150,0.9593,lick/lick_64
tag,11.v282i.yolov8_train_lick/train/7_mp4-0007_jpg.rf.603638a55d3308f0fe5a10cea1a68e15.jpg,ae2c34534dc20df9d7066bdc4179d326,stop/stop_47,21,0.9588,stop/stop_47
tag,11.v282i.yolov8_train_lick/train/lick544872_mp4-0007_jpg.rf.727ec12299a65425c2a7c44c672a0699.jpg,df80ec88a20b93c1f3d9b427a7b1fe2e,lick/lick_5_hq,171,0.9581,lick/lick_5_hq
tag,11.v282i.yolov8_all_walk/train/walk_real-1_png.rf.f306975536b3e83c1af26c2a5b7aa6ac.jpg,3acc74c7563e21a9c344fa6e8508b19a,walk/walk24,18,0.9580,walk/walk24
tag,11.v282i.yolov8_train_lick/train/3_mp4-0007_jpg.rf.38b9c8b1cc426b75123de360695b6fb7.jpg,ec943b9ff8cbc2eeb467d7d3f6834620,stop/stop_89,33,0.9578,stop/stop_89;stop/stop_28
tag,11.v282i.yolov8_all_walk/train/walk_real-3_png.rf.27626ce41c4055dd7d9b4f2b37a3f955.jpg,6e0a06d864851088dc55b018864b8307,walk/walk24,54,0.9567,walk/walk24
tag,11.v282i.yolov8_train_lick/train/1_mp4-0007_jpg.rf.45bd963a5625d2b556d2e7f723f68252.jpg,009f569612b2824f0b8fd7049719d47e,lick/lick_64,147,0.9561,lick/lick_64
tag,11.v282i.yolov8_train_lick/train/4_mp4-0028_jpg.rf.ca668d4a1f6a8535604707876aa9e8c5.jpg,14311a47ce5009333b0e66bb851cdef9,scratch/scratch_54,171,0.9561,scratch/scratch_54;stop/stop_126
tag,11.v282i.yolov8_train_lick/train/The_video_duration_must_be_exa-7-_mp4-0010_jpg.rf.ce77e191dfff94cb72ca6896842686d3.jpg,bf6343db874bda44cd3a26b8ce94b07e,lick/lick_105,72,0.9555,lick/lick_105;stop/stop_155
tag,11.v282i.yolov8_train_lick/train/1_mp4-0000_jpg.rf.027c720c281fef10a4c302ecccc6aaf1.jpg,308ee52dda719dc7bed7f44c7cffea33,lick/lick_64,219,0.9550,lick/lick_64
tag,11.v282i.yolov8_stop/train/The_video_duration_must_be_exa-7-_mp4-0000_jpg.rf.979f45ec4629e2cf078b5dfb8595af15.jpg,b3ca0d6d1a293068f6d140780bd325e9,lick/lick_105,0,0.9545,lick/lick_105;stop/stop_155
tag,11.v282i.yolov8_train_scratch/train/scratch2-17_png.rf.fab51b4c33bbec2d80cf64859ea8b801.jpg,9980c2f03dcb43d6269a055a4d2b263d,scratch/scratch_25,105,0.9544,scratch/scratch_25
tag,11.v282i.yolov8_train_lick/train/7_mp4-0008_jpg.rf.6f205724d567234d3cc43d634a234d58.jpg,cd8880598d964360f2e021a93f52e058,stop/stop_47,33,0.9537,stop/stop_47
tag,11.v282i.yolov8_train_lick/train/The_video_duration_must_be_exa-21-_mp4-0009_jpg.rf.85c64455b0774033e7ab64ac7b43a243.jpg,9d4a187668e597516f42c32f0d3fb7b4,lick/lick_104,78,0.9533,lick/lick_104;stop/stop_154
tag,11.v282i.yolov8_train_lick/train/The_video_duration_must_be_exa-13-_mp4-0007_jpg.rf.ab42565a03ec653739daba2499b4ff64.jpg,89f32838be7ae0e22dbd027e943fcc9f,stop/stop_152,48,0.9528,stop/stop_152;stop/stop_153
tag,11.v282i.yolov8_train_lick/train/The_video_duration_must_be_exa-7-_mp4-0008_jpg.rf.f059acbc007d0f51137faa59378125ec.jpg,03cd943c860b19045de6cd80fbc162fa,lick/lick_105,57,0.9527,lick/lick_105;stop/stop_155
tag,11.v282i.yolov8_all_walk/train/walk_real-2_png.rf.5ab54d0d04f1759336e4fad4887b2ed6.jpg,01da7e9937a8ade972e6b909430bdf1f,walk/walk24,27,0.9523,walk/walk24
tag,11.v282i.yolov8_train_lick/train/1_mp4-0005_jpg.rf.90e94389e03c66315297fb719132137a.jpg,e963b07fd1bbaf62d7fed75d89da4044,lick/lick_64,87,0.9514,lick/lick_64
tag,11.v282i.yolov8_all_walk/train/walk_real-8_png.rf.c086769b176f3401bd81cf0ec072e29c.jpg,da37c9eff2b1b2d972de969970caa96f,walk/walk25,108,0.9513,walk/walk25
tag,11.v282i.yolov8_train_lick/train/3_mp4-0008_jpg.rf.ea56d9c9fa81e33bd702fb2e43219626.jpg,88637027a9698cf4efd4d809e0b3ce45,stop/stop_89,33,0.9513,stop/stop_89;stop/stop_28
tag,11.v282i.yolov8_stop/train/12_mp4-0010_jpg.rf.c5e187d8e175c79bf1745e944ed98117.jpg,cfae2b3ebf1c0d828ba4c922eb58781a,stop/stop_172,57,0.9508,stop/stop_172
tag,11.v282i.yolov8_train_lick/train/1-9-_mp4-0023_jpg.rf.6ac5913a0e6ded36428570d10bdd61af.jpg,cab3f4449c1dfddef2aac33d1d8744db,stop/stop_173,60,0.9499,stop/stop_173
tag,11.v282i.yolov8_train_lick/train/4_mp4-0008_jpg.rf.152720769ac2e5b285bb6c63f5d0a859.jpg,e224b69cb3dd83a6ea8ba835bc345ed8,scratch/scratch_54,27,0.9497,scratch/scratch_54;stop/stop_126
tag,11.v282i.yolov8_train_lick/train/588-6-_mp4-0012_jpg.rf.a857e6e5e865e8d7fddca23e4ffe1d2a.jpg,ccef074bdb6a4765f1491ef13bda72f7,scratch/scratch_46,30,0.9493,scratch/scratch_46;stop/stop_133;stop/stop_79
tag,11.v282i.yolov8_train_lick/train/1_mp4-0009_jpg.rf.a692adb389bc2f9accd9c2f0a0ac5cad.jpg,b886a8717688a4dfeef3fbea94fe95a0,stop/stop_95,3,0.9491,stop/stop_95
tag,11.v282i.yolov8_all_walk/train/walk_real-7_png.rf.9c2b5967e23f7fdb9239e76025165d1f.jpg,f2a221e87932c5abe0e2827ec4933677,walk/walk25,57,0.9485,walk/walk25
tag,11.v282i.yolov8_train_lick/train/lick17-6_png.rf.9c35f7204775dd3510df30783bac67de.jpg,2873f34b8d995724b981649cefb4b63f,lick/lick_8,72,0.9481,lick/lick_8
tag,11.v282i.yolov8_train_lick/train/3_mp4-0009_jpg.rf.3915461ba8acb056a64d878758439485.jpg,4f87b22ec951270c41765985136be30f,stop/stop_89,33,0.9479,stop/stop_89;stop/stop_28
tag,11.v282i.yolov8_train_lick/train/The_video_duration_must_be_exa-13-_mp4-0008_jpg.rf.461b68a62573582a9951d2d7255416d2.jpg,a412bbb9692036c15cb15ee0a1ae8c99,stop/stop_152,48,0.9477,stop/stop_152;stop/stop_153
tag,11.v282i.yolov8_all_walk/train/walk_real-6_png.rf.e1c2ee351b3325be5cd62044c1949fe9.jpg,9482dc7310352ffb4ce32401fb9face5,walk/walk25,24,0.9472,walk/walk25
tag,11.v282i.yolov8_all_walk/train/walk_real-5_png.rf.8e3049e62fddc8c130d5045c448dd686.jpg,4e2fb84c259cb5a9306e69107aca6f65,walk/walk25,0,0.9463,walk/walk25
tag,11.v282i.yolov8_train_lick/train/9_mp4-0000_jpg.rf.b8b19a6cee18c70fdc6361f924c9aca0.jpg,7b0510c53c56d9457d8816fc1f565f86,lick/lick_15,15,0.9461,lick/lick_15
tag,11.v282i.yolov8_train_lick/train/11_mp4-0005_jpg.rf.16af24bccb2618a52dc9ab128e64d916.jpg,71113521a70e1224527c45179fc48218,lick/lick_15,30,0.9456,lick/lick_15
tag,11.v282i.yolov8_train_lick/train/The_video_duration_must_be_exa-4-_mp4-0011_jpg.rf.40f2c6fb7a3f86933ec88b54796ad573.jpg,85d75e43d4529efb5a00d3fb02734b9f,stop/stop_161,33,0.9448,stop/stop_161
tag,11.v282i.yolov8_train_scratch/train/1-37-_mp4-0003_jpg.rf.11d60c02a87ad8855cb28b0c75332bb0.jpg,0311b16780eeb99af44533d5a190f656,stop/stop_118,27,0.9447,stop/stop_118
tag,11.v282i.yolov8_train_lick/train/11_mp4-0008_jpg.rf.834f18c4128e6a9057eaca84897c371c.jpg,4cf1898f0ffec4a2583c63afd100f1d3,lick/lick_15,60,0.9438,lick/lick_15
tag,11.v282i.yolov8_train_lick/train/588-6-_mp4-0016_jpg.rf.9250bb0c2507b4d3c6b5fb5cf9204a74.jpg,3bdb3af8b1a16cbffcdce74899871ad9,scratch/scratch_46,225,0.9433,scratch/scratch_46;stop/stop_133;stop/stop_79
tag,11.v282i.yolov8_train_lick/train/lick17-2_png.rf.95ff57286c4c0af9df91795ee12625f7.jpg,cb75e8a16b493c11f1c7226b160a1abc,lick/lick_8,15,0.9431,lick/lick_8;lick/lick_10
tag,11.v282i.yolov8_all_walk/train/cat-room-background_jpg.rf.12edbc3f586673645733e0b6faa4222d.jpg,59c81a7ee5bcf6cf79724b25ab868f0c,shake/shake_72,78,0.9428,shake/shake_72
tag,11.v282i.yolov8_train_lick/train/lick17-3_png.rf.0a6bf6f9a1f50a48638cee315f6318e4.jpg,429a434d5aaeb9c9f6b5be1c835ca698,lick/lick_8,21,0.9426,lick/lick_8;lick/lick_10
tag,11.v282i.yolov8_stop/train/1-14-_mp4-0001_jpg.rf.1f3d427635c3256251a75a6b1ec7600f.jpg,1f8bc269c0fced2222ddf04ca9796312,stop/stop_135,12,0.9426,stop/stop_135
tag,11.v282i.yolov8_train_lick/train/lick17-10_png.rf.1a274a10404817ba710a53ca1e990db4.jpg,da055d154d997550cb0bd5ed5ca45a8a,lick/lick_8,105,0.9421,lick/lick_8;lick/lick_10
tag,11.v282i.yolov8_train_lick/train/lick17-1_png.rf.e6df45e4ce1d9ba1009beccff080eb9e.jpg,31c4daa7ff8b49ec98a6f6ac4e4bfae0,lick/lick_8,3,0.9419,lick/lick_8
tag,11.v282i.yolov8_train_lick/train/lick17-4_png.rf.6a25804f6f94b6ee1e8222703281b303.jpg,0ae403bb445e14c118260673eb29e5b1,lick/lick_8,45,0.9419,lick/lick_8
tag,11.v282i.yolov8_train_lick/train/The_video_duration_must_be_exa-7-_mp4-0020_jpg.rf.59ac2b84879431956ed8cd70186ff9d5.jpg,668c363d553d0ba79ec9218ce3d89890,lick/lick_105,129,0.9411,lick/lick_105;stop/stop_155
tag,11.v282i.yolov8_train_lick/train/1-2-_mp4-0024_jpg.rf.0489b35f384d22fd4037b7278a7b5155.jpg,5141afff1466fc14167977e79c6d75e1,lick/lick_124,180,0.9409,lick/lick_124
tag,11.v282i.yolov8_train_lick/train/lick17-5_png.rf.e76809d584aee40bb276c0c200d298ae.jpg,1d4187f87d6b153a38038a9c483270f1,lick/lick_8,66,0.9405,lick/lick_8;lick/lick_9_hq
tag,11.v282i.yolov8_stop/train/scratch_60_mp4-0004_jpg.rf.41cdf9c7f576aafb8f1cd42bc6c6313e.jpg,27bcb0de6138077d1c217ff9be1a44a1,stop/stop_142,36,0.9404,stop/stop_142
tag,11.v282i.yolov8_train_lick/train/1-9-_mp4-0011_jpg.rf.2270d479bafbf4f1f39d60e627d67710.jpg,1a1bd6925bd5fe8b1baa16c39d191b9a,stop/stop_173,60,0.9403,stop/stop_173
tag,11.v282i.yolov8_stop/train/The_video_duration_must_be_exa-21-_mp4-0001_jpg.rf.54a78159045244153f54ed84eac2cbc4.jpg,da13ec412693f2eb4e496448e6c78e33,lick/lick_104,15,0.9400,lick/lick_104;stop/stop_154
tag,11.v282i.yolov8_train_lick/train/5_mp4-0010_jpg.rf.02c1dbb3fcaa2ee3428cb0ae34e048b8.jpg,9501a8cc6e36fae71042129646ca5819,stop/stop_55,27,0.9399,stop/stop_55;lick/lick_68
tag,11.v282i.yolov8_train_lick/train/1-9-_mp4-0007_jpg.rf.3f94417f3123f5a800eb046e78b226cd.jpg,fc55a58ddd62514aea30d9a0b532ee99,stop/stop_173,60,0.9398,stop/stop_173
tag,11.v282i.yolov8_train_lick/train/2_mp4-0011_jpg.rf.1e1f32a2961a1668c489eb62e0604a7c.jpg,eba238e8116619196ee3ec3af873b4a4,stop/stop_52,33,0.9396,stop/stop_52
tag,11.v282i.yolov8_train_lick/train/5_mp4-0009_jpg.rf.46e09338a21a50284ce0de0c376039df.jpg,3cb38089ad2a1b3ea18e939c98a40125,stop/stop_55,12,0.9388,stop/stop_55;lick/lick_68
tag,11.v282i.yolov8_train_lick/train/lick40_mp4-0013_jpg.rf.73f91e1e1c14f6da947739da871a0040.jpg,851a2ebf373cbf60358c1725c6976ae3,stop/stop_87,0,0.9376,stop/stop_87
tag,11.v282i.yolov8_all_walk/train/walk_real-9_png.rf.ea54defebead0e3599de416c8bbcaba8.jpg,cb2262a1d6d7042006c3058599684cb6,walk/walk25,201,0.9368,walk/walk25
tag,11.v282i.yolov8_stop/train/The_video_duration_must_be_exa-3-_mp4-0003_jpg.rf.5ea8a1842c4972af3248d439314347fb.jpg,5e73c10620f65acf79372e024f01ea8d,stop/stop_164,33,0.9366,stop/stop_164
tag,11.v282i.yolov8_train_lick/train/lick40_mp4-0012_jpg.rf.dc03fba56862849e34b56bbe66d9cb1d.jpg,254df162b198941c3c5d6a8a30546492,stop/stop_87,0,0.9364,stop/stop_87
tag,11.v282i.yolov8_stop/train/7_mp4-0007_jpg.rf.ccf0104ec18b3f3ce8f0f442fa46d804.jpg,862c95222ca7902489a9c13e793fce83,stop/stop_32,15,0.9362,stop/stop_32
tag,11.v282i.yolov8_stop/train/9_mp4-0008_jpg.rf.c32372c8bf7c48d9e8f03bb0b12c8951.jpg,6ddd81f87dc86b65b30574f62534f08c,stop/stop_47,30,0.9360,stop/stop_47
tag,11.v282i.yolov8_all_walk/valid/portrait-cat-13-_jpg.rf.d676a06a03940fa6750f2cdafdfaeb0e.jpg,8e8d98575263821a80109f77d753377c,shake/shake_18,0,0.9358,shake/shake_18
tag,11.v282i.yolov8_train_lick/train/The_video_duration_must_be_exa-3-_mp4-0008_jpg.rf.ad94cf5338065b1c1f8130599d6728be.jpg,d6f576a38376a469a651fe65b1501019,stop/stop_119,36,0.9357,stop/stop_119
tag,11.v282i.yolov8_train_lick/train/lick18-3_png.rf.222cd082d8b2d6dff33e31cea5fc7d3b.jpg,9e18dc81dd54e71223646cc09b4b1371,lick/lick_9_hq,108,0.9356,lick/lick_9_hq
tag,11.v282i.yolov8_train_lick/train/3_mp4-0024_jpg.rf.f1380b83288697cf5b1c1cde25a496b8.jpg,cde0ae4175bb6a132f3db9e0306c7f82,stop/stop_89,33,0.9352,stop/stop_89;stop/stop_28
tag,11.v282i.yolov8_train_lick/train/1_mp4-0013_jpg.rf.318512d2e0a56b3ed6ed1cff0b27e81b.jpg,d66b2b59f0c0d76f8ccd5948333f1536,stop/stop_95,3,0.9349,stop/stop_95
tag,11.v282i.yolov8_train_lick/train/lick3-3_png.rf.c57c5ab9cd9538b62ed71ec7349cda4c.jpg,0934a8755449fbe5ec33c76366971d82,lick/lick_9_hq,120,0.9347,lick/lick_9_hq
tag,11.v282i.yolov8_all_walk/train/walk_real-10_png.rf.ac432813c16306e2aaf3aa7661e9d088.jpg,c41217d683a408276c1409c8403d5f47,walk/walk25,360,0.9331,walk/walk25
tag,11.v282i.yolov8_train_lick/train/The_video_duration_must_be_exa-4-_mp4-0009_jpg.rf.b13c93f077fc73cfbf47111f9e67b7f4.jpg,91fb3dc7e65468e09aaf0a76367cc667,stop/stop_161,33,0.9331,stop/stop_161
tag,11.v282i.yolov8_train_lick/train/3_mp4-0014_jpg.rf.cf35cc10cb6ca95dbd7ac667a4fe6b26.jpg,fa3b350d54803058e7e30ddf92af5d08,stop/stop_89,33,0.9315,stop/stop_89;stop/stop_28
tag,11.v282i.yolov8_train_lick/train/5_mp4-0012_jpg.rf.fc523bbf270ced71944d12998cb17fa0.jpg,38411bd03ccb24f6c7af9e17b2e7f2db,stop/stop_55,45,0.9314,stop/stop_55;lick/lick_68
tag,11.v282i.yolov8_stop/train/9_mp4-0000_jpg.rf.7b67c72ebd04b16d7011a2d42cf3f49d.jpg,eb4cd75736905c47a797aedbd8eab3e3,stop/stop_33,0,0.9310,stop/stop_33
tag,11.v282i.yolov8_train_lick/train/1_mp4-0012_jpg.rf.9bee0dbf561e9f83d5d67e26f3922e4b.jpg,b43e9eb30c2b8a003806e3476d308035,stop/stop_95,3,0.9309,stop/stop_95
tag,11.v282i.yolov8_train_lick/train/lick2-1_png.rf.bbeaac2652f341859a08d50a0c2da244.jpg,411cbe731a6312384c79f7f4202ef900,lick/lick_9_hq,15,0.9303,lick/lick_9_hq
tag,11.v282i.yolov8_train_lick/train/5_mp4-0017_jpg.rf.5ef3fe049f9e5ab0932b64a0f780b5bd.jpg,78dfabc6a0de33415e28974e8a4792c6,stop/stop_55,30,0.9300,stop/stop_55;lick/lick_68
tag,11.v282i.yolov8_train_lick/train/The_video_duration_must_be_exa-7-_mp4-0015_jpg.rf.c2ef56a244e421b4b051f192f63f78c8.jpg,71601818e74e9a8dd09081a4a28e81a3,lick/lick_105,117,0.9297,lick/lick_105;stop/stop_155
tag,11.v282i.yolov8_stop/train/The_video_duration_must_be_exa-7-_mp4-0025_jpg.rf.61b60bdf3ee33f57bd388daa173bff98.jpg,a64387a6a7b3cfacb18a022cbf28eee3,stop/stop_155,0,0.9297,stop/stop_155;lick/lick_105
tag,11.v282i.yolov8_train_lick/train/lick4-1_png.rf.1e940c1dcc4913a88568a4a2faf11c51.jpg,fb1eb396b5a1f1b3952fb63a30eb4d6c,lick/lick_9_hq,15,0.9283,lick/lick_9_hq
tag,11.v282i.yolov8_train_lick/train/lick18-2_png.rf.6d3fcf59a827e8f4391a9ff850474e9d.jpg,a264451f20b1b98aec2b8ca717fdb2a4,lick/lick_9_hq,48,0.9279,lick/lick_9_hq
tag,11.v282i.yolov8_train_lick/train/lick20-1_png.rf.8db8511fb8a44a425ef6a20d33e91eb6.jpg,b2f45e6505807f0513cb42cccd5dc228,stop/stop_28,3,0.9276,stop/stop_28;stop/stop_89
tag,11.v282i.yolov8_train_lick/train/The_video_duration_must_be_exa-20-_mp4-0010_jpg.rf.2585bc2104be78aba8f14d4bc9987968.jpg,51d0ce1a0e600d8f842129c07a9aa351,stop/stop_162,36,0.9275,stop/stop_162
tag,11.v282i.yolov8_train_lick/train/3_mp4-0011_jpg.rf.17f3be3d184c94b31ca2835d915b4d0d.jpg,49e757d8f3846595b20ea586ff3374a7,stop/stop_89,33,0.9272,stop/stop_89;stop/stop_28
tag,11.v282i.yolov8_train_lick/train/12_mp4-0007_jpg.rf.a34e27194c45e39837c63e5ec3d9bca3.jpg,24d4344b622057522c8da835b44aa3f6,stop/stop_172,18,0.9266,stop/stop_172
tag,11.v282i.yolov8_train_lick/train/3_mp4-0023_jpg.rf.803f271c3e8e10a182dac361bc466bcf.jpg,5474ea9d11de5a66045c5a36cef3f1ee,stop/stop_89,33,0.9248,stop/stop_89;stop/stop_28
tag,11.v282i.yolov8_train_lick/train/lick40_mp4-0009_jpg.rf.c1440c08001ace5dd5234a22076b84d0.jpg,799de03f16e2d93e3f010527ce190128,stop/stop_87,27,0.9248,stop/stop_87
tag,11.v282i.yolov8_train_lick/train/1_mp4-0014_jpg.rf.6e465e20a166f542276919b4578e15e7.jpg,468fde9230177933122a173624c71d92,stop/stop_95,3,0.9247,stop/stop_95
tag,11.v282i.yolov8_train_lick/train/lick18-1_png.rf.88bf4f9af5e6cb3a643b2f067f9b86ca.jpg,c41339a3606af1a19da793cd0697943b,lick/lick_9_hq,0,0.9246,lick/lick_9_hq
tag,11.v282i.yolov8_train_lick/train/588-4-_mp4-0013_jpg.rf.3aaf37dcffc3b236c196222c410f66a1.jpg,2e185b0ed9f85b98430ed94e51a826f0,stop/stop_103,0,0.9240,stop/stop_103;shake/shake_13
tag,11.v282i.yolov8_train_lick/train/1-3-_mp4-0023_jpg.rf.3f17d370af06ff17854b3242aff4fc72.jpg,e35beeddad74aa45af69e57230ed1635,scratch/scratch_53,150,0.9226,scratch/scratch_53;stop/stop_107
tag,11.v282i.yolov8_train_lick/train/9_mp4-0018_jpg.rf.f1ecd3225e6eb37dd6f5de22b71937b7.jpg,75793d17e880c904f2869ae79c88f07e,stop/stop_47,0,0.9218,stop/stop_47
tag,11.v282i.yolov8_train_lick/train/The_video_duration_must_be_exa-3-_mp4-0009_jpg.rf.a49fd4a07cb647fee80dd49078a74660.jpg,a826e666debe54ba8ed9469667f6198f,stop/stop_119,30,0.9202,stop/stop_119
tag,11.v282i.yolov8_train_lick/train/588-4-_mp4-0011_jpg.rf.9af4c6b5be6bcf5f8a01de6c7d030433.jpg,8c9cd693f1b9dd91c350e400c787b85b,stop/stop_103,0,0.9191,stop/stop_103;shake/shake_13;stop/stop529
tag,11.v282i.yolov8_all_walk/train/cat-looking-away-while-sitting-footpath_jpg.rf.9092f242251eefc4ed5cac0bd1a4ea34.jpg,070eda982ad310b7ce3ed125fe1fa96b,shake/shake_47,24,0.9181,shake/shake_47
tag,11.v282i.yolov8_train_lick/train/588-4-_mp4-0008_jpg.rf.48c8c6c09cd6118fa7f95ede052b5fcb.jpg,ecaf97f8aa744faed2b0c395dd46fc76,stop/stop_103,54,0.9175,stop/stop_103;shake/shake_13;stop/stop529
tag,11.v282i.yolov8_stop/train/The_video_duration_must_be_exa-12-_mp4-0000_jpg.rf.8c8afd96cd9c0a553746c95563340fbb.jpg,85ec8d58af6b03251b7272c5459dbe01,stop/stop_150,0,0.9167,stop/stop_150
tag,11.v282i.yolov8_all_walk/train/black-dogs-street_jpg.rf.40db19bb7420450d2efdf141386e031a.jpg,1afcefd33a53a31f3e871a3fd5ecf41e,shake/shake_75,6,0.9132,shake/shake_75
tag,11.v282i.yolov8_train_lick/train/1-3-_mp4-0020_jpg.rf.b220f3c5837ca502ae10e430d786b412.jpg,585d4848898dc7788bf69869ca90d65b,scratch/scratch_53,147,0.9129,scratch/scratch_53;stop/stop_107
tag,11.v282i.yolov8_train_lick/train/9_mp4-0014_jpg.rf.85e6f903c0025d3185a99b60e4ecfc17.jpg,f1012ac348fbbe8662286f17cc29451f,stop/stop_47,9,0.9127,stop/stop_47
tag,11.v282i.yolov8_train_lick/train/The_video_duration_must_be_exa-20-_mp4-0011_jpg.rf.6f800417c9eb26925808f30bb9f0cfb7.jpg,72a4b8ffbacd9ecf6dd6af93fecae3d0,stop/stop_162,30,0.9126,stop/stop_162
tag,11.v282i.yolov8_stop/train/10_mp4-0000_jpg.rf.e231dbecb23941926c1f66caebb825da.jpg,20ccb2353b104290ff07f4db92e25cd7,stop/stop_25,0,0.9117,stop/stop_25
tag,11.v282i.yolov8_train_scratch/train/1-8-_mp4-0022_jpg.rf.012e9e070dc1ffec2ee9dbedd53d3c8f.jpg,74db615f6d27debe60396d8cf6521604,stop/stop_127,27,0.9115,stop/stop_127
tag,11.v282i.yolov8_train_scratch/train/1-8-_mp4-0024_jpg.rf.643b67accf34496631042d61187ed8c7.jpg,c9e0778bb5cbd111e9d173c39eeb5e43,stop/stop_127,27,0.9115,stop/stop_127
tag,11.v282i.yolov8_train_scratch/train/1-13-_mp4-0004_jpg.rf.45be0a0df545326d4347ed51788769bd.jpg,6efc5f14d987adeee96dd786542bfe51,stop/stop_134,24,0.9105,stop/stop_134
tag,11.v282i.yolov8_stop/train/The_video_duration_must_be_exa-20-_mp4-0000_jpg.rf.1ab17aaff92fca042176e2acae30c311.jpg,b4f2af84bb768598f1a36ef7a461894c,stop/stop_162,6,0.9102,stop/stop_162
tag,11.v282i.yolov8_train_scratch/train/1-8-_mp4-0023_jpg.rf.e1b06e7038724030ce70402b8429930b.jpg,c4dab65f89eb5d54a195b07e57037225,stop/stop_127,27,0.9087,stop/stop_127
tag,11.v282i.yolov8_train_lick/train/9_mp4-0011_jpg.rf.b0cbb26085ca98b97ece9b1669392dc0.jpg,e810105f9820b9a5d0990707a5b19bdd,stop/stop_47,18,0.9081,stop/stop_47
tag,11.v282i.yolov8_train_lick/train/588-4-_mp4-0009_jpg.rf.f72423436c953d854a26a840071af694.jpg,99743490b2bb1144415630fa51a737d1,stop/stop_103,54,0.9075,stop/stop_103;shake/shake_13
tag,11.v282i.yolov8_train_lick/train/9_mp4-0012_jpg.rf.f37bace0bbb45f540c0b9f903ad8936c.jpg,b80c4d26a4e07494a691127658083b62,stop/stop_47,18,0.9071,stop/stop_47
tag,11.v282i.yolov8_train_lick/train/1-9-_mp4-0008_jpg.rf.ab950ec5e45aa91b0a37758cfcdbf874.jpg,f74b303eaa213a418873f4fa26138027,stop/stop_173,60,0.9064,stop/stop_173
tag,11.v282i.yolov8_train_lick/train/The_video_duration_must_be_exa-4-_mp4-0007_jpg.rf.b6e902b74a7416d52f9f3b0108fc585f.jpg,dac7d7be953575ce891ab47feb66f7c9,stop/stop_161,33,0.9063,stop/stop_161
tag,11.v282i.yolov8_train_lick/train/The_video_duration_must_be_exa_mp4-0012_jpg.rf.8415fe8a55b9a39f8982133a75654983.jpg,2172b0a08492967e1d1eb8c11b797f58,stop/stop_168,36,0.9055,stop/stop_168
tag,11.v282i.yolov8_train_scratch/train/1-8-_mp4-0021_jpg.rf.bb62dfccca637e8a695945d0a4832aac.jpg,2ea246437a6319b29c7708c421eb318b,stop/stop_127,27,0.9048,stop/stop_127
tag,11.v282i.yolov8_train_lick/train/The_video_duration_must_be_exa-11-_mp4-0007_jpg.rf.3c524e9cd3b6a333c230f2172852f555.jpg,21ee08db8f129c4994022206b8e214fc,stop/stop_149,0,0.9032,stop/stop_149
tag,11.v282i.yolov8_train_lick/train/1-3-_mp4-0018_jpg.rf.1ea9ccec76d8168f102902c380747040.jpg,71aafa2dff5693f3a878c5d4e9dd248d,stop/stop_107,39,0.9030,stop/stop_107;scratch/scratch_53
tag,11.v282i.yolov8_all_walk/train/beautiful-calico-cat-standing-outdoors_jpg.rf.6c01d0440de418519cc80fb56dba3786.jpg,be695699d673bc8a6f58ea4ccf45ed24,shake/shake_69,168,0.9014,shake/shake_69;lick/lick_51;stop/stop534;lick/lick_44
tag,11.v282i.yolov8_train_lick/train/1-3-_mp4-0008_jpg.rf.d472ebeff3fcc2d84535387f65b05182.jpg,ef93cbb1e4868e5837c20a2173b311a2,scratch/scratch_53,168,0.8995,scratch/scratch_53;stop/stop_107
tag,11.v282i.yolov8_train_lick/train/The_video_duration_must_be_exa_mp4-0008_jpg.rf.1808d4998b487ca7b7901b466e93d570.jpg,57ad1b806982121fa342b1dbed0a51a8,stop/stop_168,15,0.8979,stop/stop_168
tag,11.v282i.yolov8_train_lick/train/588-4-_mp4-0010_jpg.rf.a74ef7e3c6df2bb01af613b90f493672.jpg,c41ca0d961ce9b78758e879886f55824,stop/stop_103,54,0.8975,stop/stop_103;shake/shake_13
tag,11.v282i.yolov8_all_walk/train/full-length-cat-field_jpg.rf.ff093f165d1abf59390ff619d27059e7.jpg,edc9e8fdae9b6c74678d65d91971aee8,shake/shake_43,0,0.8971,shake/shake_43
tag,11.v282i.yolov8_train_lick/train/The_video_duration_must_be_exa_mp4-0015_jpg.rf.36d2b2519774f60060e35158b2e9ab71.jpg,6c04f8d8bb3e154e8fd04a1eb63511b0,stop/stop_168,36,0.8969,stop/stop_168
tag,11.v282i.yolov8_train_lick/train/1-3-_mp4-0015_jpg.rf.95cb215e0d67458a9667a6102cb2cb5d.jpg,59d39f8735a0b675e8c7417b4b2fdaab,scratch/scratch_53,147,0.8964,scratch/scratch_53;stop/stop_107
tag,11.v282i.yolov8_train_lick/train/The_video_duration_must_be_exa-9-_mp4-0007_jpg.rf.28377fba09e4c68f358630041b56d927.jpg,27d28bd986ef2034edc9595bdbbe5b21,stop/stop_149,0,0.8942,stop/stop_149
tag,11.v282i.yolov8_train_lick/train/11_mp4-0008_jpg.rf.64ce87e2915f73175e8e99fce2c585f8.jpg,4700345a0aebb843786e2be8d02e9306,stop/stop_131,24,0.8934,stop/stop_131
tag,11.v282i.yolov8_train_lick/train/The_video_duration_must_be_exa-11-_mp4-0012_jpg.rf.b9851bacec922229691472547994c4a5.jpg,3ba74a5a8dc7e7e95ea2f08d7bff2b70,stop/stop_149,0,0.8896,stop/stop_149
tag,11.v282i.yolov8_train_lick/train/The_video_duration_must_be_exa-20-_mp4-0009_jpg.rf.b84ef8f136aaecfca584188994a2771e.jpg,ef8bd897971ebad9ad51616374986641,stop/stop_162,39,0.8887,stop/stop_162
tag,11.v282i.yolov8_train_lick/train/The_video_duration_must_be_exa-15-_mp4-0018_jpg.rf.a55cf10c03a5b393fbee37a4c9705724.jpg,5347b34d33459d7b845a08be5f35df99,stop/stop_157,54,0.8882,stop/stop_157
tag,11.v282i.yolov8_train_lick/train/The_video_duration_must_be_exa-9-_mp4-0017_jpg.rf.4f7293d9e7dcd37bdfd04cbc274c0ac0.jpg,fd9d3a6e0caf2b576b8a75b30b0ef912,stop/stop_149,0,0.8878,stop/stop_149
tag,11.v282i.yolov8_train_lick/train/The_video_duration_must_be_exa_mp4-0009_jpg.rf.c56416d536c4614e91cd946b2f2293ec.jpg,a49c3491c31a1e0bfbfb03b8fdf5224b,stop/stop_168,36,0.8878,stop/stop_168
tag,11.v282i.yolov8_train_lick/train/4_mp4-0008_jpg.rf.5f8a72e6fa59f515040697349b7b3ac2.jpg,db6c8daf55e08dee51e9aefc837f8b78,stop/stop_54,36,0.8864,stop/stop_54
tag,11.v282i.yolov8_train_lick/train/The_video_duration_must_be_exa-15-_mp4-0019_jpg.rf.b6349043060f882b19c03d226c3dc41b.jpg,b98723c4cc37c097184bd36e0f412fad,stop/stop_157,54,0.8861,stop/stop_157
tag,11.v282i.yolov8_all_walk/train/portrait-cat-12-_jpg.rf.f9793675ea104fe1f436be0f5e4a72fd.jpg,b5a1c5557616139d949789c5c23cc253,shake/shake_13,36,0.8857,shake/shake_13;stop/stop529
tag,11.v282i.yolov8_all_walk/valid/side-view-horse-walking-field_jpg.rf.cb7a8312fef4e27ca7acc64aad03779a.jpg,fa9eeef76313af2a7d9dfc370c4ba6b3,shake/shake_23,0,0.8857,shake/shake_23
tag,11.v282i.yolov8_train_lick/train/7_mp4-0012_jpg.rf.f18fc0d6464e9eb4653a3e87bb1a3c66.jpg,31cdf7b1d60aefaa53136a57e71ef3f1,stop/stop_93,60,0.8841,stop/stop_93
tag,11.v282i.yolov8_train_lick/train/7_mp4-0009_jpg.rf.191656ab436d5a468268cbc7ce2356f7.jpg,de5105228642eeb771584163be11e702,stop/stop_93,60,0.8825,stop/stop_93
tag,11.v282i.yolov8_train_lick/train/7_mp4-0011_jpg.rf.945069b407c8268d6e808718057cb6ca.jpg,eb481c7bf712278a1b5ebd78429f8a55,stop/stop_93,60,0.8803,stop/stop_93
tag,11.v282i.yolov8_train_scratch/train/1-12-_mp4-0004_jpg.rf.431e782aa82f4a16517d30ee845a0de3.jpg,f6b64773aa685e74eeaf5e5f4cc34953,stop/stop_131,21,0.8796,stop/stop_131
tag,11.v282i.yolov8_train_lick/train/7_mp4-0013_jpg.rf.a098c47a8e4fe0454d473fdbdb60ab83.jpg,87542cc8f2badd4eb997f2ee04d5a09a,stop/stop_93,60,0.8795,stop/stop_93
tag,11.v282i.yolov8_all_walk/train/stray-cat-old-town-kotor-montenegro_jpg.rf.87a073b43a560639d4ce6c605a662c56.jpg,bfbeef1c20e7127ea211dc423eb8e73a,lick/lick_51,201,0.8767,lick/lick_51;shake/shake_69;stop/stop534;shake/shake_61;walk/walk27
tag,11.v282i.yolov8_train_lick/train/The_video_duration_must_be_exa-11-_mp4-0010_jpg.rf.d1a1f8b5c779500a6380a9431ec762fd.jpg,ab08ecc1656a8abc3ac889ce67db4005,stop/stop_149,0,0.8747,stop/stop_149
tag,11.v282i.yolov8_all_walk/train/cat-footpath-by-street_jpg.rf.db40924ea59a374d39e10eea7ae62b03.jpg,fd74485e721d45867150013aeaf458c1,lick/lick_51,198,0.8745,lick/lick_51;stop/stop534;shake/shake_69;walk/walk27;shake/shake_105
tag,11.v282i.yolov8_train_lick/train/The_video_duration_must_be_exa-15-_mp4-0009_jpg.rf.f2f937858dbfd441821dbb3d9f8d2b1e.jpg,0f436a4430ae57a15f4e570243859a7b,stop/stop_157,54,0.8745,stop/stop_157
tag,11.v282i.yolov8_train_lick/train/The_video_duration_must_be_exa-3-_mp4-0010_jpg.rf.01f3c41a8a0ffff69c5c8a78a52dfaaf.jpg,40f40126839cd87c06fdf59e3fe33d88,stop/stop_164,72,0.8726,stop/stop_164
tag,11.v282i.yolov8_all_walk/train/full-length-dog-running-road-1-_jpg.rf.57f1c4f961d82a4527eef9d6573e9ce7.jpg,30ae940193ac5fca594474e821243148,shake/shake_16,0,0.8722,shake/shake_16
tag,11.v282i.yolov8_train_scratch/train/1-16-_mp4-0004_jpg.rf.0ff7ff06b87295f144a6cbca52132eef.jpg,fae01dec9dc180127d7b259cc9f4830c,stop/stop_120,12,0.8717,stop/stop_120;stop/stop_101
tag,11.v282i.yolov8_stop/train/1_mp4-0006_jpg.rf.8372817c4c95d56a1b40b03547749fa5.jpg,b4f43d4318be0a4e8261b7b12b22c782,stop/stop_51,54,0.8713,stop/stop_51
tag,11.v282i.yolov8_stop/train/The_video_duration_must_be_exa-11-_mp4-0009_jpg.rf.500eb1e5070349596519678cf688affb.jpg,c097643bf9d346f07cc1978f0de98a86,stop/stop_149,0,0.8697,stop/stop_149
tag,11.v282i.yolov8_train_scratch/train/1-13-_mp4-0005_jpg.rf.f7e5100dbbcd407e4ebe430ebcf3f669.jpg,bdc5afaa8007a74fd3e66d3d97dbd6b9,stop/stop_134,27,0.8638,stop/stop_134
tag,11.v282i.yolov8_train_scratch/train/1-2-_mp4-0005_jpg.rf.9769e46e09e5aa0886145d4a70e670df.jpg,1b344debbccc02a7f2c86f27a41c19e1,stop/stop_122,0,0.8627,stop/stop_122
tag,11.v282i.yolov8_all_walk/train/tricolor-cat-walks-yard-house-green-lawn-looking-food_jpg.rf.cd282ca233050db0d0dc0dd0448c4fa8.jpg,270d4368af1ab2c977ded2ea75cd90e3,shake/shake_76,0,0.8616,shake/shake_76
tag,11.v282i.yolov8_train_scratch/train/1-8-_mp4-0005_jpg.rf.01654b2ad889a5a3a6772676a2ae125f.jpg,1abe7b4fbd3bca3da54de9b5d6006cf2,stop/stop_127,27,0.8586,stop/stop_127
tag,11.v282i.yolov8_train_lick/train/11_mp4-0009_jpg.rf.e550a3a3ce89c891b8de8972529b5877.jpg,891c50e01f165d0b8db0dac1d76b569c,stop/stop_131,24,0.8584,stop/stop_131
tag,11.v282i.yolov8_train_lick/train/lick42_mp4-0008_jpg.rf.a5954bd058a8033a3b7b33b07df10430.jpg,215d8176aaf515c149667e89e3bb7483,stop/stop_90,54,0.8574,stop/stop_90
tag,11.v282i.yolov8_train_lick/train/11_mp4-0012_jpg.rf.171e5ff7b24f0500119463ca80903b1b.jpg,3feb94724a1c68b5b6bd086c34faec23,stop/stop_131,24,0.8553,stop/stop_131
tag,11.v282i.yolov8_train_lick/train/7_mp4-0021_jpg.rf.1fbe151148eba06b401928fb6c947d49.jpg,3eb87d75882fd097eccafb2966c629d1,stop/stop_32,15,0.8549,stop/stop_32
tag,11.v282i.yolov8_train_scratch/train/1-13-_mp4-0007_jpg.rf.f0a572e16bdea1055efaf39a1b296ab7.jpg,67e94b112be482615cfc1648d4aa32d0,stop/stop_134,27,0.8549,stop/stop_134
tag,11.v282i.yolov8_train_lick/train/3_mp4-0007_jpg.rf.98092d19c7d02d495d8723102a989330.jpg,101f2325d744fe30c5c850f51f5bc9c7,stop/stop_80,54,0.8539,stop/stop_80
tag,11.v282i.yolov8_all_walk/train/view-dog-beach_jpg.rf.5067a1549dfa12678980218a1e4964e2.jpg,3defe2bc20feeb216fa14199ed66551c,lick/lick_11,63,0.8522,lick/lick_11;stop/stop_36;stop/stop_56;lick/lick_28_hq;lick/lick_3_hq;lick/lick_31_hq
tag,11.v282i.yolov8_train_lick/train/4_mp4-0015_jpg.rf.751ab9618051e43aaa3f6ec3ae68aeb6.jpg,f53050c5b9ada37cc23bd0dcbef3415c,stop/stop_42,45,0.8522,stop/stop_42
tag,11.v282i.yolov8_all_walk/train/orange-tabby-cat-1-_jpg.rf.1ae02b78b46f4f7f1690ba44ff20a87b.jpg,750b0e20980b90e5e45d941ec514b304,shake/shake_37,21,0.8521,shake/shake_37
tag,11.v282i.yolov8_train_scratch/train/1-2-_mp4-0006_jpg.rf.b1bb36baefa3f9a22f6f86d7af230c73.jpg,f51e54b36beb5285545d95d1e3569333,stop/stop_122,0,0.8512,stop/stop_122
tag,11.v282i.yolov8_all_walk/train/12039516133_9a7032f204_b_jpg.rf.5e1e1cc1e5567d9beb64a56685f5f19b.jpg,9f6a590f6b32c0e4249140bd61570fdc,lick/lick_51,201,0.8510,lick/lick_51;shake/shake_69
tag,11.v282i.yolov8_train_scratch/train/1-13-_mp4-0006_jpg.rf.95f4b23cde807ddfccc40fa2911e8093.jpg,81433e8e0b24a7bfa380c6c57adc6f3c,stop/stop_134,27,0.8496,stop/stop_134
tag,11.v282i.yolov8_train_scratch/valid/3_mp4-0005_jpg.rf.78719b70d98c7bf8ea711898b3731ce7.jpg,5a5354359ad2baa47f12d053ae36bf60,stop/stop_104,0,0.8494,stop/stop_104
tag,11.v282i.yolov8_train_lick/train/The_video_duration_must_be_exa-3-_mp4-0016_jpg.rf.a0a66c864dcd1e3e24915cd12d167a7d.jpg,c935414ea2e99c86f40b26f8d00bfbf0,stop/stop_164,72,0.8472,stop/stop_164
tag,11.v282i.yolov8_train_scratch/train/1-16-_mp4-0006_jpg.rf.d245e57b74c37e49249f0f86d22c474b.jpg,9e98350b7f80a2b022fa2e9bf87d5c85,stop/stop_120,0,0.8466,stop/stop_120;stop/stop_101
tag,11.v282i.yolov8_train_scratch/train/1-16-_mp4-0007_jpg.rf.a902527278c149231cc02479fc1ff0da.jpg,9bbc713cdf9c4d4e9c30f34cb81d18eb,stop/stop_120,15,0.8452,stop/stop_120;stop/stop_101
tag,11.v282i.yolov8_train_scratch/valid/3_mp4-0028_jpg.rf.e7e566a7c39bfcc36581ac63e1a8bd29.jpg,9384520697728daf2ecaf5ba3e534ec7,stop/stop_104,0,0.8397,stop/stop_104
tag,11.v282i.yolov8_train_scratch/train/1-35-_mp4-0008_jpg.rf.cf4a7991c384064e1053a825916f3a77.jpg,2a360f50b83c08816f878b97a1fd9d40,stop/stop_116,27,0.8387,stop/stop_116
tag,11.v282i.yolov8_train_lick/train/lick42_mp4-0009_jpg.rf.9184ff68d084fb5c7fdec5598c65f66c.jpg,e8d3cabab92103842bfcd8841a64e7fe,stop/stop_90,36,0.8384,stop/stop_90
tag,11.v282i.yolov8_train_lick/train/7_mp4-0016_jpg.rf.fb20da5fed7671ec80d8bdab3974b16f.jpg,3815c8bf7af27a7dd718353bcca0690e,stop/stop_32,27,0.8375,stop/stop_32
tag,11.v282i.yolov8_all_walk/train/side-view-dog-walking-footpath_jpg.rf.6183908661c249c0e5bf5467f6658585.jpg,3dc84105ce0f39270c35911419aa8345,shake/shake_46,0,0.8373,shake/shake_46
tag,11.v282i.yolov8_stop/train/7_mp4-0018_jpg.rf.05999c95126309954aea64283987d3ae.jpg,1c2faf9279c8520ca1f87ab562470065,stop/stop_32,27,0.8371,stop/stop_32
tag,11.v282i.yolov8_all_walk/train/cat-looking-away-footpath_jpg.rf.87855f673a9111db8461034cee12c921.jpg,e91346cfdff8b00d86dc149763c33c3d,shake/shake_71,18,0.8365,shake/shake_71
tag,11.v282i.yolov8_train_lick/train/11_mp4-0016_jpg.rf.2d03303d9c4c12535e0e84f4d35ceceb.jpg,c8bee54a9bd96a0a24067b6b346a9860,stop/stop_131,24,0.8344,stop/stop_131
tag,11.v282i.yolov8_train_scratch/train/1-12-_mp4-0007_jpg.rf.bbb247727b23ddb66b66f2550c09f6d9.jpg,7fef6cf1d119d3fe117080c8cee12205,stop/stop_131,21,0.8343,stop/stop_131
tag,11.v282i.yolov8_train_lick/train/lick42_mp4-0012_jpg.rf.1af1f4e0ad22b696f3c4e68623323df5.jpg,d58ae7e0ad0f5792d8c37948f0e23a34,stop/stop_90,54,0.8340,stop/stop_90
tag,11.v282i.yolov8_all_walk/train/luminos-film-HHM2PtLzKuo-unsplash_jpg.rf.f249029bc16b5e7ce2162fe9cf251f38.jpg,e730cf3e5a332db14a04d163eede2131,lick/lick_51,198,0.8339,lick/lick_51;stop/stop534;shake/shake_69;walk/walk27
tag,11.v282i.yolov8_train_lick/train/lick42_mp4-0010_jpg.rf.1a02fba1e276ca49d04302ead582047f.jpg,375e5dc0b6a14a944517c9b368727bcb,stop/stop_90,45,0.8336,stop/stop_90
tag,11.v282i.yolov8_all_walk/train/cat-sitting-rock_jpg.rf.a412364cdd0282e61fbb51abeaa6a60b.jpg,b4e56b46cc50e8aa14564017773fafd3,lick/lick_11,57,0.8331,lick/lick_11;stop/stop_36;stop/stop_56;lick/lick_3_hq;lick/lick_28_hq;lick/lick_31_hq
tag,11.v282i.yolov8_train_scratch/train/1-12-_mp4-0005_jpg.rf.cf93e5fd52e0e6331c9908a0a81adeaa.jpg,2559e749e52fd8b7cb1f7e1f41101180,stop/stop_131,21,0.8327,stop/stop_131
tag,11.v282i.yolov8_train_scratch/train/1-12-_mp4-0006_jpg.rf.62bc135bc9bded6599d3e3827de61176.jpg,3b13578d7ea8b9dae79727a2d5c85370,stop/stop_131,21,0.8321,stop/stop_131
tag,11.v282i.yolov8_all_walk/train/stray-cat-lawn-park_jpg.rf.50a61eae6598f80fce92000612a57328.jpg,fcdb31ef6b9b1222ce2738b2e95482e1,shake/shake_20,18,0.8317,shake/shake_20
tag,11.v282i.yolov8_stop/train/4_mp4-0011_jpg.rf.b069a80d288ad3e3a38ff12ebe99daf2.jpg,e7c2323e25e73ae9617346c476efac23,stop/stop_54,0,0.8308,stop/stop_54
tag,11.v282i.yolov8_train_lick/train/11_mp4-0019_jpg.rf.3a5592657f7d9374a245c1a8a38ec865.jpg,f6fd00598470785d59719de93d9ba57c,stop/stop_131,24,0.8307,stop/stop_131
tag,11.v282i.yolov8_train_lick/train/4_mp4-0012_jpg.rf.f57d74eb664e612e6ac23451ad6cbf6f.jpg,8a7e318852cf726f0ac796e14413f922,stop/stop_42,45,0.8293,stop/stop_42
tag,11.v282i.yolov8_all_walk/valid/jack-prommel-UePxBaua454-unsplash_jpg.rf.59c0bb4a2795743a9cd062632e1f2bb0.jpg,b80ff96c649dbd5a78610ee47cebcc45,lick/lick_51,201,0.8281,lick/lick_51;shake/shake_61;shake/shake_69;stop/stop534;walk/walk18
tag,11.v282i.yolov8_all_walk/train/ginger-cat-isolated_jpg.rf.c87d5c018a9f1bb9eae1b365b5241b06.jpg,e9db4a2398fed06d96dfcf082b71ed89,shake/shake_72,57,0.8277,shake/shake_72
tag,11.v282i.yolov8_train_lick/train/10_mp4-0008_jpg.rf.a6832534a4822cd05998b83b58d23bb5.jpg,6ee4365af0757fd7d8963e40b0def981,stop/stop_85,0,0.8276,stop/stop_85
tag,11.v282i.yolov8_train_lick/train/lick42_mp4-0011_jpg.rf.cfe5d85c43f47ad73d2833a4a35eb34f.jpg,4181282f68477e4733ecb9bf70bd7b02,stop/stop_90,54,0.8272,stop/stop_90
tag,11.v282i.yolov8_all_walk/train/pet-animal-cute-cat-indoor-house-cat_jpg.rf.3a19046b6b150f6dd872bc7afa15e127.jpg,578759e2910444e3a5d16dacc153fe78,shake/shake_52,12,0.8264,shake/shake_52
tag,11.v282i.yolov8_train_scratch/train/1-35-_mp4-0007_jpg.rf.25c2a963dc8f791793286992bf231087.jpg,162e2d22f6fbd57c4c5343722659464b,stop/stop_116,27,0.8260,stop/stop_116
tag,11.v282i.yolov8_train_scratch/train/1-35-_mp4-0006_jpg.rf.244f541cccd7ed0375f54338312f939b.jpg,109dc3cdd58bf529a6a4f721915e2357,stop/stop_116,27,0.8243,stop/stop_116
tag,11.v282i.yolov8_all_walk/train/homeless-abandoned-cat_jpg.rf.e6ce2da2b99b843d869b9a5d275446a8.jpg,a1cc0ccc6d0453fa42ab66aa8ba56a63,lick/lick_51,186,0.8227,lick/lick_51;shake/shake_69;stop/stop534;walk/walk27;lick/lick_125
tag,11.v282i.yolov8_train_lick/train/7_mp4-0011_jpg.rf.70bacc2b9dc4283890245bf26dc8f2c9.jpg,cb7483d69d70dc1e47c32dea4cadadfc,stop/stop_32,15,0.8212,stop/stop_32
tag,11.v282i.yolov8_all_walk/train/british-shorthair-kitten_jpg.rf.cdc8cab299124f29800f5c2737ad1fe3.jpg,bf208324313643786b59d3a131d96334,shake/shake_72,57,0.8209,shake/shake_72
tag,11.v282i.yolov8_train_lick/train/4_mp4-0009_jpg.rf.044834fe1f55c9eee4c6ca2a0ec6fc5a.jpg,4fb7dd961d256b4a80b48d92387bdb39,stop/stop_54,36,0.8196,stop/stop_54
tag,11.v282i.yolov8_train_scratch/train/scratch452655_mp4-0009_jpg.rf.8638ee8f5f3f298d7a38f6450208f565.jpg,37b15d33f9f76e4fc97c700ae03e0baa,stop/stop502,93,0.8189,stop/stop502;scratch/scratch_18
tag,11.v282i.yolov8_train_scratch/train/scratch452655_mp4-0008_jpg.rf.a698675b004cc688001f01d830c3ec71.jpg,c147927db1e2d36cec02664ddf3fd7f3,stop/stop502,93,0.8177,stop/stop502;scratch/scratch_18
tag,11.v282i.yolov8_all_walk/train/istockphoto-2166288571-612x612_jpg.rf.c9517242641baeac4b3a0ee8aeca4b6d.jpg,9fbe37ae3b6df7603ec47eaa6c4b4c2b,lick/lick_51,189,0.8146,lick/lick_51;shake/shake_69;walk/walk27;stop/stop534;lick/lick_125
tag,11.v282i.yolov8_all_walk/train/inja-pavlic-880tfUgH8Hk-unsplash_jpg.rf.95bf00afcff9c079b76f9b987d5995c5.jpg,313bbd2f47bb62f518d4da02bc192d4f,lick/lick_51,201,0.8143,lick/lick_51
tag,11.v282i.yolov8_all_walk/train/stray-cat-is-seen-street_jpg.rf.9b1f653ed1ae0832543202a63aae3f3d.jpg,24af401e10007d310aa5d34c4208e1cb,shake/shake_39,3,0.8143,shake/shake_39
tag,11.v282i.yolov8_all_walk/train/cute-domestic-cat-rural-landscapes_jpg.rf.d20a236043e97f96e4760bbae7c1e62e.jpg,de406910ee45be9f6ca7c4842002f57f,shake/shake_61,42,0.8117,shake/shake_61;walk/walk18;walk/walk26
tag,11.v282i.yolov8_train_scratch/train/scratch452655_mp4-0012_jpg.rf.2c676de7bcdb3a0174b5324e3653f9a7.jpg,8082feb43cbe21e371c4850b9a13699d,stop/stop502,57,0.8115,stop/stop502;scratch/scratch_18
tag,11.v282i.yolov8_all_walk/train/white-cat-lying-sun-lawn_jpg.rf.70a77cdefaeb6cb06c2216adb957ac1b.jpg,ea17bca04a2fb695432050bc9c9d00e3,shake/shake_2,0,0.8112,shake/shake_2;stop/stop514
tag,11.v282i.yolov8_train_scratch/train/scratch452655_mp4-0010_jpg.rf.3f68915be32fe92f45170f08d75e0982.jpg,3f734642cb6056b75626f31fefa3e6fa,stop/stop502,93,0.8099,stop/stop502;scratch/scratch_18
tag,11.v282i.yolov8_train_lick/train/4_mp4-0011_jpg.rf.77fb18bde1f0b8e43c54c8d2f5570825.jpg,ad13c8e07ae379f0a2002a52c774e76b,stop/stop_42,45,0.8095,stop/stop_42
tag,11.v282i.yolov8_train_scratch/train/scratch452655_mp4-0013_jpg.rf.9d16bcb87570adf6ff8c0192d92eb728.jpg,7da541d1d7c5e15388f18218d6d3f533,scratch/scratch_18,33,0.8082,scratch/scratch_18;stop/stop502
tag,11.v282i.yolov8_train_lick/train/4_mp4-0010_jpg.rf.269f991faa5e8424402958cf5a5b17a3.jpg,a2191ca32748901cfd257db396120ad5,stop/stop_54,0,0.8074,stop/stop_54
tag,11.v282i.yolov8_all_walk/train/white-cat-standing-field_jpg.rf.9fbb221904c811098f37fbf93a109dc6.jpg,bd8da543d0bb5807c9b94bcb1441ece2,scratch/scratch_38,18,0.8054,scratch/scratch_38;stop/stop_141;stop/stop539
tag,11.v282i.yolov8_all_walk/train/cat-walking-outdoors_jpg.rf.22f7539b0b14722b86968ae2fa7b0f51.jpg,e605b2262770ef86daa9828685af22ca,lick/lick_51,45,0.8035,lick/lick_51;shake/shake_69;shake/shake_61
tag,11.v282i.yolov8_all_walk/train/portrait-cat-standing-footpath-1-_jpg.rf.94cf5068544ded4346271a6fa43afb0c.jpg,432e5d5d495d43b9bc358507cd8c62db,walk/walk27,0,0.8019,walk/walk27;walk/walk26
tag,11.v282i.yolov8_train_lick/train/lick18-2_png.rf.f29791d3fb24229dfd0cd039546d07e8.jpg,dd93de33c25c0f24d91c535cc977fd24,stop/stop_80,51,0.8017,stop/stop_80
tag,11.v282i.yolov8_all_walk/train/cat-sitting-floor_jpg.rf.62ade6c8a055d65fc24d717e47e3bd2c.jpg,aa1e1dff5f73fe0b70398e64d277ee5f,lick/lick_51,198,0.8015,lick/lick_51;walk/walk25
tag,11.v282i.yolov8_all_walk/valid/side-view-cat-field_jpg.rf.c5d7cc1c30a68334ff193102863f2169.jpg,9a54af6b83eb4c8a868540ec49f3ad85,stop/stop_36,45,0.8014,stop/stop_36;lick/lick_11
tag,11.v282i.yolov8_all_walk/valid/close-up-sheep-standing-outdoors-1-_jpg.rf.9b0aa40e2c1b84c3ac2901e2c2687891.jpg,fe320dc92d8c93b22a3e3aaf4e433c0f,stop/stop504,45,0.7991,stop/stop504
tag,11.v282i.yolov8_train_lick/train/3_mp4-0015_jpg.rf.7478946c8d95b7ab4ef6001999aa5bb9.jpg,286f55d47c2ac33b10831fc4d0046f97,stop/stop_80,54,0.7983,stop/stop_80
tag,11.v282i.yolov8_all_walk/valid/stray-cat-old-town-kotor-montenegro_jpg.rf.e3e3f6b6d694d064adbdf6dca706cdf2.jpg,ff5ae3d1e66b60e6a74c3327fb2e7a96,walk/walk26,342,0.7978,walk/walk26;walk/walk27
tag,11.v282i.yolov8_train_lick/train/4_mp4-0009_jpg.rf.2b94b2035442efb93989779231f7daa0.jpg,e3ad8c37229edc88493d0a743a686f49,stop/stop_42,45,0.7975,stop/stop_42
tag,11.v282i.yolov8_train_scratch/train/scratch_49_mp4-0006_jpg.rf.5e6c050916cf58ec0ab58dad2a22d4d8.jpg,582a840b96be15f514cb256479e7ac0f,stop/stop_106,30,0.7954,stop/stop_106
tag,11.v282i.yolov8_all_walk/valid/cat-with-tail-that-says-cat-it_jpg.rf.73eb21bca13fd813261a643fbe4d8531.jpg,f13ade2a978bb24383d7fbe83c029b14,lick/lick_51,108,0.7949,lick/lick_51;stop/stop534;shake/shake_69;scratch/scratch_38;walk/walk27;stop/stop_141
tag,11.v282i.yolov8_all_walk/valid/close-up-cat-looking-away-1-_jpg.rf.0164cdb29fd070302ab480efb9ccc6ad.jpg,2d28572639d05c971d0ddcd92169035d,shake/shake_73,0,0.7949,shake/shake_73
tag,11.v282i.yolov8_all_walk/train/portrait-tabby-cat-adult-tabby-cat-sits-concrete-severe-cat-2-_jpg.rf.0587f47102f9c90f369ec9cde0283485.jpg,c2fd8c61d4e4cc27a114955317338b3a,lick/lick_51,201,0.7934,lick/lick_51;shake/shake_69;stop/stop534
tag,11.v282i.yolov8_all_walk/valid/portrait-cat-footpath_jpg.rf.5181b1e06b4af2b6fabd1c7c7565a62e.jpg,0c2d07f71e5222321d67ae358a979a00,stop/stop539,87,0.7934,stop/stop539;shake/shake_38;scratch/scratch_38;stop/stop_141
tag,11.v282i.yolov8_all_walk/train/concept-homeless-animals-stray-dirty-sadness-cat-street_jpg.rf.143724c38ab07fbd612a8ca51ace5d9b.jpg,feec3877d01a923e9a48b145d5a25995,lick/lick_11,51,0.7924,lick/lick_11;stop/stop_36
tag,11.v282i.yolov8_train_scratch/valid/3_mp4-0010_jpg.rf.21bcd68121e6813a155304f6c246afab.jpg,40e033937c4b447f0787ad6493ce7cd0,stop/stop_104,0,0.7921,stop/stop_104
tag,11.v282i.yolov8_all_walk/train/istockphoto-2231828960-612x612_jpg.rf.8cd646b443d298cc28661dc1f96755c0.jpg,dfa9ef52714d8da8e69ffe253c579767,stop/stop_103,54,0.7891,stop/stop_103;stop/stop539
tag,11.v282i.yolov8_all_walk/train/cat-looking-up_jpg.rf.7cb99047eb75e7ddf835280caff888f8.jpg,001957fce9463bd72f6fea33992bd726,lick/lick_51,198,0.7887,lick/lick_51;stop/stop534;shake/shake_61;walk/walk18;walk/walk25
tag,11.v282i.yolov8_train_lick/train/4_mp4-0008_jpg.rf.effbc68454c5ef890c320ee906984e6f.jpg,1389ae7d31161d0613e9d93427b6c9a9,stop/stop_42,45,0.7881,stop/stop_42
tag,11.v282i.yolov8_train_lick/train/10_mp4-0011_jpg.rf.16a0189a355fb86073f6c4a20feecba4.jpg,48d6fb0731b80dc9b4eda4a3a4eaeebf,stop/stop_85,0,0.7868,stop/stop_85
tag,11.v282i.yolov8_all_walk/train/portrait-cat_jpg.rf.eefcdd50788f782892be54ef92a3a573.jpg,d06442d3380e5cdf4c53274e28e22605,lick/lick_51,198,0.7856,lick/lick_51;stop/stop534;shake/shake_69
tag,11.v282i.yolov8_train_lick/train/3_mp4-0012_jpg.rf.711dcbc5e9400a4b42bebb0fd52b821c.jpg,342b5aa435182886de857055b715f0fa,stop/stop_80,54,0.7843,stop/stop_80
tag,11.v282i.yolov8_train_scratch/valid/3_mp4-0008_jpg.rf.0246d294bbd3f662945f20f0ac4d489d.jpg,f24c706d139f3f6154f06d0abb04c383,stop/stop_104,0,0.7842,stop/stop_104
tag,11.v282i.yolov8_all_walk/train/portrait-tabby-cat-adult-tabby-cat-sits-concrete-severe-cat_jpg.rf.3a3d0e908ed4d63ced0e61da81909cea.jpg,9ff9d349edd127111d682dc385f76d4d,lick/lick_51,201,0.7822,lick/lick_51;stop/stop534;shake/shake_69
tag,11.v282i.yolov8_all_walk/train/ginger-cat-cat-shelter-with-light-sunset_jpg.rf.cd54f833b15bca813d43fedd6ee4dce2.jpg,4e55ae8fb62d7b01481a0b33fc5344ed,shake/shake_31,213,0.7819,shake/shake_31
tag,11.v282i.yolov8_train_lick/train/2_mp4-0017_jpg.rf.70012d7f356c6d773fe20a4e2d388eeb.jpg,5cf3a1816cee17f0cbc69773cc55baa0,stop/stop_52,42,0.7817,stop/stop_52
tag,11.v282i.yolov8_train_lick/train/3_mp4-0014_jpg.rf.97f825f657b329c7fbdc75e3cac5ba57.jpg,d48a5ba7890ecfb42e1e0606600d0a02,stop/stop_80,54,0.7814,stop/stop_80
tag,11.v282i.yolov8_train_lick/train/lick18-1_png.rf.ce8fadb4077304cfa0f8c9a3cd23db64.jpg,0b875e1e773e86a306194ec16dee3618,stop/stop_80,54,0.7811,stop/stop_80
tag,11.v282i.yolov8_all_walk/train/cat-standing-stone-wall-1-_jpg.rf.0d8db8726377077a3e57d730372042c1.jpg,7c1206b59279b26a7e32b1fee8df19d4,shake/shake_5,0,0.7802,shake/shake_5;stop/stop508
tag,11.v282i.yolov8_all_walk/train/side-view-dog-walking-field_jpg.rf.30153f07081f6c1ef4161a6265aca774.jpg,4027c1d4f079ef29ebcbae45e7801f68,lick/lick_51,114,0.7799,lick/lick_51;shake/shake_69;lick/lick_123;stop/stop534;shake/shake_61
tag,11.v282i.yolov8_all_walk/train/portrait-cat-11-_jpg.rf.047e2476ab1e377a04aebc79a85ba8c3.jpg,6195df4d12f810862f8b338e8003129e,scratch/scratch_38,18,0.7790,scratch/scratch_38;stop/stop_141;stop/stop_123;scratch/scratch_65
tag,11.v282i.yolov8_all_walk/train/portrait-cat-1-_jpg.rf.583d197a55bc5c1206dc6c46d53554ee.jpg,6dfa05fab601bd8e612d9fb98ef4b1f5,lick/lick_51,186,0.7785,lick/lick_51;lick/lick_44;shake/shake_69
tag,11.v282i.yolov8_all_walk/train/full-length-cat-standing-road_jpg.rf.c220dae02b7a698dc2189e25659d3ba2.jpg,fe21e9419c8cba6538d34e5984cbccaf,lick/lick_51,126,0.7780,lick/lick_51;scratch/scratch_38;stop/stop_141;shake/shake_69;walk/walk27;stop/stop539;stop/stop534;shake/shake_38
tag,11.v282i.yolov8_all_walk/train/694ced9938a92_png.rf.0698cc2f914144be66fa7aa02e3d01d4.jpg,7fa2d3a4c12b790194e19de2ee7aa081,lick/lick_51,177,0.7777,lick/lick_51;stop/stop534;walk/walk27
tag,11.v282i.yolov8_all_walk/train/abyssinian-cat-isolated-1-_jpg.rf.b0ef9923219af09e9308959dde01dce5.jpg,684b206d5cbe679871f66b654dd37e3f,shake/shake_72,54,0.7774,shake/shake_72
tag,11.v282i.yolov8_all_walk/train/cat-looking-away-against-white-background_jpg.rf.484716c1647b9ca368b4d129dc3502c4.jpg,a9812c59e629755137a269cb194cbe49,shake/shake_72,51,0.7771,shake/shake_72
tag,11.v282i.yolov8_all_walk/valid/side-view-cat-walking-road_jpg.rf.93748faacb77583fe38d5642afa8d442.jpg,ea821bc512e77fc461a45b7c411e766f,lick/lick_51,198,0.7768,lick/lick_51;stop/stop534;shake/shake_69;stop/stop_141;scratch/scratch_38;walk/walk27;shake/shake_61
tag,11.v282i.yolov8_train_lick/train/10_mp4-0010_jpg.rf.50cae1bfcf089b1d6fdc3a33b292f233.jpg,9f8100a1235e002aeb8a45d5998600e0,stop/stop_85,0,0.7759,stop/stop_85
tag,11.v282i.yolov8_train_scratch/train/13_mp4-0006_jpg.rf.e5619ac7e263f0f14c93744c4af1da2b.jpg,2be234b615057f729efe2e4bd348ff1d,stop/stop_52,33,0.7743,stop/stop_52
tag,11.v282i.yolov8_all_walk/train/efe-yagiz-soysal-DGyVvAJNyPE-unsplash_jpg.rf.4e1339b93ecedcfd5601b52c1b9bb5a0.jpg,c51f26888ab01eea0962baa995c2753a,stop/stop528,33,0.7726,stop/stop528;lick/lick_11;lick/lick_31_hq;stop/stop_36;lick/lick_3_hq;stop/stop_56;lick/lick_28_hq;stop/stop_116
tag,11.v282i.yolov8_all_walk/train/cat-footpath-2-_jpg.rf.3af08f27214fffa4361d6667a031e5e6.jpg,d2c3c2017c6ebe613fc621c1dd68fa2c,shake/shake_56,0,0.7725,shake/shake_56
tag,11.v282i.yolov8_all_walk/train/cat-walking-ground-fall-1-_jpg.rf.298ee3e832a0dfe04a7bf96297df39e1.jpg,9d78a76e0600b0da73fe0be39ba5d62f,shake/shake_38,48,0.7716,shake/shake_38;scratch/scratch_38;stop/stop_141;stop/stop539;walk/walk9;walk/walk27;shake/shake_19;shake/shake_69
tag,11.v282i.yolov8_all_walk/train/cat-walking-road_jpg.rf.54c71dba9720c8cb68ba7f07284c8a57.jpg,3a65102c36f2d794c93a908ecdde0c29,scratch/scratch_38,9,0.7705,scratch/scratch_38;stop/stop_141
tag,11.v282i.yolov8_all_walk/valid/cute-little-kitten-isolated-white-background_jpg.rf.bca71f3fcd8aed8d996ea38cb95f607c.jpg,08ea47a4a506f3a3b915b300c7377f25,shake/shake_72,51,0.7695,shake/shake_72
tag,11.v282i.yolov8_all_walk/valid/curious-ginger-cat-exploring-sunlit-garden-with-vibrant-green-foliage_jpg.rf.c3c3f97aa8ae6e35c6ed987553d70893.jpg,10bcac1c3222c2118e0f3f607deba768,shake/shake_25,66,0.7685,shake/shake_25
tag,11.v282i.yolov8_all_walk/train/istockphoto-1345480009-612x612_jpg.rf.b84fb732093c13e0c98bcf61d67432c5.jpg,9cc4742c53457e70518c893ee4eec89c,stop/stop539,87,0.7684,stop/stop539;stop/stop_141;scratch/scratch_38;shake/shake_38;shake/shake_20;shake/shake_19
tag,11.v282i.yolov8_all_walk/valid/portrait-cat-standing-footpath-1-_jpg.rf.c18ee022b8f80ad4ce15c19e978d6e94.jpg,556995491d133aafe613d56fa3673aa3,walk/walk19,39,0.7681,walk/walk19;shake/shake_40;lick/lick_14_hq;walk/walk34;stop/stop505
tag,11.v282i.yolov8_train_scratch/train/13_mp4-0008_jpg.rf.957ebe45071c9d8b43bc5ca4f6381c71.jpg,65c7b45ee97d09c6b490ff03ccbfd380,stop/stop_52,33,0.7671,stop/stop_52
tag,11.v282i.yolov8_all_walk/train/cat-2731321_640_jpg.rf.fc3cecfac668bde1ac347a6e0deeea6b.jpg,0ee8eedb30b564e0bd92a331cfe6118c,lick/lick_11,66,0.7666,lick/lick_11;stop/stop_36
tag,11.v282i.yolov8_train_lick/train/10_mp4-0009_jpg.rf.7b742d7fe9c7024cd9d54de667458849.jpg,75ba4ca7470371d6e89ae11b48a5c997,stop/stop_85,0,0.7650,stop/stop_85
tag,11.v282i.yolov8_all_walk/train/cool-cat-street-catwalk_jpg.rf.7b9274bc5699f09a0d8f778427407605.jpg,3b46d40a8f867f39bdcb1a1fcaa37ecc,lick/lick_51,54,0.7647,lick/lick_51;shake/shake_69
tag,11.v282i.yolov8_all_walk/train/side-view-dog-walking-cat_jpg.rf.f5a86ffed7410de0f3cc067548bd9577.jpg,efdd016cfd61b36a5f8dc871de47e4b6,lick/lick_51,114,0.7624,lick/lick_51;lick/lick_123;shake/shake_69;shake/shake_61;scratch/scratch_38
tag,11.v282i.yolov8_train_lick/train/2_mp4-0019_jpg.rf.0b7dc92998da93fbb94a9d4f98ff725f.jpg,5f66452513b8f385c0514dfca9f59e28,stop/stop_52,42,0.7614,stop/stop_52
tag,11.v282i.yolov8_all_walk/train/santorini-stray-ginger-cat_jpg.rf.f110216c84f02b24e4aed3681fc81c80.jpg,ef86028cd1cce3c8f27e4d9c9ced4ca6,walk/walk27,0,0.7608,walk/walk27;shake/shake_69;lick/lick_51;lick/lick_125;stop/stop534
tag,11.v282i.yolov8_all_walk/train/cat-walking-sidewalk_jpg.rf.01f97cb76b8ae5077a30d1686c3ac76b.jpg,b3f470ef500ed53f99e300fc1c8f8b3d,lick/lick_51,57,0.7606,lick/lick_51;lick/lick_123
tag,11.v282i.yolov8_all_walk/train/wild-cat-forest_jpg.rf.6ef24360d515f59541c4732cb289ce3b.jpg,1cc7032a49a051116107bbded1a9a38a,shake/shake_61,24,0.7599,shake/shake_61;lick/lick_51
tag,11.v282i.yolov8_all_walk/valid/cute-cat-dog-white-wall-fluffy-friends-thai-ridgeback-serengeti-cat_jpg.rf.fb7571bff961a4789cf5c99c4997eb49.jpg,2517bd5e8a0fa7bd882c0e5703ea6094,lick/lick_51,9,0.7591,lick/lick_51
tag,11.v282i.yolov8_all_walk/valid/bengal-cat-front-white-isolated_jpg.rf.0f6d3cdf44e2cad5a8fbe80cffe8ad8a.jpg,816fe885a9f1ebba1c1a6fb2542510eb,shake/shake_72,51,0.7584,shake/shake_72
tag,11.v282i.yolov8_all_walk/train/istockphoto-2242286822-612x612_jpg.rf.ac9174fe76de3a7d1a5ae25c58d3d884.jpg,327877521888aee1fb1023db1c99a719,scratch/scratch_38,18,0.7569,scratch/scratch_38;stop/stop_141
tag,11.v282i.yolov8_all_walk/train/cat-with-yellow-eyes-standing-outdoors_jpg.rf.5668c9f07217cec3178965b884cbeced.jpg,8f5c499a95f9612ad98f011ab574525b,shake/shake_61,6,0.7563,shake/shake_61;lick/lick_51
tag,11.v282i.yolov8_all_walk/valid/portrait-cat-street-2-_jpg.rf.347dc4ed709b796391e9505ce621caab.jpg,66b5da105e049c2a17884224f0d6d93f,shake/shake_69,198,0.7563,shake/shake_69;lick/lick_51;scratch/scratch_38;stop/stop534
tag,11.v282i.yolov8_train_lick/train/lick10-1_png.rf.04ab45176f46cc41297cd83bc2041384.jpg,58381e5b3deac3e05a69f948cdb10cf6,stop/stop_80,33,0.7552,stop/stop_80
tag,11.v282i.yolov8_all_walk/train/portrait-cat-sitting-floor-home_jpg.rf.a3c32d52d47d630b5c84ff6921900e34.jpg,5f38c340eaa4b872de7c890e203091ba,walk/walk26,336,0.7541,walk/walk26
tag,11.v282i.yolov8_train_lick/train/4_mp4-0018_jpg.rf.ee737812c972c0c3928dd8c499f08035.jpg,dca989690dec18f5d71279dd71569bb1,stop/stop_54,36,0.7536,stop/stop_54
tag,11.v282i.yolov8_all_walk/train/istockphoto-2214407323-612x612_jpg.rf.670c45b355612186419f0d2ca123d2ac.jpg,c756ebad4b359d0c3e1e4bfa53a2230c,shake/shake_72,54,0.7534,shake/shake_72
tag,11.v282i.yolov8_all_walk/train/istockphoto-2166425371-612x612_jpg.rf.11e5fc8f560ee88ac0e171129fbab10c.jpg,104c27c361d642a645613236841af1cb,lick/lick_51,75,0.7529,lick/lick_51
tag,11.v282i.yolov8_all_walk/train/cat-is-walking-garden-he-is-so-cute-he-looks-like-little-tiger-it-is-popular-pet_jpg.rf.1667cb204213dbaca778fc145d8224b2.jpg,99c8a976e06d01332ff65e1a93356a13,shake/shake_51,0,0.7523,shake/shake_51
tag,11.v282i.yolov8_all_walk/train/istockphoto-2242286864-612x612_jpg.rf.6595fa1993e182960cb40565e81ffba7.jpg,4e187714b1d1f7954445b4c27e393e8a,lick/lick_123,93,0.7520,lick/lick_123;walk/walk18
tag,11.v282i.yolov8_train_lick/train/4_mp4-0010_jpg.rf.35db02e9d6e81cdac37ab8f2f387d46a.jpg,80a43efcc73315a5317a5559572b69b4,stop/stop_80,33,0.7515,stop/stop_80
tag,11.v282i.yolov8_all_walk/valid/portrait-russian-blue-cat-colored-wall-1-_jpg.rf.a01a68f99e9d82455f4c40ea57983166.jpg,8bf23f1aa92c73db1247cd3e2d3ab679,shake/shake_72,51,0.7494,shake/shake_72
tag,11.v282i.yolov8_train_lick/train/4_mp4-0017_jpg.rf.b7390ca58ff3e951398f559017057ccf.jpg,e2cdb30482de917b45f29ecef73c882f,stop/stop_54,0,0.7485,stop/stop_54
tag,11.v282i.yolov8_all_walk/train/cats-streching_jpg.rf.31eb120cf178a3f95bfbf057da9ade33.jpg,b6c3691778f9af3f24e544856904ffbc,stop/stop_56,51,0.7484,stop/stop_56
tag,11.v282i.yolov8_all_walk/train/white-cat-walking-yellow-flowers-grass-field-sun_jpg.rf.429f4c31ee959d9f636fcb64ab44de24.jpg,e78ef3f46fdf203811d1d832864cda40,shake/shake_2,48,0.7476,shake/shake_2;stop/stop514
tag,11.v282i.yolov8_all_walk/train/cat-looking-away-field_jpg.rf.46400f42d09c04445f6aff37434677f8.jpg,9f7c52c15ea888d7e4d4ce8ed0031940,shake/shake_60,0,0.7465,shake/shake_60
tag,11.v282i.yolov8_train_lick/train/1_mp4-0007_jpg.rf.2cba1770e3449fd11483b27f13ffeb36.jpg,d61a86a3a34f6b6c39fe332ac7003d52,stop/stop_51,54,0.7460,stop/stop_51
tag,11.v282i.yolov8_stop/train/13_mp4-0000_jpg.rf.15d71cd6dbe4e77125bc95686b999fac.jpg,0698710d271ea3fb9f10fa72dfeb2153,stop/stop_52,30,0.7459,stop/stop_52
tag,11.v282i.yolov8_all_walk/train/persian-cat-standing-side-street-park_jpg.rf.72d565e44c93af61010a15cc538c7367.jpg,010f5add81ccd5ee37847ac1f8d058ac,shake/shake_61,168,0.7458,shake/shake_61;scratch/scratch_38;stop/stop_141
tag,11.v282i.yolov8_train_lick/train/4_mp4-0017_jpg.rf.0ca20eedb661ea6060c121c95e00930b.jpg,158427a4d8beef2d98a70d719775f9ee,stop/stop_80,36,0.7455,stop/stop_80
tag,11.v282i.yolov8_all_walk/train/little-red-somali-breed-kitten-cat-smelling-flower-spring-blossom-springtime-mood_jpg.rf.0a2a38c3d2220d64cb97a5ee47861e1c.jpg,d9ae4f3a9405ccfa8b4990beab539ffc,lick/lick_68,216,0.7449,lick/lick_68
tag,11.v282i.yolov8_all_walk/train/portrait-black-cat-1-_jpg.rf.064a2fe7c059386632445e56d859e7d7.jpg,eb5c4414ace68617a788050d9b5c9f06,stop/stop532,6,0.7438,stop/stop532
tag,11.v282i.yolov8_all_walk/train/view-cat-road_jpg.rf.43cf172d253a3d903ec05425cb83293e.jpg,4d9556e25f369176875f674d51864e5e,lick/lick_11,57,0.7434,lick/lick_11;lick/lick_3_hq;lick/lick_28_hq;stop/stop_36;lick/lick_31_hq
tag,11.v282i.yolov8_train_scratch/train/13_mp4-0005_jpg.rf.8c8eec914c4c993861ca674a46171e1f.jpg,c400ae05550782aed248c1a81898603f,stop/stop_52,36,0.7430,stop/stop_52
tag,11.v282i.yolov8_all_walk/train/vadym-alyekseyenko-cujumFupSDk-unsplash_jpg.rf.294eb4b83746a1e322775daf4fc56487.jpg,4e3239e9bfee517c96abe40602df28a4,walk/walk27,0,0.7422,walk/walk27
tag,11.v282i.yolov8_stop/train/14_mp4-0001_jpg.rf.3c819ba3b56844f6fb6f82fbaee44b14.jpg,fa6b8d82aec5d228500356ba68dc1ee5,scratch/scratch_38,162,0.7421,scratch/scratch_38;stop/stop_141
tag,11.v282i.yolov8_all_walk/train/side-view-cat-walking-road-4-_jpg.rf.a4902622cd93861c63072f166ef67263.jpg,dcdc5c6ca069e3b904d6985da92e8b2e,lick/lick_51,159,0.7420,lick/lick_51;shake/shake_69;shake/shake_61
tag,11.v282i.yolov8_stop/train/14_mp4-0003_jpg.rf.50c3fc0b9c00e5c3acb3520d838633f2.jpg,782123b2f6fdcbe69d8c711661207312,scratch/scratch_38,162,0.7416,scratch/scratch_38;stop/stop_141
tag,11.v282i.yolov8_train_lick/train/14_mp4-0012_jpg.rf.b90d03768c2ce8c731a42c6e30e13c7e.jpg,e2e14ffd43170cd291fef34e04a1b522,scratch/scratch_38,162,0.7413,scratch/scratch_38;stop/stop_141
tag,11.v282i.yolov8_all_walk/train/maine-coon-cat_jpg.rf.ae17d9a7b0b8aea3b1cd7382cf4e19ff.jpg,b50c779eab2f29b1c6b0940845162803,shake/shake_72,51,0.7410,shake/shake_72
tag,11.v282i.yolov8_all_walk/valid/black-white-cat-walking-wooden-railing-open-terrace-with-amazing-view-mountains-background-concept-animals-nature_jpg.rf.7518548f55d0c8058821e19688b6c986.jpg,158a7bbc65e823c443f7bd5fd12ffe07,lick/lick_28_hq,324,0.7410,lick/lick_28_hq;lick/lick_3_hq;lick/lick_31_hq
tag,11.v282i.yolov8_all_walk/valid/beautiful-calico-cat-standing-backyard_jpg.rf.1f950aaea0607e27a4c2ea62e295a791.jpg,abe391eb38d43beb410f7cb2b413da82,scratch/scratch_38,27,0.7408,scratch/scratch_38;stop/stop_141
tag,11.v282i.yolov8_train_lick/train/9_mp4-0017_jpg.rf.7e7d63a0d9680cbaa6574bf8bc7687e7.jpg,b22e7c12eb74a6f328d8f70bd142bd60,lick/lick_15,237,0.7407,lick/lick_15
tag,11.v282i.yolov8_all_walk/train/gray-with-white-patches-cat-near-open-door-house_jpg.rf.2783f2c81cba568f63f245fa899a348d.jpg,113760c6e8aaa691a9d97dbd4458d873,stop/stop534,93,0.7403,stop/stop534
tag,11.v282i.yolov8_train_lick/train/14_mp4-0007_jpg.rf.cf3c5e701338beb3e852c8c7018ed10d.jpg,d7a4bf2071eefa1dce29063d3d36d0e7,scratch/scratch_38,162,0.7399,scratch/scratch_38;stop/stop_141
tag,11.v282i.yolov8_train_lick/train/6_mp4-0020_jpg.rf.86fe63ead57c9995a6dc13d81ae779f3.jpg,09b1870895e6fe7bab65bb3dc89e4e9e,scratch/scratch_65,3,0.7395,scratch/scratch_65;stop/stop_123
tag,11.v282i.yolov8_train_scratch/train/1-5-_mp4-0007_jpg.rf.14d4d4ca1d06336a507aa3bf32ebef9e.jpg,f222700c2c9ac9c5ea4390d113a56520,stop/stop_125,30,0.7389,stop/stop_125;stop/stop_144
tag,11.v282i.yolov8_all_walk/train/1-83-_jpg.rf.a40573f01385b6d8850725ddd055c434.jpg,92a8927753c1cfa851cbcc639c52ed36,shake/shake_72,63,0.7386,shake/shake_72
tag,11.v282i.yolov8_train_scratch/train/be_d_be_amp__mp4-0011_jpg.rf.ba6c2b6a69b47ba6237b107ce4d01fee.jpg,0fa642765ad11b9a440aef49ee5294bf,lick/lick_11,168,0.7363,lick/lick_11;stop/stop_36
tag,11.v282i.yolov8_all_walk/train/cat-looking-away_jpg.rf.3af5adedadd7bccd99592df14601edd8.jpg,e83c9323a7ccf74cfc5102f9ed1b1117,scratch/scratch_38,0,0.7354,scratch/scratch_38;stop/stop_141
tag,11.v282i.yolov8_all_walk/train/pexels-andrea-paz-253086918-12519506_jpg.rf.632ed3d4c014845e723baa425143f8de.jpg,3861106a6c644fd60e99127ccf924265,walk/walk18,0,0.7349,walk/walk18
tag,11.v282i.yolov8_train_scratch/train/be_d_be_amp__mp4-0008_jpg.rf.a71d7b6887a837d79128167157760b4e.jpg,adc99a07682a780cac5ba552077cf960,lick/lick_11,165,0.7348,lick/lick_11;stop/stop_36
tag,11.v282i.yolov8_all_walk/train/don-sphynx-cat_jpg.rf.58da96c1af2eb15c20b96b2e4d2ad377.jpg,2d8b02eb2a12c360658f10c7adccdfd0,shake/shake_72,39,0.7343,shake/shake_72
tag,11.v282i.yolov8_all_walk/valid/spring-march-tabby-cat-is-walking-dry-leaves_jpg.rf.6b4da0ebe657f022e8d91d2d1cf00471.jpg,66aa06666f88b5fbe1e23128f7f6744c,lick/lick_123,447,0.7340,lick/lick_123
tag,11.v282i.yolov8_train_lick/train/3_mp4-0019_jpg.rf.9cbae1a59c5e1220ca50331d69dc31cc.jpg,8adb746f452a6ed7052086a6aa10bd95,walk/walk14,0,0.7339,walk/walk14;shake/shake_61;lick/lick_51;walk/walk26
tag,11.v282i.yolov8_all_walk/train/photo-1655278684734-bd1fe9872294_jpg.rf.09d2b4ae2490bc38c44bbbb8a52f4b97.jpg,918446c4f2b2e0384056f9f94f9cd013,lick/lick_51,123,0.7333,lick/lick_51
tag,11.v282i.yolov8_all_walk/valid/cute-cat-isolated-white_jpg.rf.6d11294862c9e7e2307972fdfa6b0702.jpg,b75432c0177f1a12a7628273bdb8ebd3,stop/stop_157,0,0.7332,stop/stop_157
tag,11.v282i.yolov8_all_walk/train/tricolor-cat-walks-snow-outside_jpg.rf.58fe1f6d17dd375fd3f15da43dcd0cee.jpg,c0b7c034ffec1abbf7fb6500aa1e7e4a,scratch/scratch_38,12,0.7329,scratch/scratch_38;stop/stop_141
tag,11.v282i.yolov8_all_walk/valid/cat-relaxing-sidewalk_jpg.rf.e63d2db41a4d27f1afc334479c3a7d66.jpg,bb5718923e198037f42a27085119376e,lick/lick_51,201,0.7325,lick/lick_51;stop/stop534;shake/shake_105
tag,11.v282i.yolov8_all_walk/valid/stray-cat-walks-along-country-road_jpg.rf.1111fb5a9335d40634b1bf8e04781938.jpg,5be1600a2c87e0dd0d47a808dc4c155b,lick/lick_51,198,0.7324,lick/lick_51
tag,11.v282i.yolov8_train_lick/train/3_mp4-0000_jpg.rf.502548d80fd66e704d9c195d47bdbfc3.jpg,ec2f4cb5f62a54a0c99eebd45e758953,walk/walk14,0,0.7323,walk/walk14;shake/shake_61
tag,11.v282i.yolov8_train_lick/train/1_mp4-0010_jpg.rf.8f5285a47354ac1971e02d52e524c675.jpg,0d43cf3754f1dff5ca6c710c3018e6b5,stop/stop_51,54,0.7318,stop/stop_51
tag,11.v282i.yolov8_all_walk/train/thin-gray-cat-looks-photographer-standing-sandy-road-sunny-summer-morning_jpg.rf.85997c0e4718162d76558ca1f6e3361b.jpg,b89af98ccc4c760d223d7dbc9a7caa43,walk/walk27,0,0.7312,walk/walk27
tag,11.v282i.yolov8_train_scratch/train/1-31-_mp4-0006_jpg.rf.1cf173e271fc18de9dbfae8918c98e9d.jpg,c5e408bef93ccf88a8f37b2bf38e1ade,stop/stop_110,39,0.7312,stop/stop_110
tag,11.v282i.yolov8_train_scratch/train/24-4-_mp4-0005_jpg.rf.6f80786a5b19264d33f62280e0d07fd3.jpg,1c20dac0d519565371b39fb6e775ea46,walk/walk10,105,0.7296,walk/walk10;walk/walk18
tag,11.v282i.yolov8_train_lick/train/lick10-2_png.rf.feb07742d5ee4216bc90b7a3ee8a11f6.jpg,2c621f844286648b3dd8bbec483ac99d,stop/stop_80,36,0.7292,stop/stop_80
tag,11.v282i.yolov8_all_walk/valid/adult-red-cat-stands-white-surface-animal-sideways_jpg.rf.d48189498b3b0290efa58ec51cc2853d.jpg,e50189e852c1aa589f68541fc05bc840,stop/stop_157,12,0.7289,stop/stop_157
tag,11.v282i.yolov8_all_walk/valid/abyssinian-cat-isolated_jpg.rf.ff4df0fe5a1a494ef1696ebaf6017b8a.jpg,db877958eec45942c89bf32d586385e0,shake/shake_72,75,0.7288,shake/shake_72
tag,11.v282i.yolov8_all_walk/valid/red-cat-spring-homeless-cat-is-looking-cat-cute-animal-is-thrown-street_jpg.rf.4d687e722b77d95ee37a27f6b98f39f3.jpg,a81a294f167cd48f9796a60c023c56e5,walk/walk18,42,0.7285,walk/walk18;walk/walk19
tag,11.v282i.yolov8_all_walk/train/high-angle-view-cat-footpath-1-_jpg.rf.786f3c22f253c0782be5468c724fa5eb.jpg,ae38925e111ea0cf826eb053b4956839,shake/shake_35,0,0.7284,shake/shake_35
tag,11.v282i.yolov8_train_scratch/train/1-5-_mp4-0006_jpg.rf.75e548c0a8e6db11dbc52c488250e19d.jpg,cb90936494cae6b70768b811a7f38dfd,stop/stop_125,30,0.7280,stop/stop_125;stop/stop_144
tag,11.v282i.yolov8_all_walk/train/3009083-uhd_3840_2160_30fps_mp4-0009_jpg.rf.39a150db3e3ba15c95956ab65784ee3a.jpg,b93c21af856ec9f9306698d7fa0cceaf,walk/walk26,102,0.7279,walk/walk26
tag,11.v282i.yolov8_all_walk/train/photo-1583928096403-8c42570437c0_jpg.rf.3775cdf8670de39d203af0a6bd834f76.jpg,cd40c94079b608f662ae562aa23c7161,lick/lick_51,174,0.7278,lick/lick_51
tag,11.v282i.yolov8_all_walk/train/bangyu-wang-l7DCQuOmX7Q-unsplash_jpg.rf.dc14b54fa5a083efdf6e1b2635ef2cbd.jpg,39bc03ff32b2f4d9e9122b244bf21835,walk/walk26,342,0.7277,walk/walk26;scratch/scratch_11
tag,11.v282i.yolov8_all_walk/valid/full-length-cat-walking-street_jpg.rf.802cbf855f65be0f6c736142ffc5eeda.jpg,62b3b56f0d5321de075b40e9f063bba5,lick/lick_51,90,0.7276,lick/lick_51;stop/stop534
tag,11.v282i.yolov8_all_walk/train/3009083-uhd_3840_2160_30fps_mp4-0002_jpg.rf.6147eebc91f6508f0dc3a6858aba76bd.jpg,ce0496753fabf0cfff4cbff809a400e0,walk/walk26,102,0.7274,walk/walk26
tag,11.v282i.yolov8_all_walk/train/portrait-cat-sitting-wall_jpg.rf.140d3bbfc3240370f4a44fb0af6391f4.jpg,36ed345a333f2e9a239fb8bce1cdc21f,lick/lick_51,132,0.7274,lick/lick_51
tag,11.v282i.yolov8_train_lick/train/4_mp4-0019_jpg.rf.c65d77d6169c6e480dcb8573dc205ccb.jpg,816ba74d7ff748ccc48f8836e0f94825,stop/stop_54,36,0.7261,stop/stop_54
tag,11.v282i.yolov8_all_walk/train/european-wildcat-felis-silvestris-silvestris_jpg.rf.ecdfd12e7de4be7bca8d9b76b3f93539.jpg,ad17c482dc25328afcb720d96d264d64,stop/stop539,87,0.7253,stop/stop539;scratch/scratch_38;stop/stop_141;shake/shake_38
tag,11.v282i.yolov8_all_walk/train/istockphoto-1064686288-612x612_jpg.rf.f1ae82811d723be6f7c767e68dffb9c3.jpg,a1823ec9c1514f85b9d812c25b50ec02,lick/lick_68,198,0.7253,lick/lick_68
tag,11.v282i.yolov8_all_walk/train/high-angle-view-cat-standing-field_jpg.rf.6866efd3afc0a37b4fc97f2ea7f01072.jpg,a09b22f20266738f63c6d95f9b20f564,walk/walk9,42,0.7250,walk/walk9;walk/walk27;shake/shake_38
tag,11.v282i.yolov8_train_scratch/train/1-18-_mp4-0005_jpg.rf.bfa4c5d49b5525b127780f0555f57d35.jpg,6ebe9e1ce683a41f3c2687150987cb70,stop/stop_105,9,0.7249,stop/stop_105
tag,11.v282i.yolov8_train_lick/train/3_mp4-0008_jpg.rf.27983a5f5c36eb58ab5bf878f4106d8b.jpg,4e33f686182f0119b5e036318b0b6bb2,walk/walk14,0,0.7245,walk/walk14;shake/shake_61;lick/lick_51
tag,11.v282i.yolov8_train_scratch/train/1-5-_mp4-0009_jpg.rf.49ecac337582e8066567e433e8f5b119.jpg,f80fa5f1f16eb03a754610a2a5cd419c,stop/stop_125,30,0.7245,stop/stop_125;stop/stop_144
tag,11.v282i.yolov8_train_lick/train/1_mp4-0008_jpg.rf.83c0b5fa347c9e506d2ac3a98d95d60a.jpg,513373a803e7bbc18cb6538333a01ed1,stop/stop_51,54,0.7244,stop/stop_51
tag,11.v282i.yolov8_all_walk/train/black-domestic-cat-warms-walks-battery-looking-camera_jpg.rf.5c26b73f831e41cefd9135298a3e5450.jpg,62c62a9aba48b1c8ffd802b7b3d5e02c,shake/shake_72,51,0.7236,shake/shake_72
tag,11.v282i.yolov8_train_lick/train/The_video_duration_must_be_exa-12-_mp4-0009_jpg.rf.570f146847a08b88498ee6e43877a8e2.jpg,0efa604ecf3eeb43ff74817459466680,stop/stop_150,33,0.7235,stop/stop_150
tag,11.v282i.yolov8_all_walk/train/pexels-ian-panelo-8180043_jpg.rf.08fb32ce120174a5b5b15272245dabe0.jpg,95bf76d3735bf140b470f698cea3e2a7,shake/shake_38,48,0.7232,shake/shake_38
tag,11.v282i.yolov8_all_walk/train/pexels-ian-panelo-8180043_jpg.rf.80a27c6f362dc4fbc45e7ddf0b6fe7cf.jpg,89e74f2ee7d512f9c364b766a9a266d3,shake/shake_38,48,0.7232,shake/shake_38
tag,11.v282i.yolov8_all_walk/valid/british-shorthair-looking-alert_jpg.rf.99c8fb1cc3d7242d09e09f3eb8c4cabe.jpg,c3be93c980ce986ffb74dac9318e8284,shake/shake_72,51,0.7228,shake/shake_72
tag,11.v282i.yolov8_train_scratch/train/1-18-_mp4-0006_jpg.rf.fe4abdc6e47a809397104a2f3c3bc8b4.jpg,dba7776df7b742591e550fae3e020a64,stop/stop_105,9,0.7228,stop/stop_105
tag,11.v282i.yolov8_train_lick/train/3_mp4-0009_jpg.rf.bf2401bf9fddfb1c0a7ac7d471ee17ce.jpg,857249d8b8276579b84c5ce8df795361,walk/walk14,0,0.7223,walk/walk14;shake/shake_61;lick/lick_51
tag,11.v282i.yolov8_all_walk/valid/proud-adult-bengal-looking-backwards-isolated-white_jpg.rf.9d4196447ee6179aa625ee1dd7e2ece5.jpg,9ae650dfd68c722508f1f6cd3b8ab645,shake/shake_72,51,0.7220,shake/shake_72
tag,11.v282i.yolov8_all_walk/train/3009083-uhd_3840_2160_30fps_mp4-0013_jpg.rf.18643ef9eb1e3a066b61ac6af260347d.jpg,d473160a6353d0bc3a1037c8fb6ab5a1,walk/walk26,102,0.7219,walk/walk26
tag,11.v282i.yolov8_stop/train/24-4-_mp4-0000_jpg.rf.e0b4e116183d0b407975b0712a4eb859.jpg,ab25ac30bc997d7f1b12d1ad72b6919b,walk/walk10,105,0.7213,walk/walk10;walk/walk18;walk/walk14
tag,11.v282i.yolov8_train_scratch/train/be_d_be_amp__mp4-0006_jpg.rf.e62f4e4a3726803b8689b54ab6e8c874.jpg,d8fa389c07645589142419433d9fbd60,lick/lick_11,147,0.7212,lick/lick_11;stop/stop_36
tag,11.v282i.yolov8_all_walk/train/istockphoto-2250216290-612x612_jpg.rf.66b9e3f8e8fbc6ce050e0652e1d52e6f.jpg,37886335c17fd52ffb3af0a631873b6f,stop/stop_103,54,0.7211,stop/stop_103
tag,11.v282i.yolov8_train_lick/train/4_mp4-0018_jpg.rf.36a1df9c6b7aed4bc259b00e95ac1022.jpg,3aeb2ef2dae55cfe1b2e17cf856108fa,stop/stop_80,36,0.7211,stop/stop_80
tag,11.v282i.yolov8_all_walk/train/beautiful-cat-1-_jpg.rf.da81138c5e4572f708c9a8db71fd9789.jpg,835ac6cbbdeff3a664d733f745ce7f3e,stop/stop539,87,0.7209,stop/stop539;stop/stop_141;scratch/scratch_38
tag,11.v282i.yolov8_all_walk/train/close-up-cat-standing-floor-home_jpg.rf.db492b4327220172fdf13a35b8192ab0.jpg,2d69400dcc2ecb6c204609cdf3cd6fb2,lick/lick_11,63,0.7203,lick/lick_11;stop/stop_36
tag,11.v282i.yolov8_all_walk/train/3009083-uhd_3840_2160_30fps_mp4-0014_jpg.rf.bf3207a29d42fd4c63836182f02e43a3.jpg,ef8d442b83a54652dfb1a7579371517b,walk/walk26,102,0.7194,walk/walk26
tag,11.v282i.yolov8_all_walk/train/portrait-cat-16-_jpg.rf.a6c30f85852391401c50a7b31cede1f7.jpg,95fc2829dabfe1e87c4edadc8a218769,lick/lick_11,51,0.7193,lick/lick_11;stop/stop_36
tag,11.v282i.yolov8_stop/train/4_mp4-0000_jpg.rf.b61fdc42c2c2f162957bcace6aedf956.jpg,b33b3101bd85c566e78e28747dd84d65,stop/stop_80,33,0.7192,stop/stop_80
tag,11.v282i.yolov8_train_scratch/train/24-4-_mp4-0008_jpg.rf.0421afb9e6e9582cfeb806718d327b6d.jpg,046411566e2586366216b9bff3c2f2ca,walk/walk10,105,0.7179,walk/walk10
tag,11.v282i.yolov8_all_walk/train/istockphoto-93210429-612x612_jpg.rf.d750331bf637a6d56ece2f6ece7143f1.jpg,535ee2d64dd6e5f6330ac096d31a991a,shake/shake_72,51,0.7176,shake/shake_72
tag,11.v282i.yolov8_all_walk/train/istockphoto-1335109711-612x612_jpg.rf.f1952be2eaf7e8918b3c1f3951f1262b.jpg,50400f94cdb332b7d8eb4fc3883e9a90,shake/shake_72,39,0.7175,shake/shake_72
tag,11.v282i.yolov8_all_walk/valid/large-adult-pet-cat-standing_jpg.rf.492e3b17b83e195d47cf0c6885f028fb.jpg,4a7f4913e87f0b1030f6241b07710a5c,shake/shake_72,39,0.7173,shake/shake_72
tag,11.v282i.yolov8_all_walk/valid/animal-cat-pet-concept-serengeti-cat-grey-wall-1-_jpg.rf.ec51e5274d374748d7e1882405446f77.jpg,f0e948befb35e9a95a51512e027f8184,shake/shake_72,51,0.7172,shake/shake_72
tag,11.v282i.yolov8_train_scratch/train/1-34-_mp4-0007_jpg.rf.b141603d6734d204630e745c44ac53a9.jpg,d253defa94fdee776b638e4559b0a2d7,stop/stop_112,0,0.7161,stop/stop_112
tag,11.v282i.yolov8_train_lick/train/10_mp4-0007_jpg.rf.654be83072432fc9cce6c7a2b4f50057.jpg,89082f76db7da6ad446037abf91a29cf,stop/stop_25,33,0.7158,stop/stop_25
tag,11.v282i.yolov8_all_walk/train/side-view-cat-walking-street_jpg.rf.58297545fee935ad25be4e10e9f72575.jpg,24810e25c9b7923913b534776d31aa1f,walk/walk27,0,0.7149,walk/walk27
tag,11.v282i.yolov8_stop/train/be_d_be_amp__mp4-0028_jpg.rf.a06e2418ebb50bb81255da02c5d7ce10.jpg,923e4e2da1321e194a01c6bb8cd4afa7,lick/lick_11,57,0.7148,lick/lick_11;stop/stop_36
tag,11.v282i.yolov8_train_lick/train/1_mp4-0015_jpg.rf.53dc63e610797da92caba95e4b9e61b7.jpg,c15dea8e7551ec6855d8c8e7ceb021e6,stop/stop_51,42,0.7145,stop/stop_51
tag,11.v282i.yolov8_all_walk/train/pexels-artem-makarov-289670876-20301434-1-_jpg.rf.162d55e62cfa9fc34523ddfe0ef1793b.jpg,dcf8f0f6a6985728df97c8dfeabde558,lick/lick_3_hq,90,0.7143,lick/lick_3_hq;lick/lick_28_hq;lick/lick_11;lick/lick_31_hq
tag,11.v282i.yolov8_all_walk/train/side-view-cat-walking-field_jpg.rf.ac5b1a952a0097b307226202d7ba33e1.jpg,938c4b4a8edf7075cbaaa437190d0e84,shake/shake_69,201,0.7142,shake/shake_69;lick/lick_51
tag,11.v282i.yolov8_all_walk/train/portrait-black-cat-footpath-1-_jpg.rf.f6e235730a7b60db95b13edd9f7e52dd.jpg,25838849d40de44141bcece0fff8c18c,stop/stop_157,9,0.7139,stop/stop_157
tag,11.v282i.yolov8_all_walk/train/3009083-uhd_3840_2160_30fps_mp4-0010_jpg.rf.54ad214c7aa7edab72f9019d7cc1ef5d.jpg,449bdff428d799daad7454e7ac839c5e,walk/walk26,102,0.7137,walk/walk26
tag,11.v282i.yolov8_all_walk/train/cat-looking-away-road-city_jpg.rf.5935081dfadc62061d5d4e5df79a8a36.jpg,de5786b01e7189a557b066ca32734679,lick/lick_11,69,0.7133,lick/lick_11
tag,11.v282i.yolov8_all_walk/train/cat-walking-street-3-_jpg.rf.3cfae2dedcf44cdd2a3292ba808c3669.jpg,f353adff1c59a52e1010f7578a3df73f,walk/walk10,33,0.7132,walk/walk10
tag,11.v282i.yolov8_all_walk/train/cute-orange-tabby-kitten-lifting-head-up_jpg.rf.0119a1c382b86d467575706acd677553.jpg,f8c08548a021669d11bfb60cc4c51fe6,shake/shake_72,39,0.7119,shake/shake_72
tag,11.v282i.yolov8_all_walk/valid/abyssinian-cat-isolated_jpg.rf.f0501fed1a5ced699cef3b1c17bd81ba.jpg,78d32ac087ef52717b82f121d0f31c33,shake/shake_72,51,0.7112,shake/shake_72
tag,11.v282i.yolov8_all_walk/train/black-cat-mammal-animal_jpg.rf.8891f41f32ec9162ff84da0ec6678ef2.jpg,2786692b4a785b27cc0be4f4362a65aa,stop/stop_157,33,0.7108,stop/stop_157
tag,11.v282i.yolov8_all_walk/valid/ginger-cat-is-standing-green-branches_jpg.rf.955eb224a481900d1dc9a8e16f01c8c5.jpg,5d52b8dd2476e4bffd49cdd31355c7f2,walk/walk26,33,0.7107,walk/walk26;walk/walk18
tag,11.v282i.yolov8_all_walk/valid/cat-grass-city_jpg.rf.79e6bb3b86da47a1933eb8be5fffed4f.jpg,24c4d93e65d7fb03e1481e59d558d95c,shake/shake_63,231,0.7106,shake/shake_63
tag,11.v282i.yolov8_all_walk/valid/homeless-cat-street-city-winter-high-quality-photo_jpg.rf.fdc2379297415db331e45dea2ced9326.jpg,a3900d25781923dc36b4140a0e1f62ab,stop/stop_103,0,0.7106,stop/stop_103
tag,11.v282i.yolov8_train_lick/train/6_mp4-0010_jpg.rf.f513aed5df858423fb0da981c6968cce.jpg,0dcbc86b84d03aeb452a7dc6a029bfd9,scratch/scratch_65,3,0.7103,scratch/scratch_65;stop/stop_123
tag,11.v282i.yolov8_all_walk/train/cat-standing-wall-1-_jpg.rf.58fcabf763914b67f24099edb768db6a.jpg,fd0cf03b4cac710862e7c17ca5a885ba,shake/shake_69,192,0.7101,shake/shake_69
tag,11.v282i.yolov8_train_scratch/train/be_d_be_amp__mp4-0005_jpg.rf.884b701aa42674eba85c12720a2c4e44.jpg,99ede995d5ac3087c442ebaede2dcfa0,lick/lick_11,18,0.7100,lick/lick_11;stop/stop_36
tag,11.v282i.yolov8_train_scratch/train/1-31-_mp4-0007_jpg.rf.251d99e4afe3bab3cc72a0a282654d01.jpg,8ffa80a9abfb2763d5ef1d81a3d660fb,stop/stop_110,39,0.7098,stop/stop_110
tag,11.v282i.yolov8_all_walk/train/charming-bengal-cat-posing-photo-studio-2-_jpg.rf.96f41be8541621e45e7a48cac16409bf.jpg,78f48d6984927a8abf2b69b6bbd6b952,stop/stop_157,45,0.7097,stop/stop_157
tag,11.v282i.yolov8_all_walk/train/abyssinian-shorthair-cat-walks-home-kitchen-table_jpg.rf.482ca147d402e1a57bb00473e1dba66b.jpg,70d744b2ba5df561edd97b8b4b0f63cc,lick/lick_105,3,0.7096,lick/lick_105
tag,11.v282i.yolov8_all_walk/train/istockphoto-2204312761-612x612_jpg.rf.52f6b0e15c9337277cb61ab8a7df9994.jpg,695afaf18b42035406fd725d55a7079d,lick/lick_68,219,0.7091,lick/lick_68
tag,11.v282i.yolov8_train_scratch/train/1-11-_mp4-0008_jpg.rf.042ec7003f65c48e9ebcb708c65c17e4.jpg,8d04ce9497e4db696c65459edc1ac596,stop/stop_130,36,0.7085,stop/stop_130
tag,11.v282i.yolov8_all_walk/train/putra-mahirudin-pLISfrOBIr0-unsplash_jpg.rf.e0899b0ca20303809d42f7095e976cdf.jpg,918d884bbd70262b3396b98babbc951e,stop/stop_123,24,0.7084,stop/stop_123;scratch/scratch_65
tag,11.v282i.yolov8_stop/train/13_mp4-0001_jpg.rf.820f206fd7a0867d72e12882ab7e486d.jpg,ff991a513a48a6e80620d1137f4b289e,stop/stop_130,27,0.7069,stop/stop_130
tag,11.v282i.yolov8_all_walk/train/scottish-straight-cat-solid-background_jpg.rf.fce2e500af9ca5480a232c2c122f737d.jpg,278fa4a033ab83abda3ce324c3ff878d,shake/shake_72,57,0.7066,shake/shake_72
tag,11.v282i.yolov8_all_walk/train/lovely-cats_jpg.rf.0309a6b1021a043bb6367bd179cd3f85.jpg,b68d8bffb4c51a5237abcb282b791611,stop/stop_157,0,0.7063,stop/stop_157
tag,11.v282i.yolov8_train_lick/train/The_video_duration_must_be_exa-6-_mp4-0007_jpg.rf.c2693681a90a4fde86737d0a4b03145a.jpg,c1857dc998349349fba29f2fb3b3b651,lick/lick_11,66,0.7062,lick/lick_11
tag,11.v282i.yolov8_train_lick/train/The_video_duration_must_be_exa-6-_mp4-0011_jpg.rf.e051098ca9e3dd464b4eb286d66aa07c.jpg,1b847cf66731925d8b1960e69438d25e,lick/lick_11,66,0.7058,lick/lick_11
tag,11.v282i.yolov8_all_walk/valid/bengal-cat-front-white-background_jpg.rf.919ade6d38a4865b4c8a49ee6124d81f.jpg,f201c0bf38673c0755bfcf0a5c6b1721,shake/shake_72,57,0.7057,shake/shake_72
tag,11.v282i.yolov8_all_walk/valid/maine-coon-cat_jpg.rf.508bc2e882b0c5d05caf1655ad26e678.jpg,ec60dbbb45cd96565a3bb1f8023488ec,shake/shake_72,51,0.7057,shake/shake_72
tag,11.v282i.yolov8_all_walk/train/country-tricolor-cat-watches-chicken-predator-hunter-instincts_jpg.rf.02745d1fd2c012eb3e9de9018bb86bb3.jpg,a427e339181db6ac3f902764d0b30f10,lick/lick_51,186,0.7055,lick/lick_51;shake/shake_69
tag,11.v282i.yolov8_all_walk/train/full-length-cat-standing-doorway-1-_jpg.rf.dba128cb75518ba907cdd905fbec13e1.jpg,fae13f08cdc91c906fe12b03f9da937a,stop/stop_116,27,0.7053,stop/stop_116
tag,11.v282i.yolov8_train_lick/train/The_video_duration_must_be_exa-6-_mp4-0019_jpg.rf.43d18094c8ec3686cb2d0bc2410ac8f8.jpg,540c54f4675504a13c66675118668c9f,lick/lick_11,165,0.7053,lick/lick_11
tag,11.v282i.yolov8_all_walk/train/night-glow-JE5gedar0R0-unsplash_jpg.rf.67bb2675ce7d606d6c4a74b12f8b04cc.jpg,3d93fdfeef16d20c4ff40c4295bcedad,lick/lick_51,174,0.7048,lick/lick_51
tag,11.v282i.yolov8_stop/train/1-7-_mp4-0000_jpg.rf.a92bf831e9b493b2dd7b90bb66f3a414.jpg,3a8016969b5d24952a948879fa8209a6,shake/shake_69,192,0.7047,shake/shake_69;lick/lick_51
tag,11.v282i.yolov8_all_walk/train/dog-dirt-road_jpg.rf.69f8e3efefa5df39537d86179b2daa6e.jpg,b48a4ee7a645e6272614993c108835e7,stop/stop539,27,0.7039,stop/stop539
tag,11.v282i.yolov8_all_walk/train/istockphoto-529986986-612x612_jpg.rf.116a546aa7ce8a9405a876eed2623a06.jpg,0afb743becc9442a41d227b9661c5ba2,stop/stop_80,0,0.7038,stop/stop_80
tag,11.v282i.yolov8_all_walk/valid/cat-walking-deck-swimming-pool_jpg.rf.586461abe4420979ce3cc3762caeb414.jpg,b65d77321cb91be5777f179b2683b11a,lick/lick_51,123,0.7030,lick/lick_51
tag,11.v282i.yolov8_all_walk/valid/bengal-kitten-playing-blue-background-cute-purebreed-cat-1-_jpg.rf.c0208a5f44dadfcc34806e10e09e1982.jpg,a4e0f086b7bba2749401a377e265b448,shake/shake_72,18,0.7015,shake/shake_72
tag,11.v282i.yolov8_all_walk/train/pexels-cottonbro-6853295_jpg.rf.5c46f8f9ca39439b51834f807516ab43.jpg,05779750759f89398cb81fac43aeb824,stop/stop528,51,0.7005,stop/stop528
tag,11.v282i.yolov8_all_walk/train/hakon-grimstad-S5AN-Ndfsws-unsplash_jpg.rf.9dc4204080de1568c8ae0cd29702b1c4.jpg,0a4f2615539c652d4cc4736cb0367352,scratch/scratch_36,87,0.7001,scratch/scratch_36
tag,11.v282i.yolov8_train_lick/train/The_video_duration_must_be_exa-6-_mp4-0016_jpg.rf.db8fd93937c71d62593b493fc89787a2.jpg,142a4ce76c68a6fa08069c059ea7fb90,lick/lick_11,51,0.6999,
tag,11.v282i.yolov8_all_walk/train/mathias-reding-hfugw8BZ7FA-unsplash_jpg.rf.9c169d4ee9129b87b421dcce0ccf5b1c.jpg,1f0e3acaab88c6107efb63413e8d61e3,lick/lick_11,186,0.6997,
tag,11.v282i.yolov8_train_lick/train/The_video_duration_must_be_exa-6-_mp4-0014_jpg.rf.7df7d4df032d69466f8cfd84e4f59514.jpg,6d8a9cfd018c941fcb8d71fa39f7a521,lick/lick_11,51,0.6993,
tag,11.v282i.yolov8_all_walk/train/cat-walking-footpath_jpg.rf.24f7cd6472900fb6f66f69bb3ce3d9ed.jpg,30eb4beac3d49f4cc3e753cc90c51cb3,walk/walk27,0,0.6992,
tag,11.v282i.yolov8_all_walk/train/dog-lying-footpath-1-_jpg.rf.8299b52a339a6228ca7e9670152d31ed.jpg,09fc648464ab63412815ff2551f70d76,shake/shake_61,0,0.6991,
tag,11.v282i.yolov8_all_walk/train/side-view-cat-2-_jpg.rf.822dbe5704d3b7595968e7287d39588e.jpg,1205143e8417dbebee309cd6baa2e189,shake/shake_61,57,0.6985,
tag,11.v282i.yolov8_all_walk/valid/side-view-cat-sitting-chair_jpg.rf.0b2dd4fa73cde0a1a9cbd5040f37cd63.jpg,ebfc78c05c8c8a780d1d39db7b11eafe,stop/stop528,39,0.6983,
tag,11.v282i.yolov8_all_walk/train/taking-close-up-nature-cat_jpg.rf.de5159fcb535faf75f060dccb6edf655.jpg,93f50618b4e7c3888644deea46990789,stop/stop_141,21,0.6982,
tag,11.v282i.yolov8_all_walk/train/cat-walking-footpath-3-_jpg.rf.9ee3cda94a2734f9d00b4435cbc3d84a.jpg,1e7bbb52d3ce34ba7b6e5b8f21fb39ef,shake/shake_3,0,0.6980,
tag,11.v282i.yolov8_all_walk/train/cats-street-santorini-greece_jpg.rf.8b1285fd28955f7d451aeb34ea7f6cc5.jpg,ef8101847b11c6d85d52e2b965617ada,stop/stop_56,21,0.6980,
tag,11.v282i.yolov8_all_walk/train/istockphoto-2189599193-612x612_jpg.rf.277b81f2d2fb2b18add2545fe4f024ff.jpg,eaccd4e4de702ec402fa0280aa9846bd,shake/shake_72,51,0.6980,
tag,11.v282i.yolov8_all_walk/train/pexels-akihiromatsuda-9404016_jpg.rf.dfa85b7f799b254e335439c154b993b1.jpg,b65f0838125d866d223a699528394285,stop/stop528,99,0.6978,
tag,11.v282i.yolov8_all_walk/train/pexels-caner-kokcu-636242728-27598550-1-_jpg.rf.290e0f49a658ef1ab13d9d9c14c68801.jpg,29154cd14a270443fa8e5478c975816c,lick/lick_51,198,0.6970,
tag,11.v282i.yolov8_stop/train/be_d_be_amp__mp4-0000_jpg.rf.adcfedbb646c445da7a02257d6cebc6d.jpg,b846e04d5333004ded567b8d778d073e,lick/lick_11,57,0.6967,
tag,11.v282i.yolov8_all_walk/valid/ben-ben-CQHn-NXiNto-unsplash_jpg.rf.f7d28101e18080614bdba4b187448188.jpg,08dbd1eb01a312f4ad6c5731fef345b4,shake/shake_40,117,0.6962,
tag,11.v282i.yolov8_all_walk/valid/side-view-stray-cat-walking-footpath-park_jpg.rf.ce17c98970eb6cdedebd052727431a15.jpg,acf9469eecb477e286d50404f47480f1,scratch/scratch_11,183,0.6957,
tag,11.v282i.yolov8_train_lick/train/The_video_duration_must_be_exa-6-_mp4-0011_jpg.rf.aec865e7815e14bef6b08effc99ebab4.jpg,6b698c7046356c2b42c7341af105f744,lick/lick_11,51,0.6952,
tag,11.v282i.yolov8_all_walk/train/orange-cat-with-scared-look-hunched-back_jpg.rf.4ebc96a6d50a3987273ff0f6c0184790.jpg,57df714c16b6bc27cad35924e8af8db1,shake/shake_72,60,0.6949,
tag,11.v282i.yolov8_all_walk/train/full-length-ginger-cat-against-blue-wall_jpg.rf.6d8ce14bd7ec0e2775773c16686273bb.jpg,523b23717a1cb531af6f2283f0932294,lick/lick_51,219,0.6942,
tag,11.v282i.yolov8_stop/train/The_video_duration_must_be_exa-15-_mp4-0002_jpg.rf.04f459a08d027c972c34808e44ba109c.jpg,cdc3c78775ee6e95ab0dc3d0f3c2c051,shake/shake_38,48,0.6942,
tag,11.v282i.yolov8_all_walk/train/portrait-cat-sitting-outdoors-1-_jpg.rf.953435ee49f552bd4480c5a77b25e5ab.jpg,7dc4edd45435bc845b6ff24a468856c4,scratch/scratch_38,117,0.6938,
tag,11.v282i.yolov8_all_walk/train/portrait-cat-14-_jpg.rf.4fc0be98923f31d9c9b86bf64ba5e26f.jpg,7b5124db9a252d414211e1f184418b37,lick/lick_51,189,0.6937,
tag,11.v282i.yolov8_train_lick/train/6_mp4-0008_jpg.rf.54f00fdd005d4100549646c17b78230f.jpg,5e4cc461e15e352766d5ad582207c5d1,scratch/scratch_65,3,0.6937,
tag,11.v282i.yolov8_train_lick/train/The_video_duration_must_be_exa-6-_mp4-0010_jpg.rf.3b1a49d648f55a383ff1c1003ff5db6f.jpg,0aa707f51e6a918638322d9d5558afb6,lick/lick_11,51,0.6934,
tag,11.v282i.yolov8_train_scratch/train/1-11-_mp4-0009_jpg.rf.5df30ee336f1d5345a9954c8d928db4b.jpg,d7c81a5f26ff76f808407e71d5c53d06,stop/stop_130,36,0.6927,
tag,11.v282i.yolov8_all_walk/valid/fluffy-cat-white-background-1-_jpg.rf.2c477692b8253205c83af672b28c8bf3.jpg,b4db35606e2fc29a1d96a175221a9c7d,stop/stop_157,0,0.6919,
tag,11.v282i.yolov8_all_walk/train/side-view-cat-looking-away-against-wall_jpg.rf.9a5263dd185bbffc4e76058edf554ba6.jpg,76b086c118b76ed7af1a66e4865dfba4,shake/shake_71,0,0.6912,
tag,11.v282i.yolov8_stop/train/6_mp4-0001_jpg.rf.878fdc21704a7db21d63f4b54fbbaadd.jpg,e325f12a8ff5ee5846152e83abd37aa2,scratch/scratch_65,3,0.6911,
tag,11.v282i.yolov8_train_scratch/valid/10-10-_mp4-0006_jpg.rf.be11574682b813ba739aa0f44756e6b8.jpg,fa97a23e0909a27676b92bc644000e01,lick/lick_123,141,0.6907,
tag,11.v282i.yolov8_all_walk/valid/istockphoto-1200306427-612x612_jpg.rf.f3d5a4462bbff573ae9437ed9c4473e4.jpg,0375af7d642461ef951d660856b514bc,shake/shake_72,39,0.6906,
tag,11.v282i.yolov8_all_walk/train/istockphoto-186087377-612x612_jpg.rf.5f9ce6d61fb167ca5dd12a2ed8b2955e.jpg,e628574556c03549a76b1c20893756d9,lick/lick_68,219,0.6904,
tag,11.v282i.yolov8_train_lick/train/The_video_duration_must_be_exa-15-_mp4-0018_jpg.rf.6902496440360619c6e2d8dcbbe2f872.jpg,55f549111e9fb5d5c4e9158a28e79ffd,shake/shake_38,36,0.6902,
tag,11.v282i.yolov8_all_walk/train/istockphoto-93213714-612x612_jpg.rf.ea1cd8c58afc053eb78818dd297f11af.jpg,4a657e77e11ff361af78434bae02c128,lick/lick_68,198,0.6899,
tag,11.v282i.yolov8_all_walk/train/cats-sitting-yard_jpg.rf.7831eee8fb1d3167a63046d4e088e951.jpg,662aa785782fe1c9a3f8343d5f25f6c9,stop/stop_141,0,0.6898,
tag,11.v282i.yolov8_all_walk/train/small-gray-kitten-white-background_jpg.rf.7ba143d6b7b272a2d2a3ea7e7de9537a.jpg,18cd66929d8cb3d74973f30f4b9d8fad,stop/stop_80,39,0.6895,
tag,11.v282i.yolov8_train_lick/train/2_mp4-0013_jpg.rf.226bc55dfe8f99fe125c2ffae3fb71d8.jpg,0103c3370285bb3193e2746647799e7b,lick/lick_51,201,0.6895,
tag,11.v282i.yolov8_all_walk/train/istockphoto-843284576-612x612_jpg.rf.600c67bef246dcbbf26fca2e7b79a64e.jpg,3848e54751bdcd95fd230a1e5207ddab,shake/shake_72,51,0.6894,
tag,11.v282i.yolov8_all_walk/train/giraffe-standing-retaining-wall_jpg.rf.a6a503415e2924b225e79e18132c9094.jpg,9679f04b924ec22cc64c01f63ccc1cb9,lick/lick_14_hq,147,0.6891,
tag,11.v282i.yolov8_all_walk/train/tricolor-kitten-walks-along-paved-path-side-view_jpg.rf.aaf47302bc6eb9fe20d5af03d4858752.jpg,b1fed70a5bbde5096573b83b8cd37a68,stop/stop539,27,0.6890,
tag,11.v282i.yolov8_all_walk/train/close-up-dog_jpg.rf.20700cf7070b1dec023bbeb12f7f5d8c.jpg,fe344758a378238ff05dd93bc447e13d,lick/lick_51,198,0.6880,
tag,11.v282i.yolov8_all_walk/train/tabby-cat_jpg.rf.8fb803d0e34a603768c7f91650decf35.jpg,add2e5d53f85e5c9c34b239af2acc0ab,stop/stop_51,27,0.6878,
tag,11.v282i.yolov8_train_lick/train/2_mp4-0014_jpg.rf.89646385d5a271ae09fece8e6b1c20f1.jpg,9ab1d99b55b9a9a3e4847f6bad4bc80e,lick/lick_51,201,0.6874,
tag,11.v282i.yolov8_all_walk/train/francis-nie-R2BiNy-F8lk-unsplash_jpg.rf.bb7f3122526208c179efbb9441709f62.jpg,943fa7541c699dbbdd87137e9c713cf2,shake/shake_40,114,0.6873,
tag,11.v282i.yolov8_all_walk/train/low-section-cat-sitting-chair_jpg.rf.b221c79ab2b43b46f40b79502d9a7e77.jpg,064b52043df75dcfdfdcac3ffd1c9ea3,walk/walk27,0,0.6871,
tag,11.v282i.yolov8_all_walk/valid/dog-running-road_jpg.rf.a662f0af1fd34caa04a08b97ab82e797.jpg,7dd5120abd11630e7bd2d41a5b3057e8,shake/shake_38,30,0.6870,
tag,11.v282i.yolov8_all_walk/train/white-cat-3651318_640_jpg.rf.51c41911eb14531cd8123ebea43b2c76.jpg,88ddb4d3411ab4dceb8bed2411aa344c,lick/lick_44,213,0.6867,
tag,11.v282i.yolov8_train_lick/train/2_mp4-0016_jpg.rf.7c8e43443d2f9ef637a03c5d439117e0.jpg,e7b2f0a8d63f53c3594bd721ad698e38,lick/lick_51,201,0.6867,
tag,11.v282i.yolov8_train_lick/train/The_video_duration_must_be_exa-15-_mp4-0011_jpg.rf.1deaa9107ce700c851c9ec95f1356d21.jpg,537b75dbeb9835a44b50d5da617ebc29,shake/shake_38,36,0.6864,
tag,11.v282i.yolov8_all_walk/train/beautiful-cat-white-background-studio-photo-cat_jpg.rf.afe928f2d37560a306f06fbe78f2dc8f.jpg,2f47b4383c0e5936dfdeba30dc093567,shake/shake_72,51,0.6860,
tag,11.v282i.yolov8_all_walk/train/istockphoto-1413833075-612x612_jpg.rf.2f1cf0a6625eca94d3640db5dfc035e5.jpg,466a41f309c7a6fa4d11ca11644f1c12,lick/lick_68,123,0.6856,
tag,11.v282i.yolov8_all_walk/valid/gray-cat-with-mustache-neutral-white-background_jpg.rf.1d9f9387242050dfc14a48fe4834b37b.jpg,6b751f8edc73ec8f345b6d9776763a9f,shake/shake_72,63,0.6855,
tag,11.v282i.yolov8_train_lick/train/13_mp4-0010_jpg.rf.61a66e884cb1be5d3e5e61fe457e4445.jpg,690c0e68bd76cdedfc922f183e2163b3,stop/stop_130,27,0.6848,
tag,11.v282i.yolov8_train_lick/train/2_mp4-0007_jpg.rf.8cf0b687b128d0604642cc29fd634d1b.jpg,b252f7cbd5b50c85be2e101a2a2e8eec,lick/lick_51,0,0.6842,
tag,11.v282i.yolov8_all_walk/valid/cat_46_jpg.rf.4646949aa253370006b1157dee7bec1e.jpg,95d17e67c6e95e3f32602b757f6a8c13,shake/shake_72,51,0.6838,
tag,11.v282i.yolov8_train_scratch/train/1-34-_mp4-0006_jpg.rf.865f86a8fdbd7d736d8481ba510033f5.jpg,bf5be033875a7c250c0fb55176f58a4d,stop/stop_112,0,0.6831,
tag,11.v282i.yolov8_all_walk/train/cat-lying-snow-1-_jpg.rf.3a5dcc91a4002e0e665d9cdbfc9debed.jpg,6c82b654d2128daae1a4d6993fe45495,shake/shake_72,54,0.6814,
tag,11.v282i.yolov8_train_lick/train/9_mp4-0010_jpg.rf.0cefe038f522b84c27efeb941b008fd1.jpg,656e79d46dda68175f8df73b1d74c054,stop/stop_33,54,0.6806,
tag,11.v282i.yolov8_train_lick/train/13_mp4-0008_jpg.rf.89727e0876cbf451abe3546628f54b38.jpg,c599a06ed6f6022ee3e29192c54fe0c2,stop/stop_130,27,0.6798,
tag,11.v282i.yolov8_all_walk/train/russian-blue-cat-white_jpg.rf.1a193aebc4bcdc7fbc6eec0fc29b6589.jpg,dfc8949b748109e14d286b52d36ffd47,lick/lick_68,186,0.6794,
tag,11.v282i.yolov8_all_walk/train/portrait-black-cat-standing-against-wall_jpg.rf.6bad853a733b47adb643e53bb0113131.jpg,ce007fd2bd88d2efd444278f4a072ff7,shake/shake_72,51,0.6790,
tag,11.v282i.yolov8_stop/valid/10-10-_mp4-0001_jpg.rf.3edb2fa2763e1d41e241acabd98b50bf.jpg,f6de2418c77abd2b65cbb45b6aaeb5f1,lick/lick_123,0,0.6788,
tag,11.v282i.yolov8_all_walk/valid/white-homeless-beautiful-cat-walking-down-road-staring-squinting-1-_jpg.rf.9bc79537ff047f3c08eaa032ce2da875.jpg,c2214769c25816079557dfa57db1adc4,stop/stop_29,3,0.6779,
tag,11.v282i.yolov8_all_walk/train/infoxicated-dFPs2wm6MXQ-unsplash_jpg.rf.55fdaa04e665ede71c79aeec84b6b0d9.jpg,d5f729940171e7383008f76cb83062a5,scratch/scratch_38,159,0.6774,
tag,11.v282i.yolov8_train_lick/train/1-12-_mp4-0018_jpg.rf.bb697c486d88f72cd3d8bfe1dbac90be.jpg,b7d3b22f20ef8d34351decfc110c1251,scratch/scratch_19,132,0.6773,
tag,11.v282i.yolov8_all_walk/train/portrait-cat-4-_jpg.rf.cdac66bf871705b27338a790accc32c8.jpg,edd43cd51dca6122c0cd0111b50481d1,lick/lick_123,459,0.6770,
tag,11.v282i.yolov8_all_walk/train/cat-standing-field-2-_jpg.rf.711b3eb36b097dc3710b800063f4aa3b.jpg,488e0bedcf3f3017ceef0c069adf6af7,stop/stop_103,45,0.6769,
tag,11.v282i.yolov8_train_scratch/valid/10-10-_mp4-0011_jpg.rf.c159c6fc77a9d7f28285bf18b26879a8.jpg,a5788160d9dae191038e4f0d849f5879,lick/lick_123,486,0.6767,
tag,11.v282i.yolov8_all_walk/valid/close-up-cat-standing-street_jpg.rf.9d9b52c7e0e681d964f95d07729c28bb.jpg,4f4e23c007f93abf40bc18c4db6ed64e,stop/stop_56,27,0.6763,
tag,11.v282i.yolov8_all_walk/train/anees-ur-rehman-KOKtuc_qWbE-unsplash_jpg.rf.59d328163e6d1a51e0f6219c49b4d970.jpg,3954b979074f86e0b1b6429735c47468,lick/lick_51,201,0.6762,
tag,11.v282i.yolov8_all_walk/train/pexels-drphotographer152-29558141_jpg.rf.db057d47cf54bbe4ea75c024157529b1.jpg,66e8fba829c275973291be18bc122bea,lick/lick_51,201,0.6762,
tag,11.v282i.yolov8_all_walk/train/pexels-113472439-9695716_jpg.rf.cb12af026edf5c956be5ae92cb6e51b3.jpg,9d97c7d62e56aa79c5237069e720a748,stop/stop528,21,0.6761,
tag,11.v282i.yolov8_all_walk/train/istockphoto-1006641076-640x640_jpg.rf.542d6ff6713856ed82e417daa9d13e72.jpg,e7f06d5f7e82a1f862c65c489e696494,walk/walk19,36,0.6760,
tag,11.v282i.yolov8_all_walk/train/shino-nakamura-6_HmD5b-D88-unsplash_jpg.rf.9617645ae6db900fa1e0a2dc346edaa3.jpg,300634ff152b69f8217ccd9e0933796a,lick/lick_51,198,0.6760,
tag,11.v282i.yolov8_all_walk/valid/scottish-straight-cat-white-background-cute-funny-cat-kitchen-table-spring-decor-home_jpg.rf.35a32d3516f9961740251e6dad849897.jpg,75dc620ca5f3343309f95bf257d5544d,walk/walk25,108,0.6760,
tag,11.v282i.yolov8_train_lick/train/1-12-_mp4-0010_jpg.rf.c550548322ce9d809ad38e64bf3c23b2.jpg,e43b6eb8ae5527bf938570e6159b47b1,scratch/scratch_19,120,0.6759,
tag,11.v282i.yolov8_all_walk/train/cute-tabby-kitten-sidewalk_jpg.rf.544122aa8252469a11819abaa4db6bb3.jpg,4f52c8ec463431ec9767f33730788ed7,lick/lick_44,39,0.6758,
tag,11.v282i.yolov8_all_walk/train/cat-standing-tiled-floor-against-building_jpg.rf.bb55eba96aaa4e978882f1bc2cdaf5ef.jpg,c6477aed70ac4fca04b7f939c291b413,walk/walk19,36,0.6757,
tag,11.v282i.yolov8_all_walk/train/high-angle-view-cat-hardwood-floor_jpg.rf.9dd87f6814b6b9dfcf2cd9dbd3400eb7.jpg,6e4543643820d012b21edd226120e7c1,walk/walk14,0,0.6757,
tag,11.v282i.yolov8_all_walk/train/cat-is-standing-white-background-with-tag-that-says-it_jpg.rf.4fd248fae29c3424ba08e44becc464fc.jpg,ee6d059d1445c6ba1f8e2ca20c7be150,stop/stop_157,0,0.6756,
tag,11.v282i.yolov8_all_walk/train/istockphoto-2190386531-612x612_jpg.rf.2ddce1dc571ae1cd8057f23f6d7215f2.jpg,6e1fedc3a899d2f026eb174222e565c5,stop/stop_157,0,0.6755,
tag,11.v282i.yolov8_all_walk/train/photo-1634833606299-ff318d037538_jpg.rf.1263ac3cee49d739ee3a585c707a3ebe.jpg,4bcf7dea10e00dde148c06a228c4835b,lick/lick_51,186,0.6755,
tag,11.v282i.yolov8_train_lick/train/1_mp4-0002_jpg.rf.18ec259bac90fb6cf5998456140be892.jpg,4f0b60a8ccc22b57107231ef7224f4e1,stop/stop_52,36,0.6748,
tag,11.v282i.yolov8_train_scratch/train/scratch8954125567_mp4-0033_jpg.rf.30bd9c50bf1b221023578ac908677896.jpg,ee885a905d8362d8a2b4b88fcf5b4439,scratch/scratch_38,117,0.6746,
tag,11.v282i.yolov8_all_walk/valid/contented-happy-ginger-cat-is-standing-side-view-white-isolated-background_jpg.rf.f1610a5ebd8c57709aae49ed1114d7d9.jpg,969a685e6f595363c388e8915a5eefdb,stop/stop_157,9,0.6744,
tag,11.v282i.yolov8_train_lick/train/The_video_duration_must_be_exa-12-_mp4-0007_jpg.rf.e8097da0f53e948028ac8b0b562a191e.jpg,77c9a7d5865b97e0a3fe2f13805ffe96,stop/stop_150,6,0.6744,
tag,11.v282i.yolov8_train_lick/train/1-12-_mp4-0008_jpg.rf.c7e22f83ff18868b5a57d5d6f0687c59.jpg,205a7db3f20b11ea00fad0629047cdd3,scratch/scratch_19,129,0.6743,
tag,11.v282i.yolov8_all_walk/train/beautiful-cat-home_jpg.rf.370b809d1c50f091f1b356d576acfc6f.jpg,dd4efeae75b54446a454e77a8cfdd8b1,stop/stop_56,27,0.6742,
tag,11.v282i.yolov8_all_walk/train/simon-tartarotti-6X6yXoDK430-unsplash-1-_jpg.rf.bfe06f14132aec7b70c5864d2a20759e.jpg,03b909252aa92c215555d5a31dd51956,walk/walk25,93,0.6741,
tag,11.v282i.yolov8_train_lick/train/1_mp4-0009_jpg.rf.b87991d58d4ce78f80e86c33f27d84af.jpg,0f72019d6d8a79f46336bf291fad5d0c,stop/stop_52,39,0.6741,
tag,11.v282i.yolov8_train_scratch/train/scratch_51_mp4-0011_jpg.rf.5722b887b322e9f7cbaf1fa1a0f6a5a9.jpg,f35a8f7d0e355322f5f8da35f395f952,shake/shake_38,21,0.6737,
tag,11.v282i.yolov8_all_walk/train/jundy-ardy-MOlyyPQp5KE-unsplash_jpg.rf.653a2c5b769fc4d26d7ab20761d11638.jpg,2dee459c493ffe1bebabcfe3ca1afe93,lick/lick_51,186,0.6727,
tag,11.v282i.yolov8_all_walk/valid/side-view-white-cat-walking-street_jpg.rf.0a3bbf4e218ed16c7a0def8bb7063603.jpg,a72be4c7da3c6f0c6e8091bb02b902cb,lick/lick_51,225,0.6723,
tag,11.v282i.yolov8_train_scratch/train/scratch8954125567_mp4-0001_jpg.rf.a316c553b590f4e9601c17b2b33662d6.jpg,7e6439f60946f66343a29f2e07b4347c,scratch/scratch_38,12,0.6721,
tag,11.v282i.yolov8_stop/train/1-34-_mp4-0000_jpg.rf.90cd33132d3c910f45d5f281e69a85f4.jpg,5db820fffd6a1816de707293e34d0c4d,stop/stop_112,0,0.6719,
tag,11.v282i.yolov8_all_walk/train/istockphoto-1402899008-612x612_jpg.rf.fad850cc9a692b5ca38684c6f6e57c15.jpg,24b8d78636a5c287e12e778be2a2c816,shake/shake_72,39,0.6718,
tag,11.v282i.yolov8_all_walk/train/istockphoto-2071849816-612x612_jpg.rf.5b3562c1c16b96e69ed60744a7c9eea5.jpg,131016430e61ae1f7933f70bec2dd0d3,lick/lick_51,237,0.6717,
tag,11.v282i.yolov8_train_scratch/train/scratch8954125567_mp4-0002_jpg.rf.6d1d049f326f287b615d69487c59f089.jpg,c80c57d84f34cee03bcfa49d897b8518,scratch/scratch_38,12,0.6714,
tag,11.v282i.yolov8_all_walk/train/side-view-cat-by-fence_jpg.rf.549ae413c1be84c7fc9ac58b1f089c9a.jpg,9cd7d69e1ac332e32119950fe6ef668a,lick/lick_51,78,0.6711,
tag,11.v282i.yolov8_train_scratch/valid/10-10-_mp4-0008_jpg.rf.7e2873ef2aa646cf1c084702c6a193b1.jpg,c13acf8aabb66e2c689d1dfc6fba5db8,lick/lick_123,444,0.6710,
tag,11.v282i.yolov8_all_walk/valid/full-length-side-view-cat-walking-footpath-by-plants_jpg.rf.da730b1da0ff0f4990538345756ac9ba.jpg,b4274bff95c194d30e22e03d55f7d37a,lick/lick_51,57,0.6709,
tag,11.v282i.yolov8_all_walk/train/closeup-female-combing-fur-cat-with-brush-floor-cat-lovers-grooming-combing-wool_jpg.rf.8fb4b00df6b76360d11d296c675739a0.jpg,2725163ff5e035b70e95ab254deb4edf,shake/shake_75,177,0.6708,
tag,11.v282i.yolov8_all_walk/valid/cat-walking-metal-sheet-field-against-plants_jpg.rf.8d873ef85335951a53e52a79ee074674.jpg,e5000023b4581338cad9382718b56e4b,lick/lick_51,201,0.6708,
tag,11.v282i.yolov8_all_walk/train/cat-white-background_jpg.rf.729fc6e6213fe2a278959ef6a22bfcbc.jpg,82f709d2e680bd50d4fbdd5b541f2b26,shake/shake_72,24,0.6707,
tag,11.v282i.yolov8_train_lick/train/6_mp4-0009_jpg.rf.31e2b2eacc83719611c239ddff4a12ff.jpg,497751b4fb426223067934dfcc0d60a5,stop/stop_116,18,0.6700,
tag,11.v282i.yolov8_all_walk/train/3-43-_png.rf.ae8b516ade2370181481ada5cd598e09.jpg,17367a496a5d1beb65f1786703385349,shake/shake_72,48,0.6699,
tag,11.v282i.yolov8_all_walk/train/12445497644_c1307cca7b_o_jpg.rf.364e2d301c9c491ed8e30ed8e0ab2822.jpg,992d329ebcf330db73ec124b08008165,stop/stop_157,9,0.6698,
tag,11.v282i.yolov8_all_walk/valid/kitten-with-beautiful-blue-eyes-animal-portrait-playful-cat-relaxing-vacation_jpg.rf.07e594e157bea505bfe29e7ebc897709.jpg,f123f397c864bb1a6a53ecd5ac0adfd0,stop/stop534,66,0.6696,
tag,11.v282i.yolov8_all_walk/valid/full-body-thai-domestic-cat-standing-outdoor_jpg.rf.a99486d7f76001b5f31a11cbd18da018.jpg,30f7c688ce22347d7286b2d1d73ff173,scratch/scratch_19,66,0.6695,
tag,11.v282i.yolov8_train_lick/train/The_video_duration_must_be_exa-12-_mp4-0011_jpg.rf.5d686eddfbc7e8e56681a88969dea4d5.jpg,04258e1a287c285d4825ad795f4ecc74,stop/stop_150,33,0.6694,
tag,11.v282i.yolov8_train_lick/train/1-12-_mp4-0007_jpg.rf.2e95a9516337d0cacf7d9563fdeb6daa.jpg,d2e20325a64618315d1b753e35481df4,scratch/scratch_19,129,0.6693,
tag,11.v282i.yolov8_all_walk/train/charming-bengal-cat-posing-photo-studio_jpg.rf.f9b9a8a6f48007f74698e11243247010.jpg,3e2bb7b20bd7a60c8d391f286d39df36,stop/stop_157,0,0.6687,
tag,11.v282i.yolov8_stop/train/2_mp4-0003_jpg.rf.52a73e9415241bf7364022bcc2ec22b2.jpg,e53232c1beec11f02630770c9f986d9e,lick/lick_51,201,0.6687,
tag,11.v282i.yolov8_all_walk/train/cute-stray-cat-turkey-izmir_jpg.rf.87ecacdb859035a3dbb83f46830aa1d4.jpg,0d8d799392777a760db6b9bac03ada04,lick/lick_11,192,0.6685,
tag,11.v282i.yolov8_all_walk/valid/portrait-cat-12-_jpg.rf.85388513c535ff7258a87b430b18d5d7.jpg,0c6d539e786000ed83da818454cb803c,lick/lick_25,381,0.6685,
tag,11.v282i.yolov8_train_lick/train/13_mp4-0009_jpg.rf.cc3551160bfb5ce91aff6fdf21d50992.jpg,23a74acf8a486f91f503fea4814b3db3,stop/stop_130,27,0.6685,
tag,11.v282i.yolov8_all_walk/train/cat-is-walking-white-background-multiracial-female-cat-young-female-cat-walks-straight-ahead-has-long-tail-pointed-ears_jpg.rf.83395dc1b530e3f70607698804f1857b.jpg,5c6e6278eb6cdb86415e07a7d1c283ca,shake/shake_72,63,0.6679,
tag,11.v282i.yolov8_all_walk/train/gray-kitten-walks-against-white-background_jpg.rf.923a65229f8a2bb3db804522b8d16cb6.jpg,cde617f82bc5290a675260897ae0c07f,shake/shake_72,51,0.6676,
tag,11.v282i.yolov8_all_walk/valid/attentive-tabby-cat-sand-concrete-street-city-valenca-bahia-1-_jpg.rf.9deac50d16a60082b672cabf7cce7925.jpg,1c6e14652733da05281c7b06d916d818,stop/stop_56,60,0.6676,
tag,11.v282i.yolov8_all_walk/train/gray-house-cat-1-_jpg.rf.ee25cc03f5a655f3571a4a0be81a0d7e.jpg,ad872adad6fb7389f2fe5d787acc0125,stop/stop_80,36,0.6674,
tag,11.v282i.yolov8_all_walk/valid/istockphoto-175008876-612x612_jpg.rf.783fa7edb46eef59982bb918bdf3f43c.jpg,1ff546bba4f062746400748c54e97752,shake/shake_72,51,0.6674,
tag,11.v282i.yolov8_all_walk/train/side-view-cat-walking-street_jpg.rf.fa012d4801a1403d539bfe15d43a5316.jpg,415b61ada2387856c74bea0c78d9fa8f,shake/shake_61,39,0.6672,
tag,11.v282i.yolov8_all_walk/train/walk_real-17_png.rf.a8f9e1cdd0f25c2a9c9f75ee8d5b3b03.jpg,ba392eda13b2be20961d5ddb6b2dec2c,walk/walk15,42,0.6672,
tag,11.v282i.yolov8_all_walk/train/andy-luo-Ciydvyqi-94-unsplash_jpg.rf.3ad21047bba2024ab6b47bd679fbdab1.jpg,1496e2dc4c2a5a267ba1f3eef130d08b,walk/walk19,42,0.6670,
tag,11.v282i.yolov8_all_walk/train/bengal-cat-1-_jpg.rf.16a98f7aa5c704a735958ceeb45b2fa9.jpg,8313d7fd0732bb1bf8105fc806205167,stop/stop_157,0,0.6662,
tag,11.v282i.yolov8_train_scratch/train/24-10-_mp4-0024_jpg.rf.71aac5e3706ad4ac179c8399ada5f9b7.jpg,a2a0d96c04ecd12607f72f59a3eed5a6,lick/lick_51,12,0.6662,
tag,11.v282i.yolov8_train_lick/train/lick20-5_png.rf.68382fd13d8ddca6dcc53468debd396a.jpg,882c30567a54dcf2a8e722af9efd523d,stop/stop_25,30,0.6661,
tag,11.v282i.yolov8_all_walk/valid/cat_21_jpg.rf.6dc9f0bebef13e9fc0eab8949e9a0268.jpg,9b4e30d39289c89234155c38194c0dbc,stop/stop_157,6,0.6657,
tag,11.v282i.yolov8_all_walk/valid/closeup-portrait-street-homeless-white-cat-white-street-cat-closeup_jpg.rf.e2e6c12f55cec33baed3b4769c1fac04.jpg,643c4871ff6fe4b37ec3e650556a152b,lick/lick_116,0,0.6656,
tag,11.v282i.yolov8_all_walk/train/100-8-_png.rf.e666398500caeb59f6d878448192c03b.jpg,f2d731a3b26ffd6f968388ab370e3c9d,walk/walk27,3,0.6654,
tag,11.v282i.yolov8_all_walk/train/brown-bengal-cat-walking-isolated-white_jpg.rf.a5a8c0e2dc2f83fbd9f70bf85d9d035e.jpg,3c0d40ed1790346f4663bfdd6c1491dd,stop/stop_157,54,0.6653,
tag,11.v282i.yolov8_all_walk/train/dog-tree-1-_jpg.rf.e91134b27dd86a5ddb81db39ca1c7349.jpg,03a19bf7e5dc49e0fb84ac17df7e47ee,lick/lick_51,201,0.6651,
tag,11.v282i.yolov8_train_lick/train/5_mp4-0006_jpg.rf.94a58154026a01613ef1cf8456f77ad7.jpg,8932007ee36288dc272e1a12fd0860e0,scratch/scratch_65,0,0.6650,
tag,11.v282i.yolov8_train_lick/train/5_mp4-0000_jpg.rf.06ebb80da11c6e27c917f96257a7d0b1.jpg,2447fb583e9c33a05ed4803758a86d03,stop/stop_123,0,0.6649,
tag,11.v282i.yolov8_all_walk/train/side-view-black-cat-walking-street_jpg.rf.f026137ea36195a6284a4b9d08c54b00.jpg,d8658c82e068de90abe246c074d6691f,stop/stop_157,54,0.6647,
tag,11.v282i.yolov8_train_scratch/train/1-18-_mp4-0004_jpg.rf.4118225b9c2bcb773d663cf6c9a6a5cb.jpg,5c896d459a7e5e9f94d7f870b20e4265,stop/stop_105,0,0.6647,
tag,11.v282i.yolov8_all_walk/train/abyssinian-cat-1-_jpg.rf.c775de46266e90f0884879fff12af5ac.jpg,540ef2c888d7246018fcec66fc6f7823,shake/shake_72,45,0.6646,
tag,11.v282i.yolov8_all_walk/train/attentive-tabby-cat-sand-concrete-street-city-valenca-bahia_jpg.rf.62fd2474b067ab69c6e95acb207deedf.jpg,454bd474a79d3fd36fe63559cdad7eed,stop/stop_56,60,0.6643,
tag,11.v282i.yolov8_all_walk/train/anees-ur-rehman-zmwn-uQsmr0-unsplash_jpg.rf.0a746bc970fa890c184df4311ae0c007.jpg,842f53b4dabdcbb46411d04967da79b7,lick/lick_51,201,0.6642,
tag,11.v282i.yolov8_train_scratch/train/24-10-_mp4-0023_jpg.rf.7f3f84e04be8f7db1e951441809f5fc7.jpg,f81529c4b3f58248f50b684f87b48fa9,lick/lick_51,12,0.6642,
tag,11.v282i.yolov8_all_walk/train/portrait-cat-street-2-_jpg.rf.ad2ceda9b1db535d0ffada9e37d050ee.jpg,449c0d3084dc04a6cd75203fc89931fe,shake/shake_86,63,0.6637,
tag,11.v282i.yolov8_train_lick/train/1-12-_mp4-0003_jpg.rf.cb23ab9f3e8c38f860d1f645a9bd7f4d.jpg,2999071985d99cfb427a411e016eaf66,scratch/scratch_19,120,0.6633,
tag,11.v282i.yolov8_train_scratch/train/scratch8954125567_mp4-0009_jpg.rf.3f37cb8ce88c2427a684e521ab09de20.jpg,30957d767f319ece42448bf40a2a2919,scratch/scratch_38,90,0.6626,
tag,11.v282i.yolov8_all_walk/train/spotted-street-cat-sitting-entrance-door-gurzuf-cats_jpg.rf.2c899dd2c1eb7be4f5d537f125fee6e4.jpg,d45c7caa370236a888708109f9209896,walk/walk19,45,0.6625,
tag,11.v282i.yolov8_stop/train/1-12-_mp4-0006_jpg.rf.0c1002833b1158861d4f36b6147eeac5.jpg,50cc2bf9fac30644ce4c5871397727a1,scratch/scratch_19,120,0.6625,
tag,11.v282i.yolov8_all_walk/train/side-view-cat-1-_jpg.rf.f0436403ee6e0ab1f57d7cd8cd70825c.jpg,4b52b1d7728ef1e345b3d6bdfb3edee1,lick/lick_44,69,0.6620,
tag,11.v282i.yolov8_train_scratch/train/scratch8954125567_mp4-0019_jpg.rf.dd764111159bc89891d908c195c95cad.jpg,e3efe99e63dd01c1ff3638984c6bb549,stop/stop_123,9,0.6617,
tag,11.v282i.yolov8_all_walk/train/brown-cat-with-its-tail-raised-garden-grass-1-_jpg.rf.d2c7c441d60af81d38150d4f03dd5873.jpg,118ebe3d7a759231a7b8e85728ebf98d,stop/stop_56,60,0.6614,
tag,11.v282i.yolov8_all_walk/train/cat_55_jpg.rf.b238ba305709731aa67434a910bfe035.jpg,98c02589c1ab2d76a7c98f2fdc9002c8,stop/stop_80,36,0.6613,
tag,11.v282i.yolov8_all_walk/train/russian-blue-cat-white-1-_jpg.rf.45fb6f5bd9d46a044ab37827c2b8f4c1.jpg,f44d3781892d070319e18b08f630b69f,shake/shake_72,54,0.6611,
tag,11.v282i.yolov8_all_walk/valid/little-cat-studio_jpg.rf.375aa0c139b35f7b65caa81e20e4f537.jpg,226821ed474dd684606104875c530b1d,stop/stop_157,0,0.6610,
tag,11.v282i.yolov8_all_walk/valid/istockphoto-1038758586-612x612_jpg.rf.523fee12d110c8cef2d55140d3763a70.jpg,c331545339e1d2e0afc52656d922ccac,stop/stop_157,0,0.6609,
tag,11.v282i.yolov8_train_scratch/train/scratch8954125567_mp4-0027_jpg.rf.bc3133dc0a70b35d1c52309fcf29854f.jpg,5796a030fe732c77ed6507a4b0fdcc14,scratch/scratch_38,90,0.6602,
tag,11.v282i.yolov8_train_lick/train/1_mp4-0014_jpg.rf.aed6b0356494526e464e2205886bf068.jpg,cfd4b5908b73f06f766ce0fd2bbe71ec,stop/stop_55,9,0.6601,
tag,11.v282i.yolov8_train_scratch/train/24-10-_mp4-0000_jpg.rf.3618253647c406fed9600c4e2591b747.jpg,d52d995984e2b91bbcb07fae3e654b4a,lick/lick_51,12,0.6598,
tag,11.v282i.yolov8_all_walk/train/funny-cats-sit-fence_jpg.rf.1e4c5859a9fea15f8d6601fd6369b29c.jpg,95e6e4cb695e8f19045c22873842c92b,scratch/scratch_19,45,0.6597,
tag,11.v282i.yolov8_all_walk/train/ginger-cat-crosses-road-homeless-animal-city-street_jpg.rf.1f3a7670c338480349eb56347e57e799.jpg,4812824cbae7e83d757e138dc39f5cf6,shake/shake_38,48,0.6597,
tag,11.v282i.yolov8_all_walk/train/gray-cat-looks-back-summer_jpg.rf.9a50f7faa9ebc70d8257a93d5aeded00.jpg,0ca6e14656d2788ccc24707ee4a1abc3,shake/shake_38,39,0.6592,
tag,11.v282i.yolov8_all_walk/train/istockphoto-660315940-612x612_jpg.rf.4b71dac70111d59da55179d540469b1a.jpg,b290593521d1a2fc13e6c9c8e5fe1f9d,shake/shake_72,51,0.6592,
tag,11.v282i.yolov8_train_scratch/train/scratch8954125567_mp4-0007_jpg.rf.1f7a15ef51d985ad13be4e794fd09563.jpg,7388d81eb097c6de279a91f36727ee04,scratch/scratch_38,93,0.6589,
tag,11.v282i.yolov8_all_walk/train/kitten-white-background-1-_jpg.rf.47780c81df616e1a1617d4242c2ae260.jpg,680a643b8c045ee83ab3f1ce4bf3695d,shake/shake_72,51,0.6587,
tag,11.v282i.yolov8_all_walk/train/portrait-pregnant-cat-walking-bench-1-_jpg.rf.34779970e3ca41ad114166eed2077ee4.jpg,38e174633cfffb97da127323be96d479,scratch/scratch_38,9,0.6587,
tag,11.v282i.yolov8_train_scratch/train/scratch8954125567_mp4-0004_jpg.rf.6bc34e0c3e2cd1908246199c5acc1b2e.jpg,ad192e7b1cdfec51ad6ee51eb1867c70,scratch/scratch_38,90,0.6587,
tag,11.v282i.yolov8_all_walk/valid/cat_59_jpg.rf.3a7cc4f7ee845ca33f6fcf6a135c7036.jpg,cd91034b207a0e3fe8a5ef79d3bf67fe,shake/shake_72,51,0.6586,
tag,11.v282i.yolov8_all_walk/train/studio-photography-siamese-cat-colored-backgrounds_jpg.rf.bec178c092b2982950b5ca533eeb701f.jpg,cb604f42922869e0498019aff7cc40e2,scratch/scratch_65,63,0.6583,
tag,11.v282i.yolov8_all_walk/train/cat-5062707_640_jpg.rf.08f59309611026e45ad93c9c5859ee07.jpg,e6814650a544140b35ddfca275d600c4,lick/lick_3_hq,798,0.6582,
tag,11.v282i.yolov8_all_walk/train/cat-walking-street_jpg.rf.0972377bd8cd6200579c3e0cd049b1c0.jpg,76630688837b648d5efa14498795394a,walk/walk27,0,0.6582,
tag,11.v282i.yolov8_train_lick/train/6_mp4-0011_jpg.rf.8fcb822d52110c6b51e43df02375fb8c.jpg,0d2669185b3fde1dbe4c8e39e9b4952b,stop/stop_116,18,0.6580,
tag,11.v282i.yolov8_train_lick/train/5_mp4-0007_jpg.rf.e10b12ba3a3f8b57859667404c22ab61.jpg,0620d9e8eabe14ec0f27c10476e4a8cc,stop/stop_123,0,0.6578,
tag,11.v282i.yolov8_all_walk/train/adult-cat-pedigree-scottish-chinchilla-straight-ears-home_jpg.rf.a53ccfa1eeee7b59316a2875aea40659.jpg,c70e09ed508a0055667147102859b6c3,stop/stop_104,6,0.6573,
tag,11.v282i.yolov8_all_walk/train/istockphoto-1413872758-612x612_jpg.rf.3083fba9771177afc396680431d79313.jpg,215ccfadd738fd828ef3fbfca5086103,shake/shake_72,57,0.6571,
tag,11.v282i.yolov8_train_scratch/train/24-10-_mp4-0004_jpg.rf.8f5f35af87acbacf9b618b06efd541ba.jpg,94ec1850cc6a5a16adbde0e3f813fbec,lick/lick_51,180,0.6568,
tag,11.v282i.yolov8_stop/train/The_video_duration_must_be_exa-13-_mp4-0028_jpg.rf.61bb9e2d83e9602b7f5ee8261b4ed97a.jpg,8e8a93fc0284205a8de24164f2e3ced9,walk/walk26,330,0.6565,
tag,11.v282i.yolov8_train_scratch/train/scratch8954125567_mp4-0013_jpg.rf.2036f0bd3518de513ef62c2e12df3be3.jpg,d24a38197deff0032af8dda5d3fcac23,scratch/scratch_38,90,0.6560,
tag,11.v282i.yolov8_all_walk/train/side-view-cat-walking-footpath_jpg.rf.7a05385880fd255cb1118f98726c69aa.jpg,b8196e10e9b10e369b69464f3813ada3,shake/shake_72,51,0.6554,
tag,11.v282i.yolov8_all_walk/valid/maine-coon-kitten-2-months-old-cat-isolated-white-background-portrait-beautiful-domestic-kitty_jpg.rf.f18e101c3e70dcc9069c05ccb2b7c032.jpg,4419bf3be242d92a8d394a5b26ca7d40,shake/shake_72,51,0.6554,
tag,11.v282i.yolov8_all_walk/train/side-view-american-curl-kitten-3-months-old-looking-camera_jpg.rf.b3e443300aac40137767da4985a05692.jpg,a98436d4b8aad5a4149e43e4882081c6,stop/stop_90,15,0.6552,
tag,11.v282i.yolov8_all_walk/train/kris-tian-Mp74n-X9GQ-unsplash_jpg.rf.232602fa1934ab2447536d2c27f334d9.jpg,314ff4005856f92c70e4c9c07f02e835,lick/lick_44,216,0.6550,
tag,11.v282i.yolov8_all_walk/train/white-cat-garden-pet-international-cat-day-concept_jpg.rf.570a1f237ea2d5d28edd461a6489a3d5.jpg,2c8a1719e0bb48ff765549a63e48fe1a,scratch/scratch_38,162,0.6548,
tag,11.v282i.yolov8_train_lick/train/5_mp4-0021_jpg.rf.901ca1837d428dd375f70a313e30be29.jpg,9a4a60bfb892062868cab50dac54a442,scratch/scratch_65,0,0.6548,
tag,11.v282i.yolov8_all_walk/train/animal-cat-pet-concept-serengeti-cat-grey-wall-2-_jpg.rf.07fcc0e85e4fd97f0e113a2d42a8fbe5.jpg,5f5eb586dcf293eb142c9e34c450d697,shake/shake_72,51,0.6545,
tag,11.v282i.yolov8_all_walk/train/white-homeless-beautiful-cat-walking-down-road-staring-squinting_jpg.rf.399e0fd074438ef7a1a136c923b21005.jpg,d98c428bfd4ccbcfe271e9e5dd379507,shake/shake_47,99,0.6544,
tag,11.v282i.yolov8_train_scratch/train/scratch8954125567_mp4-0005_jpg.rf.747f85825e12431534515142191c388b.jpg,16efc8c34e231ae4ada6d959c174caae,scratch/scratch_38,93,0.6544,
tag,11.v282i.yolov8_all_walk/valid/side-view-walking-bengal-cat-kitten-six-weeks-old-isolated-white_jpg.rf.87dfd000017a537481576f57a978f3b5.jpg,fd5e55c592c35b37a60cf74c44df9cb9,shake/shake_72,39,0.6543,
tag,11.v282i.yolov8_all_walk/train/photo-striped-street-cat-1-_jpg.rf.0a0894f2ff24e74284ea8b4f88754c11.jpg,b77f7017bd4445855ede62483eb61878,shake/shake_72,51,0.6541,
tag,11.v282i.yolov8_all_walk/train/cat-street_jpg.rf.b85d04ab4766f7bbe6e8b7f12e3c253a.jpg,5339892b3ea10a1bd32daabb4c71a754,stop/stop521,90,0.6539,
tag,11.v282i.yolov8_all_walk/train/high-angle-view-tabby-cat-footpath_jpg.rf.2a71489b8e9f86601a4b159451033a13.jpg,bde9798b62e5ed1c31ceb0f4da0dbfb1,shake/shake_72,51,0.6538,
tag,11.v282i.yolov8_all_walk/train/stray-tabby-carefully-looking-me_jpg.rf.bb66cbb8c30ab6c5cc66fec11e1e0109.jpg,db02ddc4644191773dba409831db2ee3,walk/walk18,69,0.6538,
tag,11.v282i.yolov8_all_walk/train/istockphoto-1126981164-612x612_jpg.rf.ffc50056c81ecf06fc3f08ec423d0d3e.jpg,6f7b955cbc61b78766a854fbf202bdbe,stop/stop_157,15,0.6537,
tag,11.v282i.yolov8_train_lick/train/5_mp4-0013_jpg.rf.f7a031f454cd59c63b2a0907a1857adb.jpg,a0019f89ceb0a3cff99965acdd41c42b,scratch/scratch_65,0,0.6537,
tag,11.v282i.yolov8_all_walk/train/maine-coon-kitten-2-months-old-cat-isolated-white-background-portrait-beautiful-domestic-kitty_jpg.rf.841b0cc787193a34b2640d064f5b6a76.jpg,a7a5e23d43e2b1b27217adc56f7ab0a3,stop/stop_157,15,0.6536,
tag,11.v282i.yolov8_all_walk/train/alireza-hashemi-YQMtP7Dni84-unsplash_jpg.rf.e3671887d65bfdc206fff564740eafb9.jpg,84e5d9de505f0d6e194e62ec3487fd3f,shake/shake_38,12,0.6535,
tag,11.v282i.yolov8_train_scratch/train/24-10-_mp4-0005_jpg.rf.e4e7dc11b6801b561a2ca9d06a60f67d.jpg,6c3a88f3bec4a62f66fddcd474925cb1,lick/lick_51,180,0.6532,
tag,11.v282i.yolov8_train_scratch/train/scratch8954125567_mp4-0010_jpg.rf.20088e3e5986d73c471712fcbcc73e43.jpg,b87c0193a43aa176889f390299672275,scratch/scratch_38,93,0.6530,
tag,11.v282i.yolov8_all_walk/valid/cat-sitting-floor-mykonos-greece_jpg.rf.bd3571e5d8dc2878abf4d32e1bd1fe83.jpg,52c8f2e35252db006330c538329c7199,walk/walk25,417,0.6529,
tag,11.v282i.yolov8_train_scratch/train/scratch8954125567_mp4-0001_jpg.rf.cb585c7c99013d47d624ac3d0544cb94.jpg,447f9446d917499e0faae3fc52d65a35,scratch/scratch_38,117,0.6528,
tag,11.v282i.yolov8_train_scratch/train/scratch8954125567_mp4-0003_jpg.rf.4934001ac9c35e0e3ee18d2e42bfdd36.jpg,6abf189601a75e4ec99793d119324124,scratch/scratch_38,93,0.6526,
tag,11.v282i.yolov8_train_lick/train/1_mp4-0008_jpg.rf.ff4f03b758900665c0102e5ee42b3579.jpg,4727dc3b9ce963a5c110a60c66a5de6a,stop/stop_52,39,0.6524,
tag,11.v282i.yolov8_all_walk/train/adorable-domestic-indoor-feline-pet-cat-relaxing-with-human-owner-family-home-cute-black-tortie-british-breed-kitten-playing-pets-toy-floor-living-room_jpg.rf.b12697f2ce2d87f986bdab819b141a90.jpg,354de021a1496ffabec1c893335e4839,stop/stop_157,48,0.6523,
tag,11.v282i.yolov8_all_walk/train/tabby-cat-average-height-who-walks-front-point-recovery_jpg.rf.521f34b1d0808f4df86d81bb43395fed.jpg,d629107833afd6cddf24bff502b24107,lick/lick_51,177,0.6523,
tag,11.v282i.yolov8_all_walk/train/portrait-tabby-cat-footpath_jpg.rf.907efaffbeec8ddd21acf027668a6f4a.jpg,db66df0484ae4ec01f7d33c8fd6006f3,stop/stop535,84,0.6518,
tag,11.v282i.yolov8_all_walk/valid/cat_36_jpg.rf.5694f3b2604dc49baa0e818a7c2dffbc.jpg,fecefeb7c4ecbdca5f6614affa2415e0,shake/shake_72,51,0.6513,
tag,11.v282i.yolov8_all_walk/train/istockphoto-2202125435-612x612_jpg.rf.5696f7809ad6d067a8ef1de35f229b1c.jpg,76bf7cea819b44c5c940299ef9f66786,lick/lick_6_hq,420,0.6506,
tag,11.v282i.yolov8_all_walk/train/portrait-stray-cat-by-tree-sidewalk_jpg.rf.c4120206891439a488d7c059759d5c38.jpg,90e6682719129a977e1f0e92f8caf248,lick/lick_44,42,0.6506,
tag,11.v282i.yolov8_all_walk/train/animal-cat-pet-concept-serengeti-cat-grey-wall-4-_jpg.rf.e07a347af2a38c7a740751e6e2a0318e.jpg,2e2760f7aa5e53e27146745e7fd9dc1e,shake/shake_72,63,0.6503,
tag,11.v282i.yolov8_train_scratch/train/1-7-_mp4-0005_jpg.rf.20592889337cb2bddc2df2b23fc67c6a.jpg,e01b0a32bd1b75c981511087cac46332,stop/stop534,48,0.6502,
tag,11.v282i.yolov8_train_scratch/train/24-10-_mp4-0007_jpg.rf.f9f2e535c52d1729e12716abc108c129.jpg,91a049d5a484cf832b615cb3c2600b80,lick/lick_51,180,0.6500,
tag,11.v282i.yolov8_train_scratch/train/24-10-_mp4-0009_jpg.rf.da6443cc3ec3cd6ca1cc93e29ddd4a8a.jpg,23d9978e26dee68b4bb5012c59029518,lick/lick_51,180,0.6487,
tag,11.v282i.yolov8_all_walk/train/portrait-cat-footpath-2-_jpg.rf.ae73a9acb86811e223d0fccad1d6f9fd.jpg,fbf6e9d0a6a47811b80e0b7c44a34322,walk/walk27,0,0.6481,
tag,11.v282i.yolov8_all_walk/train/full-length-cat-walking-road-1-_jpg.rf.363f2883bd2a764e0c27898e9dec6936.jpg,988e23dea88fc4cc94277266c83f921c,lick/lick_51,72,0.6480,
tag,11.v282i.yolov8_all_walk/train/kotor-cats-2-_jpg.rf.3fc7ad01d8817b9cafe3de2616e00eb0.jpg,73baf3da504c87f147d35569c66c5f1f,stop/stop_103,54,0.6477,
tag,11.v282i.yolov8_train_scratch/train/1-18-_mp4-0008_jpg.rf.379453668f2ce9d3547b1180be493090.jpg,0e0050e25fc1ac15d2dde05529621f93,stop/stop_105,12,0.6475,
tag,11.v282i.yolov8_all_walk/train/cat-7731334_640_jpg.rf.8344f27c0daa4155a2e4459286974ce9.jpg,9e9fd79e97c942eed05737f532bb7dc4,shake/shake_71,3,0.6474,
tag,11.v282i.yolov8_all_walk/train/istockphoto-1266742047-612x612_jpg.rf.a88fac398200b8053e21e83cab386d3b.jpg,94094043573547cdc5a9cfa6f2162fa8,lick/lick_68,216,0.6471,
tag,11.v282i.yolov8_all_walk/train/cat_52_jpg.rf.a74116c22374b68b15d002269c438130.jpg,05d3833bb2e8da6e913f678f49c4abc7,stop/stop_157,12,0.6465,
tag,11.v282i.yolov8_all_walk/valid/black-dog-against-plants_jpg.rf.fc105f4e93d8d1c68df0b1f78a343d6f.jpg,4be6879b5aa846945ae51c6b2a12a0e1,lick/lick_51,69,0.6465,
tag,11.v282i.yolov8_train_lick/train/6_mp4-0015_jpg.rf.ef717b24dd72da7f2a16263aec5fa675.jpg,b6286884366069424703f81d24a53d27,stop/stop_116,18,0.6465,
tag,11.v282i.yolov8_train_scratch/train/scratch8954125567_mp4-0006_jpg.rf.554161117d9733f4aa05f5b263c7b7cc.jpg,c37e89bd2a99320288b5066ce17c7753,scratch/scratch_38,93,0.6464,
tag,11.v282i.yolov8_all_walk/valid/cute-red-kitten-white-background-playful-funny-pet-copy-space_jpg.rf.c07d7d38aaf3d50e5109127c92b10a8c.jpg,6db8062ea6bb5a4e3ce45cd338408445,stop/stop_55,9,0.6461,
tag,11.v282i.yolov8_all_walk/train/cat_39_jpg.rf.cf1dce17ed07abd2fa04441c7ec54fd2.jpg,e815184a4d8e8635d9b355ec1d5ade42,lick/lick_123,57,0.6460,
tag,11.v282i.yolov8_all_walk/train/imagen-de-gato-atigrado-mirando-abajo_jpg.rf.918c9eee5cb960921227c6765bb931dd.jpg,5056673001b1b0e375f1dd00d9a1e9ef,stop/stop_157,15,0.6459,
tag,11.v282i.yolov8_all_walk/train/maine-coon-kitten-2-months-old-cat-isolated-white-background-portrait-beautiful-domestic-kitty_jpg.rf.e54fc3fa968028862dad492c6b61f7a9.jpg,c27009328304902db4cef1f7be7b8c83,shake/shake_72,45,0.6459,
tag,11.v282i.yolov8_all_walk/train/stray-cat-istanbul-street-portrait_jpg.rf.ec6bee85d070b8afabf4d7f434b0e45c.jpg,b80174bfb6d9d0d0cb55e6389bfb87a9,stop/stop_56,60,0.6456,
tag,11.v282i.yolov8_all_walk/train/high-angle-view-stray-kitten-footpath_jpg.rf.6f5405b802dc74678d7d0bc4edce04fe.jpg,5b65fdc8fc2ea63042fda6ed3a8205cd,stop/stop504,27,0.6454,
tag,11.v282i.yolov8_train_lick/train/9_mp4-0009_jpg.rf.2b6ec1b9a068b6737e9af3f87c471c5f.jpg,818781b8cc198f4aa40c0969a86fff38,stop/stop_33,54,0.6453,
tag,11.v282i.yolov8_train_scratch/train/1-7-_mp4-0008_jpg.rf.2b2f05e1b012a69e041a8b93aba88769.jpg,8a3386906aed645fbe823599f7496e6e,stop/stop534,48,0.6451,
tag,11.v282i.yolov8_train_lick/train/lick20-4_png.rf.670b13299504d51977f1eece0edf8916.jpg,1d9e3c8c021306a7f580d2c71bcf7640,stop/stop_33,54,0.6449,
tag,11.v282i.yolov8_all_walk/train/british-blue-shorthair-colourpoint-cat-staying_jpg.rf.eeab3be56fc691ca17dfbb06fd897470.jpg,b61951233750ac4484c442764b67094a,lick/lick_51,222,0.6448,
tag,11.v282i.yolov8_train_scratch/train/24-10-_mp4-0008_jpg.rf.5efb755cda61426fa4f58c104dc6a664.jpg,a4465fff4a9006c521fe0a3da0d3dc44,lick/lick_51,180,0.6448,
tag,11.v282i.yolov8_all_walk/valid/beautiful-bengal-kitten-sofa-room_jpg.rf.7d9ae4c90cc3bce618eaef027ba10d2d.jpg,a5944ba72e027d58f1dde00b7e98e1f1,shake/shake_35,90,0.6444,
tag,11.v282i.yolov8_train_lick/train/6_mp4-0011_jpg.rf.8ff0556b8b6adbef5a757e5df3e7981d.jpg,3d9af3dd6f803cc5c23a04730da6f32f,stop/stop_46,9,0.6444,
tag,11.v282i.yolov8_all_walk/valid/piiko-b-qkgkp93UY-unsplash_jpg.rf.f101297fb838cc09a2ea0abc34aea8a7.jpg,5d748f547d0642b574544c4dedaf3cf9,walk/walk27,0,0.6430,
tag,11.v282i.yolov8_all_walk/valid/portrait-red-cat-with-red-belt-orange-wall-background_jpg.rf.cd6435a5ad1df53ef7d2e7d44d6e3808.jpg,b0916174d1927c01fe9f71b4fdfa312f,shake/shake_71,0,0.6428,
tag,11.v282i.yolov8_train_lick/train/6_mp4-0008_jpg.rf.9518c08abf6f70de827c5691bbd2d4a6.jpg,51b8e30d8ffcb5463b7caf304d960d01,stop/stop_116,18,0.6427,
tag,11.v282i.yolov8_train_scratch/train/scratch8954125567_mp4-0015_jpg.rf.0cffb4894475f6c62f80e630414f11ff.jpg,f1e9c0031c4fdf4313242cdbe8890329,stop/stop_123,9,0.6425,
tag,11.v282i.yolov8_all_walk/train/100-12-_png.rf.a3e50b1917804770f94c61b995bddf65.jpg,a07fa9ed98e330e7ac1bae110b29d266,stop/stop_157,0,0.6423,
tag,11.v282i.yolov8_all_walk/train/quan-you-zhang-ekrSoi7tg3c-unsplash-1-_jpg.rf.af1cc1ee7cfd5281361a737dbc7ca8e8.jpg,a4d20ca81003e3c8f79398b2cf6f061f,stop/stop528,45,0.6421,
tag,11.v282i.yolov8_all_walk/train/roger-starnes-sr-qXbrKhmds4o-unsplash_jpg.rf.4e957faced08a2f066bfb8606686883e.jpg,d3b33165491a53175d84f3985f33bdb8,shake/shake_72,39,0.6420,
tag,11.v282i.yolov8_all_walk/train/wild-cat-walking-nature_jpg.rf.2b36099c7a3499a2d3a539f22106e3fc.jpg,c2527b1cd01f02bbf6b00e746d9524dd,scratch/scratch_38,36,0.6417,
tag,11.v282i.yolov8_all_walk/train/beautiful-kitten-where-else-can-rest-after-hard-day-s-work-if-dining-table_jpg.rf.f1e823189dcc167561ebe5d287caf4b7.jpg,3adbf034f6bcb81b0bdbb0186010a2ac,shake/shake_19,144,0.6412,
tag,11.v282i.yolov8_all_walk/train/portrait-cat-sitting-outdoors_jpg.rf.42311beea390eb57fb917aba473c9d46.jpg,c0169794b2625a94eaf62f21d2b3b14a,scratch/scratch_38,27,0.6410,
tag,11.v282i.yolov8_all_walk/train/large-european-shorthair-cat-standing-looking-side-white-background_jpg.rf.739991cc8661b8317bce10d43b723ad9.jpg,b78bd6e89d4aa70689ed78f129c2b84d,lick/lick_6_hq,414,0.6407,
tag,11.v282i.yolov8_all_walk/train/purebred-abyssinian-young-cat-isolated-white_jpg.rf.de8bd19105786bc0e23d4f49549e22f3.jpg,6a35c120b2a2cc76007aef89af863caf,shake/shake_72,51,0.6405,
tag,11.v282i.yolov8_all_walk/valid/low-angle-view-cat-walking-wooden-retaining-wall_jpg.rf.2759421c153cd0af75e40249cabb6d0f.jpg,a84a31b987b5295e55b484a9145432b7,stop/stop_131,24,0.6404,
tag,11.v282i.yolov8_stop/train/1_mp4-0004_jpg.rf.4220fbc2536cde6079acbd5ece758acd.jpg,1677470c007c0dce3d32f1b494be67d3,stop/stop_52,39,0.6403,
tag,11.v282i.yolov8_all_walk/train/beautiful-adult-fluffy-ragdoll-cat-isolated-white-background_jpg.rf.85e092ac3f933ed5a36eef4f78963e3b.jpg,4e6bbf700f85964fb997c801cbe6ac34,shake/shake_72,57,0.6397,
tag,11.v282i.yolov8_train_scratch/train/1-37-_mp4-0008_jpg.rf.4145cc30abf27b5854b7b4614dd40943.jpg,4ede19484428e4253173ae328c868c93,stop/stop_90,30,0.6397,
tag,11.v282i.yolov8_all_walk/valid/istockphoto-2213742614-612x612_jpg.rf.e888f7680d52b6689c3663e3b20e9099.jpg,6b8bf0926e63bcb915a0cedc319bdb83,scratch/scratch_65,147,0.6391,
tag,11.v282i.yolov8_all_walk/valid/bengal-cat-front-white-background_jpg.rf.e3101872ee3036a0e8c685e18a4439ff.jpg,d1fbd1a539caec2ba0a8e1523d64a95a,shake/shake_72,51,0.6390,
tag,11.v282i.yolov8_train_lick/train/6_mp4-0014_jpg.rf.3edab994f05ce89c6fdcb7b114fb2ebf.jpg,44ca127262e2c804472a7e7cc2301f20,stop/stop_116,18,0.6389,
tag,11.v282i.yolov8_all_walk/valid/istockphoto-533151727-612x612_jpg.rf.eb7b6c2785e9d5a9820c61830e13fb11.jpg,7165c084215f52667a05177c284fe3bb,stop/stop_80,39,0.6386,
tag,11.v282i.yolov8_all_walk/train/city-stray-cat-walks-along-street-search-adventure_jpg.rf.534e62966d48540e9efd6fd8b16b785f.jpg,7c1b6024ad0d4491e38059cda0ee5c4b,lick/lick_51,123,0.6380,
tag,11.v282i.yolov8_all_walk/train/walk_real-15_png.rf.a29141ecc616a3333d3021bdacf3c322.jpg,ba0200bc881d53003eefae42d7f175b7,walk/walk26,348,0.6380,
tag,11.v282i.yolov8_all_walk/train/full-length-egyptian-mau-standing-footpath-2-_jpg.rf.e9097a6e69c1706d21cd2e424911ca94.jpg,bd193f890f08327038d091e063a958d8,stop/stop_56,60,0.6379,
tag,11.v282i.yolov8_train_scratch/train/1-7-_mp4-0009_jpg.rf.49ad033b130edb9b903c21c8d528474d.jpg,ad9d3f44e51739dcfbef99ab674c95bf,stop/stop534,48,0.6379,
tag,11.v282i.yolov8_train_scratch/train/1-18-_mp4-0009_jpg.rf.f7a5e4065bf0d08d20bc25b140fc132d.jpg,d3d87f4fc9387ba16bd9523b595815d5,stop/stop_105,12,0.6378,
tag,11.v282i.yolov8_all_walk/train/cat-standing-outdoors_jpg.rf.f5a4d85664484ceb756446f279c35774.jpg,4480695a43af3490035377fa5a2f62e6,lick/lick_102,75,0.6373,
tag,11.v282i.yolov8_all_walk/train/fuu-j-qo1rVbPRX3c-unsplash_jpg.rf.d2f0948200352c15a6abc9ba4e0ed0c7.jpg,de7a4a99e53f65b5d45599dcb836baa8,lick/lick_11,192,0.6372,
tag,11.v282i.yolov8_train_lick/train/9_mp4-0008_jpg.rf.ac781ec9c6c8b7851c12fb57ca6ccb8c.jpg,327c5c742b4db9acc4497e6785f2d929,lick/lick_15,60,0.6369,
tag,11.v282i.yolov8_all_walk/train/abyssinian-cat-home-with-her-owner-home-beautiful-purebred-short-haired-kitten_jpg.rf.cac768329625236e6a7e1e04ba77a590.jpg,046e122c34f65e134daf45b2f6ad82ad,scratch/scratch_11,60,0.6367,
tag,11.v282i.yolov8_all_walk/train/norwegian-forest-cat-front-white-background_jpg.rf.72c54711b01843c36d3f48671414e07e.jpg,cb2815807423102b5b65b12f4906aa80,stop/stop_80,36,0.6365,
tag,11.v282i.yolov8_train_lick/train/1_mp4-0007_jpg.rf.03c87b9ffa5199e8e1fec7f83cf9109c.jpg,400693c2ad8fb19e72bd4bc4ab5e596f,stop/stop_52,39,0.6365,
tag,11.v282i.yolov8_all_walk/train/grey-cat-grass_jpg.rf.5823c8425a8945a2345cea3614d25a6e.jpg,33c5d7894080bf1f642069629a5600e3,lick/lick_51,21,0.6364,
tag,11.v282i.yolov8_all_walk/train/white-black-orange-cat-walking-away-back-view_jpg.rf.b3bc2ff780c97d1e3038d06f2a9613d9.jpg,c3081caaf34dc4772d40581c2b9c313f,lick/lick_44,51,0.6364,
tag,11.v282i.yolov8_all_walk/train/cat-is-walking-white-background-multiracial-female-cat-young-female-cat-walks-straight-ahead-has-long-tail-pointed-ears-5-_jpg.rf.702d2be2b442c19277a9d340ac440412.jpg,6bb57df219a70a204c2ad0f656a428f9,lick/lick_6_hq,420,0.6362,
tag,11.v282i.yolov8_all_walk/train/portrait-cat-sitting-sofa_jpg.rf.43cac30a18e20b4f31343d8c22eef290.jpg,51175b9c728aef851f01fb33bfcdcf75,lick/lick_7_hq,285,0.6362,
tag,11.v282i.yolov8_all_walk/train/portrait-cat-field-1-_jpg.rf.b7cb6c814ca6ed9126f5115b1d8cbb84.jpg,6f4b670ca264ba243e4cadeb3f6f6567,lick/lick_11,66,0.6358,
tag,11.v282i.yolov8_train_lick/train/10_mp4-0008_jpg.rf.6f2865e13bb1550c491b5ab76c33eea3.jpg,fbc7c0d394ef9b21f6f2174334e069c8,stop/stop_47,0,0.6357,
tag,11.v282i.yolov8_train_lick/train/6_mp4-0016_jpg.rf.2706cb4a134732df452bc6dd9b2611b5.jpg,4cc58bf1c0a44739a9a47d0ced41e25b,stop/stop_116,18,0.6357,
tag,11.v282i.yolov8_all_walk/train/abyssinian-cat_jpg.rf.f6e3f3e38021166cf4630f2f4072bfb6.jpg,41f0d5fc14217d7c85e6c7caea7ea408,shake/shake_72,51,0.6356,
tag,11.v282i.yolov8_all_walk/valid/close-up-cat-floor_jpg.rf.2d86d148687d4697f276b3c2c98ece71.jpg,3b32105972ba0a93783855dac360a9c3,shake/shake_38,0,0.6355,
tag,11.v282i.yolov8_train_lick/train/9_mp4-0009_jpg.rf.edc26eedd693dfd22bdc7e184e1aacea.jpg,3c743b3a064d10fd87ce2371fad04591,lick/lick_15,237,0.6349,
tag,11.v282i.yolov8_all_walk/train/cute-cat_jpg.rf.449b4450dcb6796b4b696c81ef1bc3d5.jpg,6a57040c5afe50078e4f67d12c60f0d5,lick/lick_68,204,0.6345,
tag,11.v282i.yolov8_all_walk/train/dog-walking-road_jpg.rf.aec4a36bc17848312a1eda802c820227.jpg,998e358f54e74082a1d55cb71f6ce467,stop/stop_36,45,0.6343,
tag,11.v282i.yolov8_all_walk/valid/side-view-cat-walking-field-2-_jpg.rf.ab5064aaf2af6805bea2416d9982b814.jpg,ab330263af86046b9be97a94d1ad6c08,shake/shake_38,12,0.6342,
tag,11.v282i.yolov8_all_walk/train/gray-cat-various-poses-highquality-stock-photos_jpg.rf.c7942b7f817575aab8bd9a64aade768f.jpg,99216a64eacb0ed5f03f57b77dfa7a40,stop/stop_157,12,0.6339,
tag,11.v282i.yolov8_all_walk/train/pexels-tolgaaslanturk-13291646_jpg.rf.7770204ebb7c87315d507726c4a512c0.jpg,2f366c627fc223dabb5336dc2b9424a4,walk/walk25,99,0.6339,
tag,11.v282i.yolov8_all_walk/train/pexels-kas-elvirov-8897090_jpg.rf.7df6689ac850eea8562864ab50be19d1.jpg,7a64c3a34a88975f91935bcc3c9e683a,lick/lick_116,141,0.6337,
tag,11.v282i.yolov8_all_walk/valid/pexels-mehmet-itil-290423214-13329259_jpg.rf.68acce4dd8471606b57e3d94e84338ad.jpg,73cc8654bd273fcf344a36e950d39ee4,lick/lick_11,63,0.6336,
tag,11.v282i.yolov8_all_walk/valid/cat_24_jpg.rf.e2406aeb62ca082f9ffb67676bf1a4ac.jpg,39e01549fe3dba5d301bd8e0a969cbdc,scratch/scratch_65,0,0.6334,
tag,11.v282i.yolov8_all_walk/train/side-view-cat-beach_jpg.rf.39e97c3eb5cd78c4608cc5016e89e91b.jpg,4857b97d06feff357d24f494bcfc1039,lick/lick_102,198,0.6333,
tag,11.v282i.yolov8_all_walk/train/european-shorthair-common-domestic-cat-felis-silvestris-catus-avila-spain_jpg.rf.d21eb3100c95f6203a4e5613a5a5000b.jpg,9a9de5f7d74c7a6ce608cd2c6bbde468,stop/stop_146,0,0.6332,
tag,11.v282i.yolov8_all_walk/train/bengal-kitten-6-months-old_jpg.rf.d0de2404fb5cf558b495d17163dc2034.jpg,6e0ef8f0b7feb6e08f6499d8f6963190,shake/shake_72,51,0.6329,
tag,11.v282i.yolov8_all_walk/train/charming-bengal-cat-posing-photo-studio_jpg.rf.7df485b8ebc93354f3e50b5d20ac40fa.jpg,fd3cedcd82e2e874a142fa0ae31cb0d4,shake/shake_72,60,0.6326,
tag,11.v282i.yolov8_all_walk/train/close-up-black-cat-looking-away_jpg.rf.76664c17f9ecf85e94d50200f530bed2.jpg,bd7592290117d58a9c5452acaf36e97a,shake/shake_71,0,0.6326,
tag,11.v282i.yolov8_all_walk/valid/andy-luo-KEembtEEDd4-unsplash_jpg.rf.720c82a0134b58c20f712a532d4a4249.jpg,d69913e8ca26eb492a2baefb36f981af,walk/walk9,0,0.6323,
tag,11.v282i.yolov8_train_lick/train/10_mp4-0009_jpg.rf.47445ec449710b62618e60a45ebdfb54.jpg,9cd1e0252bb995ae1a933ddd33b41587,stop/stop_47,0,0.6322,
tag,11.v282i.yolov8_all_walk/train/animals-wildlife-savannah-cat-desert-4-_jpg.rf.9b00fb606a0d494d7b22dda886395054.jpg,66fe3b34639a167aabb7a33241095609,shake/shake_72,51,0.6321,
tag,11.v282i.yolov8_all_walk/train/zhang-kaiyv-Geq2WJvDzlM-unsplash_jpg.rf.92cb7fe82154718a63344444f34fb908.jpg,e17ad21b6e0b59b84ca527969a42c700,shake/shake_40,111,0.6319,
tag,11.v282i.yolov8_all_walk/train/kotor-cats-1-_jpg.rf.8f62eb6aeed3277c1097a16b8d83f3c1.jpg,38a31a85404bf3a0cfc33d0534a92877,stop/stop_103,54,0.6318,
tag,11.v282i.yolov8_all_walk/train/red-cat-walks-away-along-empty-street-1-_jpg.rf.03631e5bb259a7974d8f7c63b3e5fb9e.jpg,d904931308d9b4fb5da6d763701637fe,scratch/scratch_19,141,0.6316,
tag,11.v282i.yolov8_all_walk/train/beautiful-gray-cat-brick-wall-background_jpg.rf.4d9bbd32892aa5b000c3634ee35329fd.jpg,725fee3016d8a4b536478f654f25c05e,lick/lick_68,225,0.6307,
tag,11.v282i.yolov8_train_scratch/train/1-37-_mp4-0009_jpg.rf.fa7cb23534601f6e29d31718f657cdf9.jpg,2b5b435818e4b4044f7dd02e753b31e9,stop/stop_90,30,0.6306,
tag,11.v282i.yolov8_stop/train/10_mp4-0000_jpg.rf.1c88808f698c2546c1b61e4fb9212317.jpg,38255940c883692e49c65e75d25b39e5,stop/stop_47,0,0.6306,
tag,11.v282i.yolov8_all_walk/train/norwegian-forest-cat_jpg.rf.f5c49f4d0d686648b9459ba9b5873b34.jpg,2c916d15922584fd7006d82815a9fcef,scratch/scratch_50,66,0.6305,
tag,11.v282i.yolov8_all_walk/train/view-cat-retaining-wall_jpg.rf.9feb72fbd42b12e15a352a3a66fe3b9e.jpg,c147b73963ff6d0b1681404bb75b5abc,shake/shake_28,198,0.6305,
tag,11.v282i.yolov8_all_walk/train/cat-is-walking-white-background-multiracial-female-cat-young-female-cat-walks-straight-ahead-has-long-tail-pointed-ears-7-_jpg.rf.54184e5330ec21574bf25bdc95ddc37b.jpg,cbbaf27962edb87595bb08a206d5aeb1,lick/lick_6_hq,420,0.6302,
tag,11.v282i.yolov8_train_lick/train/5_mp4-0014_jpg.rf.e60bc7a9eaaa4d54abaae3c6019a355b.jpg,eb5ac7ce2ffa508c4cd1f677bbbdfef5,stop/stop_123,0,0.6302,
tag,11.v282i.yolov8_train_scratch/train/b_f_e_f_b_f_e_a_f_mp__mp4-0002_jpg.rf.fb24804053870c10bb12810da5dddbbd.jpg,3b65f5c07832b67c0fabbe906cdfcf7c,scratch/scratch_25,147,0.6300,
tag,11.v282i.yolov8_all_walk/train/portrait-cat-plant_jpg.rf.7b6d4d632fd303a115a2104378629542.jpg,f3ded1d7996c8a0afc195cb63caa90f9,stop/stop_123,0,0.6299,
tag,11.v282i.yolov8_all_walk/train/portrait-tabby-cat-street-1-_jpg.rf.fdbd43a9070b588f5bec0ee52efd9ba8.jpg,3743658d97322d863042f3460a862fc6,lick/lick_3_hq,837,0.6298,
tag,11.v282i.yolov8_train_lick/train/5_mp4-0009_jpg.rf.a1cbf3c93195b5d401cfdfaa26101d48.jpg,c6ba8856d945eee7b08d43d5a19c9287,stop/stop_123,0,0.6295,
tag,11.v282i.yolov8_train_lick/train/6_mp4-0014_jpg.rf.a26fb7d713d637ba8adda52a11ac2481.jpg,83f7696460a5f101fba310da7907f8de,stop/stop_46,48,0.6294,
tag,11.v282i.yolov8_train_scratch/train/1-4-_mp4-0008_jpg.rf.646ce0c308cada0486ee9dced7263489.jpg,2246c81f000a4377eb3f07d0db85b9a4,scratch/scratch_65,3,0.6292,
tag,11.v282i.yolov8_all_walk/train/cat-is-walking-white-background-multiracial-female-cat-young-female-cat-walks-straight-ahead-has-long-tail-pointed-ears-4-_jpg.rf.dd69f7651bb0ff55ca1eaba4031065cb.jpg,ec0e1cacf1578c9375bf9887f2f964eb,stop/stop521,96,0.6290,
tag,11.v282i.yolov8_all_walk/train/cute-red-kitten-white-background-playful-funny-pet-copy-space_jpg.rf.c2773c7120bbc750a8409a6b64148480.jpg,357445af29daa657e23480840f6b344e,lick/lick_6_hq,192,0.6287,
tag,11.v282i.yolov8_all_walk/train/gray-house-cat_jpg.rf.fc0f61cb664af6665a4a63bd47009dc7.jpg,a2a05799fa359da0a07d7a78dd05434b,stop/stop_90,15,0.6287,
tag,11.v282i.yolov8_all_walk/train/yi-syuan-li-aWALIediLPg-unsplash_jpg.rf.37a1efc05f986377130435696301b7c5.jpg,badc08876385291f5694c8773464150e,scratch/scratch_69,174,0.6287,
tag,11.v282i.yolov8_all_walk/valid/view-dog-looking-away-field_jpg.rf.4f7cba40aa46fc01851a4278d3c86dc7.jpg,e76f019436d7683b64f56710a0af6962,walk/walk10,66,0.6285,
tag,11.v282i.yolov8_all_walk/train/gray-house-cat-2-_jpg.rf.4ded404913ec86413a3c6995d73fe332.jpg,56fd81528abf8088bd35ad358567c4f7,stop/stop_51,27,0.6284,
tag,11.v282i.yolov8_train_lick/train/10_mp4-0015_jpg.rf.673f5009e213ce53bc0ba54045518755.jpg,008109b78a08d60db519507443a48966,stop/stop_47,0,0.6282,
tag,11.v282i.yolov8_all_walk/valid/cute-ginger-abyssinian-cat-go-eating-meal-from-pink-bowl-with-food-wooden-kitchen-table-1-_jpg.rf.615fa012ee22a0016442764c87b75f10.jpg,946e08de04ab883e73d39a99588a6992,scratch/scratch_11,60,0.6279,
tag,11.v282i.yolov8_all_walk/train/sweet-cat-green-grass-british-cat_jpg.rf.ceff9271204673bf037d1884819948b2.jpg,a2246f072f8ec4c4e33ccb7a631d81ba,lick/lick_123,375,0.6276,
tag,11.v282i.yolov8_all_walk/train/bengal-kitten-playing-blue-background-cute-purebreed-cat_jpg.rf.59b4465a89534a413ff1f52c92e2ac99.jpg,f07678b3ee255ac3e68aee35098d4420,shake/shake_72,39,0.6275,
tag,11.v282i.yolov8_all_walk/train/cat-looking-camera-3-_jpg.rf.7541aabe8ff176099628d3b0403cfdc4.jpg,7829f955ae2a7bf4cfc38f50fa15c8dc,lick/lick_31_hq,555,0.6275,
tag,11.v282i.yolov8_all_walk/train/walk_real-16_png.rf.84ee038c3c90c3b0e7892ebd1216c352.jpg,45db998fcf4af6ae2aea1cbd7a9148d0,walk/walk26,363,0.6273,
tag,11.v282i.yolov8_train_scratch/train/1-18-_mp4-0010_jpg.rf.a3e0b6c49e0c7059ae2c5a2fd93aaf01.jpg,3c4323ef045fecf54c19e11574820213,stop/stop_105,12,0.6273,
tag,11.v282i.yolov8_train_scratch/train/1-4-_mp4-0009_jpg.rf.76fbae28488a4fe4d633f0938348d091.jpg,27df8bacdb9870acf0dc41c691bfdbb0,scratch/scratch_65,3,0.6273,
tag,11.v282i.yolov8_all_walk/train/cat-walking-wall_jpg.rf.68aef47e9f40a2c1f515d023209c0835.jpg,984c12a7e71283a965a50a46417d5faa,lick/lick_11,147,0.6270,
tag,11.v282i.yolov8_all_walk/train/small-gray-kitten-1-_jpg.rf.977c5f699f41d274d44cb15de4957c34.jpg,9c6b7e289cb41b7ee106b6f80a9a96d0,stop/stop_80,0,0.6268,
tag,11.v282i.yolov8_all_walk/train/viktoriia-kondratiuk-6J-_e93IAQc-unsplash_jpg.rf.98b9a29fd0915651f9074a2ebd06b31d.jpg,6e148618d4eec37ed0c26673bff41d08,shake/shake_74,24,0.6258,
tag,11.v282i.yolov8_all_walk/valid/cat-walking-white-background_jpg.rf.209f680b3ee22fbcc7e2c23beed97fab.jpg,3a3298a892f9dcde10e1aec2b908a9dc,stop/stop_157,15,0.6249,
tag,11.v282i.yolov8_train_lick/train/6_mp4-0015_jpg.rf.af66fcccb32bad8610837454743014cf.jpg,3599a4662f1cf0941d8c8fa8b66f24b3,stop/stop_46,48,0.6241,
tag,11.v282i.yolov8_all_walk/valid/beautiful-bengal-kitten-sofa-room_jpg.rf.104a32a859d607bcb0772d3aa1921a7e.jpg,0a2a102eae020fe0325bd967b4bd2f54,stop/stop_157,9,0.6240,
tag,11.v282i.yolov8_all_walk/train/istockphoto-1136170582-612x612_jpg.rf.b967daec006c787458ef32b8a19dbbb9.jpg,b8547888e1bf237f08040a1abb5a3dbc,stop/stop_56,12,0.6239,
tag,11.v282i.yolov8_all_walk/train/istockphoto-494640144-612x612_jpg.rf.35a252349e975246a1f2dd2f053c3083.jpg,593fa198c87bc76c3e9c505e688aa848,scratch/scratch_36,0,0.6235,
tag,11.v282i.yolov8_all_walk/train/close-up-cat-looking-away_jpg.rf.a875b3d4b1467502808e23cddf4bd1d8.jpg,84767d4778068dcf4a33ff5811890e6c,scratch/scratch_14,114,0.6232,
tag,11.v282i.yolov8_all_walk/valid/cat_65_jpg.rf.be8d72f032dd0bc0626bda77cbb0b6e0.jpg,83e42cd08de1a4ae56c28a0d16e5970b,lick/lick_6_hq,402,0.6232,
tag,11.v282i.yolov8_all_walk/train/cat-is-walking-white-background-multiracial-female-cat-young-female-cat-walks-straight-ahead-has-long-tail-pointed-ears-2-_jpg.rf.d8dc0a8af7461c25085d89db25100c33.jpg,2b6f6adae01aa750aa385b2c5153278d,lick/lick_6_hq,420,0.6230,
tag,11.v282i.yolov8_all_walk/train/kitten-1075168_640_jpg.rf.95084d2cc231d5c2efcb84cab3d4b827.jpg,03f5ca7afd0290993606467888fd7433,scratch/scratch_65,108,0.6230,
tag,11.v282i.yolov8_all_walk/train/catalin-apostol-5Pw27Wc5tOc-unsplash_jpg.rf.44c60bc458ef7781ebfee77d5020171a.jpg,aff1ce9b5d9f8723aa429e7352f32245,scratch/scratch_11,3,0.6229,
tag,11.v282i.yolov8_all_walk/train/halogen-condense-ziHfzn4dFJA-unsplash_jpg.rf.66c2242cda09a9fc078d1422f3e77040.jpg,d8cabc1af5c5af4542ae23840facb14a,lick/lick_3_hq,516,0.6228,
tag,11.v282i.yolov8_all_walk/train/istockphoto-466435120-612x612_jpg.rf.c8f0ac2051d4e2a360194984567f5769.jpg,766522551b7b07e6345e690556b78ee4,lick/lick_44,195,0.6226,
tag,11.v282i.yolov8_all_walk/train/side-view-black-kitten-crossbreed-cat-wlking-wearing-bow-tie_jpg.rf.a62516bd8794bcf1a65f7fb406e8797a.jpg,5aea6cb8f88f3bea0e9793e04435f7a7,stop/stop_157,0,0.6222,
tag,11.v282i.yolov8_all_walk/train/close-up-cat-standing-outdoors-2-_jpg.rf.b3a667fc8b1156aa221f51ee447cdb9f.jpg,4cc728ec41a192ee2c5588fa2fdce0e7,scratch/scratch_65,150,0.6221,
tag,11.v282i.yolov8_all_walk/valid/kitten-british-shorthair-silver-tabby-cat-walk-home-purebred_jpg.rf.c73665c78489394c435ba34a88145ba0.jpg,735903670c0fa38b1883d43cb92cba3f,shake/shake_72,45,0.6216,
tag,11.v282i.yolov8_all_walk/train/cat-sitting-outdoors_jpg.rf.f7794464d0ebe36d0eb5f9a34da2979e.jpg,c2bd02943546e51a2217c8f3e8ecd19f,walk/walk25,381,0.6215,
tag,11.v282i.yolov8_train_lick/train/1-10-_mp4-0000_jpg.rf.03ad0a3391a29188a3d3615919605a19.jpg,97a1d3f158db2f33f8e979efcce0ab91,lick/lick_44,234,0.6213,
tag,11.v282i.yolov8_all_walk/train/british-lorthair-smoky-cat-isolated-white-is-walking-1-_jpg.rf.b76213ed3e46f077c31d0967644c9d9f.jpg,f5f96d54ba6d6752b2229ac09446fc36,lick/lick_6_hq,405,0.6212,
tag,11.v282i.yolov8_all_walk/train/232512372_c1b41f410c_o_jpg.rf.042d834fefeda226ed0d8c57ed468e7f.jpg,7d67b0a592f5f6baa16caaff2856f021,lick/lick_6_hq,420,0.6209,
tag,11.v282i.yolov8_all_walk/train/beautiful-bengal-kitten-isolated-white-1-_jpg.rf.bb21e3af4565f8c1e470b96921318c85.jpg,e045984fd6ddbdd28ca1ac4b89693501,stop/stop_80,3,0.6208,
tag,11.v282i.yolov8_all_walk/valid/cat_66_jpg.rf.ced9177e6123cec52d2b589741c269a6.jpg,4b854aa2109e02d759330a154c829144,stop/stop_55,9,0.6207,
tag,11.v282i.yolov8_all_walk/train/young-tabby-cat-walks-grass-looks-directly-into-camera-lens_jpg.rf.2656a7e950f95496de832571c41595b7.jpg,2769625642099792747b13740cc21476,stop/stop_157,0,0.6203,
tag,11.v282i.yolov8_all_walk/train/cat-sitting-bed-home-1-_jpg.rf.01adf17c2d734c8fdd01ee9a6d154503.jpg,49415e21223a725a20c9f6000cf0fbf0,stop/stop_36,3,0.6202,
tag,11.v282i.yolov8_all_walk/train/cat-is-walking-white-background-multiracial-female-cat-young-female-cat-walks-straight-ahead-has-long-tail-pointed-ears-15-_jpg.rf.05cedb0d6c0c957e1e11803d62ba5be0.jpg,57be3eb2ef7e2b040fa5585c6a2dee11,lick/lick_6_hq,405,0.6201,
tag,11.v282i.yolov8_all_walk/train/gray-house-cat_jpg.rf.8f22bbb0bdd928abc1b6b52c3a40b5c2.jpg,5edeea2eee9b084ba9a6af08d43a61ea,stop/stop521,99,0.6199,
tag,11.v282i.yolov8_all_walk/valid/portrait-cat-standing-field_jpg.rf.f602991250c745e04fe666e08db4465b.jpg,00d53c706a956509daf97ec1b79e78c2,stop/stop539,69,0.6199,
tag,11.v282i.yolov8_all_walk/train/animal-cat-pet-concept-serengeti-cat-grey-wall_jpg.rf.75750c7fab2fd1cd6e5950904a385cdd.jpg,9446581a3aaace3a22bb098f67a274aa,lick/lick_6_hq,420,0.6198,
tag,11.v282i.yolov8_train_lick/train/The_video_duration_must_be_exa-13-_mp4-0008_jpg.rf.d0145f0d35b59746f46898e76d43c59d.jpg,ae94d83d26f65edacfe575bb1b141009,walk/walk25,534,0.6197,
tag,11.v282i.yolov8_all_walk/train/cat-standing-field_jpg.rf.f9a7096438377b99e5d46ebe26fd06e1.jpg,6e837147bc4ec44985a25d1a4ecd1168,lick/lick_11,66,0.6194,
tag,11.v282i.yolov8_all_walk/train/cat_22_jpg.rf.f14eaee5809e778776f5bebd508a3e35.jpg,232d7d7eebce751d000376baa3dbfeb0,lick/lick_11,102,0.6194,
tag,11.v282i.yolov8_all_walk/train/side-view-cat-standing-road_jpg.rf.272d9eb4b4e84c549146b1be5a152398.jpg,098252131e3d8cd631ed6e69c525d351,lick/lick_51,87,0.6194,
tag,11.v282i.yolov8_all_walk/train/pexels-krimovsky-18599650_jpg.rf.29e27c4d727041b1d8cec565b1a2afdf.jpg,34a6754952bdceaf0b7daccc55fca024,lick/lick_51,186,0.6193,
tag,11.v282i.yolov8_all_walk/train/ginger-big-cat-street-grass_jpg.rf.46ec2e317e3031ccf3e4a8e87efa8ba3.jpg,45048b41fa434720f2974cbfbbb412bf,scratch/scratch_38,18,0.6191,
tag,11.v282i.yolov8_all_walk/train/side-view-portrait-cat-standing-floor_jpg.rf.90b807da91c124777b4357410452f479.jpg,bcae88ef492bcb8092bcf910dc301a6e,walk/walk10,33,0.6191,
tag,11.v282i.yolov8_all_walk/train/side-view-striped-furry-cat-isolated-white-background_jpg.rf.7e49124635986bdc72c2a16526c5d4a4.jpg,bb3cee2f39597f2a8a716db0c2dc868c,stop/stop_157,12,0.6191,
tag,11.v282i.yolov8_all_walk/train/5278096043_af8b0a78f8_b_jpg.rf.84dd5f974ebf1eecc438715222c3cdd0.jpg,29117c49fa818f339e4bbb5066e8445f,shake/shake_71,0,0.6188,
tag,11.v282i.yolov8_all_walk/train/cat-is-staring-us-observing-situation_jpg.rf.a5512c2cd9285a0b86de393e21a4f8b0.jpg,ea7f24422141b893048671c5fced9e61,scratch/scratch_69,84,0.6187,
tag,11.v282i.yolov8_all_walk/train/close-up-cat-field_jpg.rf.d9d56062a4a39d0320aa7b61e3012289.jpg,3d22120b9724fd2e612e1943c8dcb642,stop/stop_125,30,0.6186,
tag,11.v282i.yolov8_all_walk/valid/cat_58_jpg.rf.2b465d3a15a21419eec1f028f7da2a4c.jpg,3d7409b28c88fb65ea4efeae8aee62da,lick/lick_68,222,0.6184,
tag,11.v282i.yolov8_stop/train/The_video_duration_must_be_exa-4-_mp4-0000_jpg.rf.280f4b6b17dc4da1f58b10e773a2f966.jpg,3c2ea3a3bf29d9bfe567a55f1e26732e,lick/lick_51,123,0.6184,
tag,11.v282i.yolov8_train_scratch/train/1-4-_mp4-0007_jpg.rf.46921708525963d55cf05b3386f74975.jpg,eddf0eace00d7c7b9f8904bd2ca026b7,scratch/scratch_65,3,0.6182,
tag,11.v282i.yolov8_all_walk/train/brown-abyssinian-cat-plays_jpg.rf.f2fa8232324cff3d7927c33b0a49f64b.jpg,f217b6152fb70b690e4c27f71593cc97,lick/lick_6_hq,420,0.6177,
tag,11.v282i.yolov8_train_lick/train/The_video_duration_must_be_exa-13-_mp4-0011_jpg.rf.2be2b21d360b79f81ba2ede506e3f9b6.jpg,af7b7d7e324ec130391340f7c0fa5655,walk/walk26,330,0.6174,
tag,11.v282i.yolov8_all_walk/valid/cat-standing-ground_jpg.rf.333dcdc078c323c68fc32d4d6ec74d88.jpg,c5f8828e114f31c38e248b5f6b8d7af2,shake/shake_16,0,0.6172,
tag,11.v282i.yolov8_all_walk/valid/bengal-cat-isolated-1-_jpg.rf.2ef19fc825ae76e4a2071a2990e4a31f.jpg,62a9041896fd5bb2fba4f43171a87bcd,shake/shake_72,51,0.6171,
tag,11.v282i.yolov8_all_walk/train/cat-looking-home_jpg.rf.77611ccaa9e6b4ab8306809a825f5c41.jpg,e7e36af97d19465e598cd99cdb38c03c,walk/walk27,6,0.6170,
tag,11.v282i.yolov8_all_walk/train/cat-street-city_jpg.rf.4053ee58e0be50db3d13215300234485.jpg,1687832e2dc4a2865dfc06740584f495,lick/lick_51,201,0.6168,
tag,11.v282i.yolov8_all_walk/valid/cat-standing-footpath-2-_jpg.rf.a5625c9ea2811832dfaf523ec6c18723.jpg,fb49e3ad669345848711031e9e182822,shake/shake_28,36,0.6164,
tag,11.v282i.yolov8_all_walk/train/amin-zabardast-7VTkPQ9RKY4-unsplash_jpg.rf.88c36c020e23acee22e6897cde4e0ef7.jpg,0079175e7eab923b600195643cc96681,stop/stop_36,45,0.6155,
tag,11.v282i.yolov8_all_walk/train/cat_6_jpg.rf.e672c7a6c1afdf515368caa566e47977.jpg,6b7e9a06bd37d90c5244f1676e8e58ae,shake/shake_72,51,0.6154,
tag,11.v282i.yolov8_all_walk/train/istockphoto-522076547-612x612_jpg.rf.25bf262ea1e847385fe066cc16cdc04f.jpg,eeb229ab4a4b1498d6c1b312ed856302,shake/shake_72,60,0.6154,
tag,11.v282i.yolov8_all_walk/valid/black-dog-road-1-_jpg.rf.83a4a83c70a534e468c96b3f83108c51.jpg,39adadb0cc2ea1926ffa55b40688b626,shake/shake_75,219,0.6153,
tag,11.v282i.yolov8_all_walk/train/abyssinian-cat-isolated_jpg.rf.f5bbe40aef978d0541eba345121eb57d.jpg,84a709e214c7342206d89f5faac94c0d,lick/lick_68,183,0.6150,
tag,11.v282i.yolov8_all_walk/train/close-up-portrait-cat-table_jpg.rf.eb6d72e68ca59ad3c946bcf006eb439b.jpg,53bea5f889af1745b2b219cab5b67f25,shake/shake_47,51,0.6149,
tag,11.v282i.yolov8_all_walk/train/black-cat-with-white-spots-walks-green-grass-1-_jpg.rf.f2a6cbed70dcb1d3a76c166bdfd2a38b.jpg,4e902f25d432608dca59f09ff2bb73e7,shake/shake_72,51,0.6148,
tag,11.v282i.yolov8_all_walk/valid/black-white-homeless-street-cat-walks-down-street-spring-day_jpg.rf.a0fe2298494388ffa7287965b49dc89a.jpg,533cdce96c9394ffb935410f772a73c8,lick/lick_51,15,0.6148,
tag,11.v282i.yolov8_all_walk/train/abolfazl-babaei-wMylh9Kf_zE-unsplash_jpg.rf.26f8ac3ae4916ea9f60c3b4d599d68c5.jpg,ad118b4d6adab8e2593657098b445c9d,shake/shake_38,27,0.6147,
tag,11.v282i.yolov8_all_walk/valid/istockphoto-2242286811-612x612_jpg.rf.1e1863133d5745e84421e49f9ef98dd6.jpg,f3ab3246ff6625c4eeecfa7955ae8405,stop/stop_103,0,0.6145,
tag,11.v282i.yolov8_all_walk/train/portrait-cat-standing-street_jpg.rf.1162c68893ce56cc5dd347ff66f90bd9.jpg,65c65187207847b843ef3901cd52279f,stop/stop_103,24,0.6142,
tag,11.v282i.yolov8_all_walk/train/cat_47_jpg.rf.8154f06f0dbf11b8c31b21319d11acd8.jpg,2f7401ac35c7629742a951d98c5287b2,stop/stop_157,0,0.6141,
tag,11.v282i.yolov8_all_walk/valid/bengal-cat-isolated_jpg.rf.6d844a58f0a21e84e9c72604529180a4.jpg,624a79b3361cd413952ad2f23d7d6b4c,stop/stop_157,0,0.6141,
tag,11.v282i.yolov8_all_walk/train/veta-aprel-sFQ-5y-g6Dk-unsplash_jpg.rf.3e85a7f3c6b6c204a72e0f9def31aef9.jpg,895adf963f26f99a1b76a494a4c3fff9,walk/walk25,102,0.6139,
tag,11.v282i.yolov8_all_walk/train/outdoor-shot-cute-kitten-garden-sunny-day_jpg.rf.f2c8b9848ddcde01a6e3d214705af9a9.jpg,626e6e6effba009abbe8e720276094cf,scratch/scratch_38,126,0.6135,
tag,11.v282i.yolov8_train_scratch/train/The_video_duration_must_be_exa-9-_mp4-0000_jpg.rf.4c381854dba0b69a4a3c6228aec60272.jpg,00df4ef26088a113aa9ffaf7736331fe,scratch/scratch_65,27,0.6132,
tag,11.v282i.yolov8_all_walk/train/cat-walking-street-1-_jpg.rf.cab4fc00dbbddf14923feaa1a38c7b52.jpg,82dc91b398c9893f23e6ea1b3faf38ba,lick/lick_102,75,0.6131,
tag,11.v282i.yolov8_all_walk/valid/cat-sitting-wall_jpg.rf.86643c09c6db284ef3a847e81ef2f393.jpg,786bb4959f8f58468f7207f30007f550,shake/shake_69,51,0.6130,
tag,11.v282i.yolov8_all_walk/train/cat-walking-garden-against-tree_jpg.rf.79b42a63a6789cf776ab16957dd833ca.jpg,e751978f9befc85c1db60c5c8e1180be,lick/lick_2_hq,189,0.6129,
tag,11.v282i.yolov8_train_scratch/train/1-9-_mp4-0007_jpg.rf.37bf83bf8662c522e6e136e9387012be.jpg,a2f27fcb0d80b4a202e04dbbaeb66c20,shake/shake_47,90,0.6129,
tag,11.v282i.yolov8_all_walk/train/cat-waking-outdoors_jpg.rf.a08a5cbdb8f832d42edf5cf7f8153351.jpg,09951e4122cd738a6bf4dfe4794b0af4,walk/walk25,321,0.6128,
tag,11.v282i.yolov8_all_walk/valid/cat-walking-field_jpg.rf.04e1d65d6de00ba7cb759c764e403cc1.jpg,9923a606e90cf57aa5a66f8a4e18d74c,lick/lick_11,84,0.6126,
tag,11.v282i.yolov8_all_walk/train/3-12-_png.rf.f82bcf22a05a1aae4530293b86348185.jpg,da395fdc0dbfdd8c94a3f34f164eb5f8,scratch/scratch_65,135,0.6125,
tag,11.v282i.yolov8_all_walk/train/14621895019_b6a64a7a3c_b_jpg.rf.d999653ccbdbd5083f3de0d0418045d8.jpg,afc4b7de5d38120f5c382af6755aa098,walk/walk27,15,0.6124,
tag,11.v282i.yolov8_train_scratch/train/1-37-_mp4-0006_jpg.rf.ec41bcee3d954f692524f800c9d54890.jpg,aebab7198ae7440b00f67eda3266ba21,stop/stop_90,45,0.6124,
tag,11.v282i.yolov8_all_walk/valid/side-view-giraffe-beach_jpg.rf.b4bd25fa3506e866684d38da0432cab3.jpg,d5d6ef364e4522739ed4172ebbe23136,lick/lick_5_hq,378,0.6122,
tag,11.v282i.yolov8_all_walk/valid/cat-bed-with-pink-pillow-it_jpg.rf.6263bdb3aa9ddbfb36bcea9142ea98fe.jpg,63fccc77f7cd0c395278154c344380ba,shake/shake_91,57,0.6121,
tag,11.v282i.yolov8_all_walk/train/small-gray-kitten_jpg.rf.177506b9c68069ba7986a2096b3d6683.jpg,f2f8c43be30825bea9dea4c7b38b369f,shake/shake_72,39,0.6120,
tag,11.v282i.yolov8_all_walk/valid/black-cat-collar-with-gps-tracker-strolls-across-meadow-camping-site-forest-sunny-day_jpg.rf.0dcd5074941d048e2155792b2101a974.jpg,e8077b35bb674687f009dc5c1cda8e8d,lick/lick_3_hq,66,0.6120,
tag,11.v282i.yolov8_all_walk/valid/full-length-cat-5-_jpg.rf.5e0a221b731ef40d06f748cad43fe88f.jpg,35f6ab331b6642570b332b28c57e711e,walk/walk25,336,0.6118,
tag,11.v282i.yolov8_all_walk/train/beautiful-fluffy-ragdoll-cat-walking-looking-out-window-through-curtains-adorable-feline-pet-home-with-daylight_jpg.rf.c37039b5056c6fa61628c5ecde3138f8.jpg,15e9944a341f75c0771419d422df5e2f,scratch/scratch_36,0,0.6111,
tag,11.v282i.yolov8_all_walk/train/high-angle-portrait-cat-standing-outdoors_jpg.rf.7ce9066d8d8ad8bc861b4ba799f2aa4b.jpg,51d3bc8b543aab726ab9d9895060eb4b,walk/walk19,45,0.6109,
tag,11.v282i.yolov8_all_walk/train/beautiful-gray-street-cat-outdoors_jpg.rf.b7433a3228332927585d9278946145f0.jpg,4603a035b6ef99229555385b87ba65c1,lick/lick_6_hq,435,0.6103,
tag,11.v282i.yolov8_all_walk/train/curious-calico-cat-standing-looking-back-shoulder_jpg.rf.c9d249859e9ac6f19dcc89a02c6fc935.jpg,52b137c497d7a12a5d07802460f6dd62,stop/stop_90,36,0.6097,
tag,11.v282i.yolov8_all_walk/train/white-cat-stands-gracefully-green-grass-gazing-curiously_jpg.rf.4434edaaaf74bc4123dce82893663358.jpg,4ce602a8f447dd824d4150f4f33f62b6,stop/stop505,81,0.6096,
tag,11.v282i.yolov8_all_walk/train/side-view-cat-standing-street_jpg.rf.fe9cc0eb81d12b50a775ff44e354b6e5.jpg,dd93537fa78ff5b45b306ce64cf2b123,scratch/scratch_38,30,0.6092,
tag,11.v282i.yolov8_all_walk/train/bengal-kitten-studio-1-_jpg.rf.e38640047fb9382ddc8f1cc5e0c125fc.jpg,c13b66d53954e445d28b60e1c08d37ce,stop/stop_80,36,0.6089,
tag,11.v282i.yolov8_all_walk/train/portrait-cute-beautiful-cat-as-domestic-animal_jpg.rf.c35f20812953a5292a1b2186d7a17bdd.jpg,24bc463d9eb75f7bfe81b15e3130068e,lick/lick_27_hq,138,0.6088,
tag,11.v282i.yolov8_all_walk/train/side-view-cat-looking-away_jpg.rf.7b8fe924bfa7ce819aa26061c3f72b77.jpg,594a0ba6152245a63806007a169d8528,walk/walk10,102,0.6087,
tag,11.v282i.yolov8_all_walk/train/wild-tortoiseshell-cat-standing-ground_jpg.rf.3fd3b7d39e6068b92306f2b6e4e42c50.jpg,ff8c28c88232080baed4ed4e6247a06f,shake/shake_72,51,0.6085,
tag,11.v282i.yolov8_train_lick/train/1-10-_mp4-0016_jpg.rf.c7c50b54136fd908cadcb2a34a158c17.jpg,ea177db22e4781b8b5849355691daacc,stop/stop_35,3,0.6085,
tag,11.v282i.yolov8_all_walk/valid/cat_33_jpg.rf.e47a9c3e4709c5237c024ff5a4d2a07c.jpg,501ce2dd7b5c92252879011bc9f39578,scratch/scratch_50,180,0.6081,
tag,11.v282i.yolov8_all_walk/train/100-9-_png.rf.dffc6142a54fd44e543b7e571efe97e5.jpg,1a152ed55d256aa6e090446a9e0e43ee,stop/stop_80,54,0.6079,
tag,11.v282i.yolov8_train_scratch/train/b_f_e_f_b_f_e_a_f_mp__mp4-0005_jpg.rf.ad22d10f6687b51d4eadfaad63a34f41.jpg,a400254ce1549677c5b97ba9987b3004,scratch/scratch_25,147,0.6079,
tag,11.v282i.yolov8_all_walk/valid/tortie-cat-with-curled-tail-white_jpg.rf.ec7f20973ee8655539675dcbd483a400.jpg,d03e4ecbbf8d730b9ea44337a3375201,stop/stop_90,54,0.6078,
tag,11.v282i.yolov8_all_walk/train/cat-is-walking-white-background-multiracial-female-cat-young-female-cat-walks-straight-ahead-has-long-tail-pointed-ears-1-_jpg.rf.1d321f54a249d3f5fe975abe174e7dcf.jpg,21a44a306325c4bef8395e3526270c7c,shake/shake_72,63,0.6073,
tag,11.v282i.yolov8_all_walk/train/close-up-cat-looking-away-1-_jpg.rf.d7521c18560083ea55d82698fb37eabd.jpg,8ffcb48928b277cb5d4bf7273041624e,lick/lick_7_hq,279,0.6071,
tag,11.v282i.yolov8_train_scratch/train/1-9-_mp4-0008_jpg.rf.cc4d2304e126fbcb86f7c715b1af2abe.jpg,ccba7831be76a1e96e871a7fd6070e6b,shake/shake_47,90,0.6071,
tag,11.v282i.yolov8_stop/train/6_mp4-0000_jpg.rf.63655a34fb98951f8e1a59443ecea384.jpg,30a5c7d10832de3b1b56d8cd11ebf3a8,stop/stop_116,18,0.6069,
tag,11.v282i.yolov8_all_walk/train/black-cat-walking-wearing-gps-tracker-collar-recreation-with-owners-outdoors_jpg.rf.23a6bbd9a3748170a31a6f65e4bf5aef.jpg,fcda92c91b81dfe11661d2ec098633da,stop/stop_56,60,0.6068,
tag,11.v282i.yolov8_all_walk/train/full-length-egyptian-mau-standing-footpath_jpg.rf.3c74aa78b676198f6a620cfce4136aba.jpg,78a8d0abca7bc300cd516cb96e7416e7,shake/shake_73,189,0.6068,
tag,11.v282i.yolov8_all_walk/train/portrait-cat-street-7-_jpg.rf.cf0f4b24754927bbb839b009ee2f8bd1.jpg,229e392d1a80dca572b2784dcc181ab3,walk/walk27,0,0.6065,
tag,11.v282i.yolov8_all_walk/valid/portrait-domestic-cat-with-green-eyes-walking-nature_jpg.rf.a4fed333ff9b2ede382966e7160df879.jpg,014ae0e0e71fdc6985ce28ce826cb188,scratch/scratch_65,84,0.6059,
tag,11.v282i.yolov8_all_walk/train/baby-cat-kitten-backyard-morning_jpg.rf.dea3a943e01d29fcb36cf690ed2829eb.jpg,f3e69c31693a924f4bbf170f2eaad79d,lick/lick_51,198,0.6058,
tag,11.v282i.yolov8_all_walk/train/adult-cat-light-background-brick-house-outside_jpg.rf.34576a4c149613e0864b9419fa89b7e7.jpg,43a38a5b00961c48c57361c3f5ab7859,lick/lick_68,81,0.6056,
tag,11.v282i.yolov8_all_walk/train/portrait-cat-tree-against-plants_jpg.rf.50e653dc121c846da6ab3996b29dfae9.jpg,830569e3a7bef41af83ace7bbe021b98,scratch/scratch_11,177,0.6048,
tag,11.v282i.yolov8_all_walk/train/cat-walks-along-trail-against-backdrop-mountain-moses-egypt-3-_jpg.rf.070fff8495bd0756744193404fbb2302.jpg,6dc99d7e1c4ddedc335f09818dd6fcff,scratch/scratch_65,33,0.6047,
tag,11.v282i.yolov8_all_walk/train/cat-looking-away-1-_jpg.rf.4a949eeead384e0dab469817901425ed.jpg,c798a49610c8c515a826146a38563744,stop/stop_80,39,0.6040,
tag,11.v282i.yolov8_all_walk/train/cat-7990158_640_jpg.rf.dc8a195ede17ec791745e97ab0da6fac.jpg,3a20f8fe2210ca3f2c2459fd002836b5,scratch/scratch_12,27,0.6038,
tag,11.v282i.yolov8_train_lick/train/The_video_duration_must_be_exa-4-_mp4-0008_jpg.rf.61b5d0489a9e595ec35d9d9c324e3c1a.jpg,c27279584200dfb78d6744ef81b60a55,stop/stop534,9,0.6036,
tag,11.v282i.yolov8_all_walk/train/-2025-11-29-214605_png.rf.df50fdae47321978c9faf7b7d488b505.jpg,cf39d0003aaa7f1e4e9f811f9050ad98,lick/lick_6_hq,420,0.6034,
tag,11.v282i.yolov8_all_walk/valid/beautiful-cat-isolated-white_jpg.rf.8eeb26478d0a27ac490fbd9876b865cb.jpg,d10b7c9781069233df4771a1ba62f94b,shake/shake_72,57,0.6033,
tag,11.v282i.yolov8_all_walk/valid/cute-little-kitten-walks-around-room-his-grandfather-with-stick_jpg.rf.2665238cabd897ba0e90e83037b6bed7.jpg,e14b6c641b3efb2023daa5043713ea7b,scratch/scratch_65,216,0.6030,
tag,11.v282i.yolov8_train_lick/train/1-4-_mp4-0012_jpg.rf.f3b3a5feb1c040eb1556b2de7fc64622.jpg,9cee3b553fcfa2578c86c27a0ab5deac,walk/walk3,252,0.6030,
tag,11.v282i.yolov8_all_walk/train/bengal-cat-studio-3-_jpg.rf.a72491c4affe8e623ed2f25d269b00a0.jpg,99fe91c3263592feef34ff2f1b852b80,shake/shake_72,51,0.6028,
tag,11.v282i.yolov8_all_walk/train/yoo-hoo-Adrg_snBztQ-unsplash_jpg.rf.598c6231da8aa892bc2522e1789a8be5.jpg,5deb8cc9c7f18fc2409b5ca93d817776,scratch/scratch_12,99,0.6028,
tag,11.v282i.yolov8_train_lick/train/1-10-_mp4-0011_jpg.rf.287be9a27959a47f3f0be9b3ffa776de.jpg,0366921e2d4b6d8237153774058cafac,stop/stop_35,3,0.6023,
tag,11.v282i.yolov8_train_scratch/train/1-14-_mp4-0008_jpg.rf.9c7832fd6563dfc231be84818df9c9b8.jpg,babcce2b6686af3c58770289f6cb8638,stop/stop_135,0,0.6017,
tag,11.v282i.yolov8_train_lick/train/5_mp4-0012_jpg.rf.565ff1095ce92423962dec5c6418abdf.jpg,fffcd6059c6dca416cdcbb471770df58,lick/lick_71,63,0.6016,
tag,11.v282i.yolov8_all_walk/train/young-maine-coon_jpg.rf.84269477b0e49743afd3ba35936980fa.jpg,630fb0270e7b16dc9e2e221281020e02,stop/stop_80,36,0.6015,
tag,11.v282i.yolov8_train_lick/train/9_mp4-0011_jpg.rf.2c5d7cdbe4dd2206a302fbf6c8a4df59.jpg,ae44ea94df79829cc206ad68e6684fa5,stop/stop_33,54,0.6014,
tag,11.v282i.yolov8_train_lick/train/The_video_duration_must_be_exa-4-_mp4-0013_jpg.rf.629da09843b0a70359c99862f2505d4a.jpg,34a995e6f1bf25b5414ba5a1588e4467,lick/lick_51,171,0.6014,
tag,11.v282i.yolov8_all_walk/train/istockphoto-1402898753-612x612_jpg.rf.6138dad67a55e7a43363edf9b78d0d94.jpg,488a9c223c64443edb87476ec91023d8,stop/stop_157,0,0.6012,
tag,11.v282i.yolov8_all_walk/train/100-1-_png.rf.04ceff77000d77fd1cd1598533e7a642.jpg,fe2227b396972dd08e2ec32b4f37f73f,lick/lick_51,198,0.6009,
tag,11.v282i.yolov8_all_walk/train/sheep-walking-grass_jpg.rf.5f2e26a26364c176c1f05c8cbe8b6635.jpg,87438d4d449fe22d07100e09335f53c9,scratch/scratch_11,63,0.6008,
tag,11.v282i.yolov8_train_lick/train/lick11-3_png.rf.a29847955f95c1463847218121534ce0.jpg,162fc12bb748884b40e50f1ec5347f82,stop/stop_157,6,0.5999,
tag,11.v282i.yolov8_train_scratch/train/1-14-_mp4-0007_jpg.rf.141a38feeda06c19ca6f71c2a09ee3ff.jpg,ed908c7846cc8a742377bbdb41cdcf84,stop/stop_135,0,0.5998,
tag,11.v282i.yolov8_all_walk/train/black-white-homeless-street-cat-walks-down-street-spring-day-stray-animal_jpg.rf.ae2fd61ba0f8a7b24dc3697c38890c36.jpg,5984f1b94563c2abbb76f6a452052bef,lick/lick_51,54,0.5997,
tag,11.v282i.yolov8_train_scratch/train/1-14-_mp4-0009_jpg.rf.65a4f911b07993e05a17e42bc2d7762e.jpg,305dbf2edde4f7ea7fd8bb620c50871b,stop/stop_135,3,0.5996,
tag,11.v282i.yolov8_all_walk/train/cat-looking-away-7-_jpg.rf.23fa10c9125e1065be7e40a9fc75c440.jpg,233b7c65230fe5bd78490d845a052266,scratch/scratch_38,33,0.5994,
tag,11.v282i.yolov8_all_walk/train/norwegian-forest-cat-1-_jpg.rf.a54e4d9423bbf7ab67169d07b5455ce9.jpg,14f34d0bf89e0ce9d6ba1efa0dcbbd26,lick/lick_6_hq,411,0.5993,
tag,11.v282i.yolov8_all_walk/train/bengal-cat-hunting-playing-outdoor_jpg.rf.72ee357b57568687ef3fe7e549c09838.jpg,be1be7c50140fcd69f05003e3e0aafd0,shake/shake_56,72,0.5992,
tag,11.v282i.yolov8_all_walk/train/cat-road_jpg.rf.d396c7964034500ae89be55bb468cedd.jpg,b6e4ba14441dc58657d7ab99b3691392,stop/stop_55,0,0.5991,
tag,11.v282i.yolov8_all_walk/train/cat-standing-field-2-_jpg.rf.bae94394146c7b27c687a8ab7acbfde2.jpg,5fc54e0bddd8af883c794cb090978721,shake/shake_2,204,0.5991,
tag,11.v282i.yolov8_all_walk/valid/brian-wangenheim-JxWQIPhpvmc-unsplash_jpg.rf.f0be522903e5e450fbf6f54a1055a2a2.jpg,842a8ec784b1a3c09052fd708120f179,stop/stop_103,6,0.5987,
tag,11.v282i.yolov8_all_walk/train/portrait-white-cat-standing-field_jpg.rf.5f702bedee8ea908e1de6873855008e4.jpg,605f89dc0934f43c6b94f5d6d4f48f4c,lick/lick_101,150,0.5985,
tag,11.v282i.yolov8_all_walk/valid/black-cat-with-white-spots-walks-green-grass-3-_jpg.rf.be9923f468275242d006b6c3e2ddae00.jpg,928a50dcfffa3c177449e7e74c7f8a26,shake/shake_72,51,0.5985,
tag,11.v282i.yolov8_all_walk/train/homeless-ginger-cat-street_jpg.rf.871428ec42850f8e170c856d24564e3d.jpg,fbac7a859bf02c8ce3f5ebd0c7f28b07,stop/stop535,84,0.5982,
tag,11.v282i.yolov8_all_walk/train/cat-green-meadow_jpg.rf.5cdd0256da6535f3a11aaa1f52fdff9b.jpg,e5ea2702f93edd26b9eb84493e011ad1,lick/lick_11,6,0.5981,
tag,11.v282i.yolov8_all_walk/train/portrait-cat-15-_jpg.rf.00a2fffb60d601dfe6489efcbdfec55c.jpg,7f4c2adc9e497d23aef91f12344f75ed,scratch/scratch_50,66,0.5981,
tag,11.v282i.yolov8_all_walk/valid/white-cat-walks-garden-sunny-spring-day-1-_jpg.rf.ec15df9548b465284698e3c2b8e57516.jpg,9bca82eec2a9738a00a322527097bf09,shake/shake_2,48,0.5980,
tag,11.v282i.yolov8_all_walk/valid/cat-looking-away-against-white-background_jpg.rf.59d7fe5c286f1a5a722f34b8398c791c.jpg,32f600bb12e03ac868a3d00ad7024a4c,shake/shake_72,57,0.5976,
tag,11.v282i.yolov8_train_lick/train/1-10-_mp4-0010_jpg.rf.2757b2c364642bab5a4a09940019554e.jpg,ddeaa87d2b6ef14fd43d59e4fd92c941,lick/lick_1,39,0.5975,
tag,11.v282i.yolov8_all_walk/train/100-4-_png.rf.40b05c4e9c634e27634528978370bf78.jpg,0f7e176542db2461ff798bfcc6b009bd,stop/stop_51,15,0.5969,
tag,11.v282i.yolov8_train_lick/train/1-10-_mp4-0009_jpg.rf.6144d5efcec9e80a90b4f88529cb8f81.jpg,68012703feb2babebdfb5a27a0b9c088,stop/stop_35,48,0.5968,
tag,11.v282i.yolov8_all_walk/train/istockphoto-119778904-612x612_jpg.rf.1c3f2ca554d2c87e4eec00713dde093c.jpg,22ab5a306ced49c22f5655d030503d8a,shake/shake_72,78,0.5965,
tag,11.v282i.yolov8_all_walk/train/small-tricolor-cat-poses-photo-walks-sunny-day_jpg.rf.3468d160dd991481e1c3bed5e8335a79.jpg,c676f6fbb6510b40e6f16151d4f00f78,scratch/scratch_38,135,0.5965,
tag,11.v282i.yolov8_all_walk/train/istockphoto-2207213572-612x612_jpg.rf.a5e1bc69102036c880b6af9141d7276c.jpg,8c5229862d94dc79d4eef50b26ec581c,lick/lick_68,207,0.5964,
tag,11.v282i.yolov8_all_walk/train/cat-looking-away-while-sitting-home_jpg.rf.4c2ee870e12a8b508f5d70c129012c29.jpg,f991084781e3fd50c8f2de68eb51aa16,stop/stop_56,60,0.5962,
tag,11.v282i.yolov8_all_walk/train/martina-picciau-M1leSYBI7yg-unsplash-1-_jpg.rf.50e403ab13991d3110a93948c1391e20.jpg,eba1f4efc398fae2a7ee995742d058b0,stop/stop539,24,0.5962,
tag,11.v282i.yolov8_all_walk/train/studio-photography-scottish-straight-shorthair-cat-colored-backgrounds_jpg.rf.c30f8e0b045a20a77c913841b06cf66c.jpg,dd7af9d4fbc5ba05b03e76440498efb0,lick/lick_2_hq,0,0.5959,
tag,11.v282i.yolov8_train_lick/train/1-4-_mp4-0007_jpg.rf.0bb7be400fa27116107f329f50182c97.jpg,2bbbc4ebaf3c44d589595c771bb34eff,walk/walk3,252,0.5958,
tag,11.v282i.yolov8_all_walk/train/studio-photography-oriental-cat-colored-backgrounds_jpg.rf.ccf3912923c4a47a5f137413048abc07.jpg,300a512af3113f25e91375aafc21c75a,stop/stop_104,24,0.5957,
tag,11.v282i.yolov8_all_walk/train/bengal-kitten-studio_jpg.rf.897f14a1b43da61cf305bbd99a0de121.jpg,c9673a668a033dcd5fa0bbbd590c0150,stop/stop_157,0,0.5955,
tag,11.v282i.yolov8_all_walk/train/cat-walks-along-trail-against-backdrop-mountain-moses-egypt-2-_jpg.rf.611d1a1a26cb2d22dbfc02c1fd24fe53.jpg,7b1b5b9ae80aeb1f5b689ee21431f8b5,lick/lick_11,162,0.5949,
tag,11.v282i.yolov8_all_walk/train/kitten-white-background-2-_jpg.rf.530431f35f443e6859bcb9b1929af66c.jpg,c14234beaddfc13c220291b388ec9a53,stop/stop_80,36,0.5948,
tag,11.v282i.yolov8_train_lick/train/8_mp4-0000_jpg.rf.e97e656f4c1014912597302c8267c8e8.jpg,47d0719c979ae53c3ec525b6cf4bef5c,shake/shake_47,57,0.5948,
tag,11.v282i.yolov8_all_walk/train/cat-2219167_640_jpg.rf.be25073fbd9564b3f3e9b898547d04f6.jpg,a2f50e3d5e8371069229bebac44817c8,shake/shake_47,27,0.5947,
tag,11.v282i.yolov8_all_walk/train/cat-hardwood-floor_jpg.rf.e73e3ea3883b579a71b65d707425549f.jpg,a09627081f278eab4e810264f2d4ddbd,shake/shake_5,198,0.5945,
tag,11.v282i.yolov8_all_walk/train/100-11-_png.rf.6af502eacc0d126ae501251e97adf155.jpg,dd1cdce153e39f12e33914cd5ce18582,stop/stop_90,15,0.5944,
tag,11.v282i.yolov8_train_lick/train/lick19-1_png.rf.102f8c98f9e2a6128715428f89b999bd.jpg,3abcfe78ec1b365856fb2b1a55c10ac1,shake/shake_2,54,0.5937,
tag,11.v282i.yolov8_all_walk/train/grey-striped-cat-walks-along-path_jpg.rf.08b15fc321ced4b38d0d869f03e1cf9d.jpg,b0c0700c984e634060f8ea7abbf5f02b,stop/stop_56,33,0.5936,
tag,11.v282i.yolov8_train_scratch/train/1-9-_mp4-0006_jpg.rf.958441e318ae5fc39e007f8f3249217c.jpg,8001a66c72c928f0abdbe5b31a833d50,shake/shake_47,90,0.5936,
tag,11.v282i.yolov8_train_lick/train/The_video_duration_must_be_exa-4-_mp4-0007_jpg.rf.f1a804067f8a2e0e4c911a0cdef0c7a4.jpg,7a07016fe1b971b772031a063db07e22,lick/lick_51,123,0.5931,
tag,11.v282i.yolov8_all_walk/train/portrait-tabby-cat-field_jpg.rf.462870413f857bf4d5122b3600c3b796.jpg,42ae9bfc19f97d0e29c7101922d6675b,shake/shake_71,33,0.5928,
tag,11.v282i.yolov8_all_walk/valid/domestic-cat-garden_jpg.rf.68696a570609b71b37feb2263dbb8525.jpg,88c48c44312c997b3ec6da2b0b338e79,lick/lick_116,165,0.5928,
tag,11.v282i.yolov8_train_lick/train/The_video_duration_must_be_exa-17-_mp4-0013_jpg.rf.7edaf51e401cb9e6f50de1283ae11379.jpg,4f9c27a87dbf7d49a3c85a169eb26865,walk/walk18,141,0.5928,
tag,11.v282i.yolov8_all_walk/train/cat-standing-glass-white-background_jpg.rf.a45992617812b6108ff3d68a8febec82.jpg,212f3985b6215d3a7670a86eab296885,stop/stop_51,15,0.5927,
tag,11.v282i.yolov8_all_walk/valid/cat-looking-away-1-_jpg.rf.31417fcefd7bc3d6c1a3bda5207e7160.jpg,ee1fef75b481b01b72b341316acc1aaf,scratch/scratch_38,165,0.5925,
tag,11.v282i.yolov8_all_walk/train/side-view-horse-grazing-field_jpg.rf.9d98a247dd89152b2324e3352a9b06a0.jpg,924d4c6c7f3b3ac89e4912a95eae80b6,stop/stop509,9,0.5923,
tag,11.v282i.yolov8_train_scratch/train/b_f_e_f_b_f_e_a_f_mp__mp4-0028_jpg.rf.9caa055102aa9576e3eb3fad9c4954c9.jpg,3f7daf80a563e236dcaf2b92ea94a6ee,scratch/scratch_25,150,0.5920,
tag,11.v282i.yolov8_all_walk/train/japanese-street-cat-with-whiskers_jpg.rf.cc6f0611e374dd804563d4d2afd11252.jpg,922e986fb074c7cdfcbbd4dfbbb56a62,walk/walk24,138,0.5919,
tag,11.v282i.yolov8_all_walk/train/ginger-tabby-cat-standing-white-background_jpg.rf.afb36d8ee011f5f58ed30045145406be.jpg,565e9a44ebcd27e745ac2453d61448ea,scratch/scratch_25,156,0.5918,
tag,11.v282i.yolov8_all_walk/train/istockphoto-2217940366-612x612_jpg.rf.06fcf30e67787cb25f8df4e20bc03a37.jpg,128412724e50a694422f6335af117093,lick/lick_116,87,0.5916,
tag,11.v282i.yolov8_all_walk/train/side-view-dog-looking-away_jpg.rf.78642a0f2aef1a64e260d60a68bbcdd6.jpg,ca52abe7a76d0e2494c36b63f1e6b237,shake/shake_69,195,0.5916,
tag,11.v282i.yolov8_all_walk/train/brown-house-cat_jpg.rf.bb2b9831905ebd44fdcad1631458b689.jpg,a0b2e6ca6e41598a16e806a408b5f827,shake/shake_72,78,0.5915,
tag,11.v282i.yolov8_all_walk/train/cat-1309871_640_jpg.rf.d1bda57c082974bfddbb864e235aac99.jpg,bc48caf6cb07cb61ffa713bbc33009a6,shake/shake_92,21,0.5914,
tag,11.v282i.yolov8_all_walk/train/cat-looking-away-3-_jpg.rf.1a4dc030ab03d47a04cc0cce0adfd6fb.jpg,9319e01697f927a627aa85e6c7e9c050,walk/walk19,42,0.5913,
tag,11.v282i.yolov8_all_walk/valid/johan-milson-kamaong-klOVRI-WDQM-unsplash_jpg.rf.4b794e7e355bc0ef67b4e770b954df01.jpg,84f88e1def442098651a1ef5455363ed,walk/walk25,87,0.5912,
tag,11.v282i.yolov8_train_lick/train/1-3-_mp4-0010_jpg.rf.d0cbce1c28612f325e4e1a987943bb3f.jpg,0ab21258774a883329bf396a44774c65,walk/walk27,0,0.5909,
tag,11.v282i.yolov8_train_lick/train/1-8-_mp4-0014_jpg.rf.d16ff37a457a2832a7a2900afbecac28.jpg,60a866c0aefcfdfea1c5f5e26fdf2ac4,shake/shake_16,0,0.5909,
tag,11.v282i.yolov8_all_walk/train/abyssinian-cat_jpg.rf.8feb0f065a7de479032ab4027b60943c.jpg,fcdffeba1d1706062e8159d87127950e,stop/stop_80,36,0.5907,
tag,11.v282i.yolov8_all_walk/valid/black-dog-looking-away_jpg.rf.c4fe0ea2b98487153fe4003ab4682863.jpg,1176a60f5404ad6ce4687938071098e8,scratch/scratch_36,0,0.5907,
tag,11.v282i.yolov8_train_lick/train/The_video_duration_must_be_exa-17-_mp4-0012_jpg.rf.c9de44c4a988fb50cff5fda8153c35b6.jpg,78c723625339e826d9475182c280d4bc,walk/walk18,141,0.5905,
tag,11.v282i.yolov8_all_walk/train/cute-red-kitten-white-background-playful-funny-pet-copy-space_jpg.rf.ccf15caf3759f5c3ce305ec1150ffe24.jpg,2d35cc40dfab675ca68b22d16af3f343,shake/shake_72,39,0.5903,
tag,11.v282i.yolov8_train_lick/train/1-8-_mp4-0013_jpg.rf.b6ecb2b8dcfbfd8241d606a3478f0cc3.jpg,211466dffb4d4d01e9c267223355a896,shake/shake_16,0,0.5903,
tag,11.v282i.yolov8_all_walk/train/portrait-cat-field_jpg.rf.b022abcc0d8c83534a379addaa5b64d7.jpg,8b6c724730931b923c951cc3a81f0442,scratch/scratch_11,63,0.5901,
tag,11.v282i.yolov8_all_walk/valid/charming-bengal-cat-posing-photo-studio-1-_jpg.rf.e79da360583f1279be5ae9aadcd01d53.jpg,dacbe1e6586267ecf0c104f656f890fe,shake/shake_72,78,0.5901,
tag,11.v282i.yolov8_all_walk/train/black-cat-with-white-spots-walks-green-grass_jpg.rf.fad8d10a58d773a5da66d469ed365edc.jpg,e966405915cee4b06313ef5ed4076ac2,stop/stop_90,15,0.5896,
tag,11.v282i.yolov8_train_lick/train/1-3-_mp4-0016_jpg.rf.fcf710083062e8c98190ead944fe2d36.jpg,85e17aa393911f491a9d237444df302d,walk/walk9,15,0.5895,
tag,11.v282i.yolov8_all_walk/train/playful-domestic-cat-with-fluffy-tail-looks-up-grooming-pet-care_jpg.rf.59e282484179afc124f667fc1e012ef6.jpg,5881409d5e7ce623efa43b7297188af1,stop/stop_80,33,0.5890,
tag,11.v282i.yolov8_all_walk/train/portrait-ginger-cat-red-car_jpg.rf.f2408215e5aa926bfc43b4d806f6127d.jpg,6965b4c9464bfc3a1d0e3300fcbaa1a6,scratch/scratch_11,198,0.5890,
tag,11.v282i.yolov8_train_lick/train/1-8-_mp4-0002_jpg.rf.e234e2375994512e5c93e51b0152422c.jpg,a459d84440de543a856a4f7e39634b89,shake/shake_16,0,0.5888,
tag,11.v282i.yolov8_train_lick/train/The_video_duration_must_be_exa-17-_mp4-0011_jpg.rf.440d2b8a1f610fbaa3aea3b89bc97f4b.jpg,0652aa9a35744a7825a6ed8c72f2250c,walk/walk18,141,0.5888,
tag,11.v282i.yolov8_all_walk/train/purebred-fluffy-cat-with-blue-eyes-white-background_jpg.rf.3e2a7ef910f717ae6f0b567a8f9e4e96.jpg,9daf1e6930d4e5c73ff7b7905d935d13,shake/shake_72,51,0.5886,
tag,11.v282i.yolov8_all_walk/train/animals-wildlife-savannah-cat-desert_jpg.rf.5109094452182a9aa7ba3b4a6cc36fd2.jpg,6ad24a044bbe2f5f684e266dab1b879d,shake/shake_16,57,0.5885,
tag,11.v282i.yolov8_all_walk/train/istockphoto-468972950-612x612_jpg.rf.c299ef00e2869cffce37f3376e9c8f8d.jpg,22e20e4d26c9fcd6009d7647db43303b,stop/stop_157,0,0.5885,
tag,11.v282i.yolov8_all_walk/train/portrait-gray-grown-adult-big-short-haired-cat-with-green-eyes-standing-outdoors-small-pebbles-looking-straight-towards-camera-blurred-light-sunny-copy-space_jpg.rf.925b29cd0ae1d481df9ee978f58b46e4.jpg,6dddc0912094c9b64d5da988f89514ba,shake/shake_64,237,0.5883,
tag,11.v282i.yolov8_all_walk/train/striped-tabby-kitten-confidently-steps-forward-white-background_jpg.rf.c9c5314091a5e176a7fa7a16d70539bc.jpg,5ce420a0609e510155ced30fd97e830f,stop/stop_46,9,0.5883,
tag,11.v282i.yolov8_all_walk/train/beautiful-black-cat-with-green-eyes_jpg.rf.88b08ef4ec19183b41cdf8b4c19500ba.jpg,68a85786ba4bc9e8cd5a3308db5a9a2f,shake/shake_72,63,0.5882,
tag,11.v282i.yolov8_train_lick/train/5_mp4-0011_jpg.rf.b6dce88d02aef33201336f7b9cf08d9c.jpg,888d1730781557eabee360a6f16cea6c,stop/stop_157,0,0.5881,
tag,11.v282i.yolov8_all_walk/train/scottish-cat-stands-sideways-looks-back_jpg.rf.45d030b6992514a89bf17df1dc5541fe.jpg,272cd50b0f1c6ac51ba92ecb458de492,stop/stop_80,36,0.5880,
tag,11.v282i.yolov8_all_walk/train/studio-photography-scottish-straight-shorthair-cat-colored-backgrounds_jpg.rf.6aea5c0919b8028f833bc83a9c46457d.jpg,bf394f08a6db801b3ec5b3b8c31d7048,lick/lick_7_hq,282,0.5879,
tag,11.v282i.yolov8_train_lick/train/5_mp4-0018_jpg.rf.6d948a70a94e5ce3a3570a26cc5bd82e.jpg,102c8ce49cb268ba8c6a7f89bee1c3bd,lick/lick_71,63,0.5879,
tag,11.v282i.yolov8_all_walk/valid/zhang-kaiyv-cdzkoP3yUH8-unsplash_jpg.rf.44117d7afa28d18413a8fa2a2856ef17.jpg,a0c64951a7ab140aa8e0422a9e3a6588,stop/stop_116,27,0.5876,
tag,11.v282i.yolov8_all_walk/valid/bengal-cat-studio_jpg.rf.ad388727499908966293f5b27606e858.jpg,ac9f19187bba542d2bcc1e9a648fa514,shake/shake_72,51,0.5871,
tag,11.v282i.yolov8_all_walk/train/cat-walking-grass-1-_jpg.rf.a276d0b46e7d572e070055c3c33f43ed.jpg,d42b4f717d84d610e50fe62eff96e2fd,stop/stop534,27,0.5869,
tag,11.v282i.yolov8_all_walk/valid/black-cat-with-white-spots-walks-green-grass-portrait-fluffy-black-cat_jpg.rf.ec6278a24665b649c039c060af812627.jpg,40815144ad30bc62b2e66a590e6d9de9,lick/lick_6_hq,420,0.5868,
tag,11.v282i.yolov8_all_walk/train/portrait-yellow-cat_jpg.rf.842fd9db139b4d3cf4f2dd293d0256e7.jpg,f36378143c32d3295b210662c384bb00,stop/stop_103,0,0.5866,
tag,11.v282i.yolov8_all_walk/train/close-up-cat-looking-away-1-_jpg.rf.0916fe115ea79843ee5eb7e59bb6eeae.jpg,766b2466a8df14e8a74b2f6103a9121f,lick/lick_125,9,0.5865,
tag,11.v282i.yolov8_all_walk/train/ginger-kitten-coyly-lift-front-foot-orange-tabby-cat-side-view_jpg.rf.12828af775ad80491bc5251014205469.jpg,e644313d47a136f590ee99ce3ad11e6f,stop/stop_19,36,0.5864,
tag,11.v282i.yolov8_all_walk/train/close-up-portrait-cat-1-_jpg.rf.75ae3d7943b7ae9838efafd86abcaebc.jpg,3e35d7b284e89bdd6d6a665c2d01589f,shake/shake_72,51,0.5863,
tag,11.v282i.yolov8_all_walk/train/cat-walking-home_jpg.rf.ccd01415e763e28c958a74904cbc30a9.jpg,35a5d4831da63a32e6bac2d53ecff20c,walk/walk26,321,0.5859,
tag,11.v282i.yolov8_train_scratch/train/b_f_e_f_b_f_e_a_f_mp__mp4-0007_jpg.rf.35ba68ed2c42799dbec3c7129eb842fa.jpg,12216e4d768fac6712ce494324c713af,lick/lick_68,213,0.5858,
tag,11.v282i.yolov8_train_lick/train/1-3-_mp4-0008_jpg.rf.bc045f6f283b766ff9826a72f792f836.jpg,3d112870158e61920cc1cf4b842dd2c7,walk/walk27,0,0.5857,
tag,11.v282i.yolov8_all_walk/train/cute-curious-black-white-kitten-walking_jpg.rf.832e68e24965bee4efb2a02c4ffc3ffb.jpg,3e7a1fd06233753e5d1313a9d5ecfaa5,shake/shake_72,39,0.5856,
tag,11.v282i.yolov8_all_walk/train/portrait-cat-footpath-3-_jpg.rf.43e5f8e7b1ae590278ab983eb8f9f79a.jpg,15c38725a3c8f8b49247d24abf0c3f1a,shake/shake_40,114,0.5855,
tag,11.v282i.yolov8_all_walk/train/istockphoto-1039895216-612x612_jpg.rf.84787536ce38172443e70b5078100469.jpg,dc3a8990aadde938d2960bde9f5368dd,scratch/scratch_30,81,0.5852,
tag,11.v282i.yolov8_all_walk/train/cat-walking-deck_jpg.rf.6b0b60e9c47e5040c4068d5b15547e9e.jpg,d74e7612cec490702bb116d029e6aebc,lick/lick_123,447,0.5851,
tag,11.v282i.yolov8_all_walk/train/charming-black-white-cat-sits-cute-white-background-with-raised-paw_jpg.rf.402808d77dd70b402ac8f526d43fa7c0.jpg,8eb6755e9d37af1c7c9b5decf778108a,shake/shake_72,51,0.5847,
tag,11.v282i.yolov8_all_walk/train/cute-kitten-isolated-white_jpg.rf.5b646395ee15487c99f22d68523af99b.jpg,d2a5f129eb82b59d66229c0d4f96a925,stop/stop_157,54,0.5846,
tag,11.v282i.yolov8_stop/train/8_mp4-0006_jpg.rf.621eef64cb31cb0243efb1b414c09275.jpg,7f2b2fc517e6423610b76cb91a920a68,shake/shake_2,48,0.5846,
tag,11.v282i.yolov8_train_lick/train/The_video_duration_must_be_exa-5-_mp4-0009_jpg.rf.908880ab11cef40f77d3bd1c872dc262.jpg,a3250badae7bc7e8fe5056b80e50e0ed,lick/lick_28_hq,366,0.5842,
tag,11.v282i.yolov8_train_lick/train/The_video_duration_must_be_exa-5-_mp4-0018_jpg.rf.b489b166de39dbcbeac9f084ec0ea436.jpg,b94bf840822b4b7cb1128a357325d5ca,lick/lick_28_hq,369,0.5842,
tag,11.v282i.yolov8_all_walk/train/portrait-cat-standing-footpath-1-_jpg.rf.b8f0334f0d3d306af4be56d79ba0898e.jpg,32652dfa127abc6ba2065f46bf58577a,scratch/scratch_11,0,0.5839,
tag,11.v282i.yolov8_all_walk/train/gray-house-cat_jpg.rf.de6cd894ab289a1b6a03b3f76f170437.jpg,f21df1d1cb42b1209fe6f10b46c6e205,stop/stop_157,12,0.5838,
tag,11.v282i.yolov8_all_walk/train/sturdy-tabby-cat-walking-white-snow-sunset-winter-landscape-with-domestic-pet-soft-golden-light-animal-portrait_jpg.rf.8882d66db17c3da7c678ea8e215eaad2.jpg,14f45b1a88057fe20bad83cffd9f27e4,scratch/scratch_50,66,0.5837,
tag,11.v282i.yolov8_all_walk/train/cat-white-background_jpg.rf.5736105f8a2f8f034beecddecd0ce0c3.jpg,b91a8780959777001b3eb662d58814aa,shake/shake_72,72,0.5833,
tag,11.v282i.yolov8_all_walk/train/high-angle-view-cat-road-1-_jpg.rf.198808069551307f5783e710ab5aaa54.jpg,fe83953ff3b3a8c1cfacf639c2cd3836,stop/stop528,18,0.5833,
tag,11.v282i.yolov8_all_walk/valid/pexels-viktoriia-kondratiuk-458099300-17925072_jpg.rf.f804db1ea2d948acab52966ef7959d10.jpg,1dbec97e4f8b7b2f37061b9853d42e24,stop/stop_56,54,0.5832,
tag,11.v282i.yolov8_all_walk/train/gray-cat-7828134_640_jpg.rf.e1e2e0217a0bc3c7d040236c36c0ba6e.jpg,8b6ac0183e29f51c2c169b478e81bc2c,scratch/scratch_25,156,0.5830,
tag,11.v282i.yolov8_all_walk/train/cute-ginger-cat-siting-window-sill-waiting-something-fluffy-snowfall-window-glassxa-1-_jpg.rf.e3b97dc9333f5fe2a1d496c89bf9966f.jpg,74e26522846350b1005b436d0352a471,stop/stop_56,60,0.5829,
tag,11.v282i.yolov8_all_walk/valid/bengal-cat-isolated-white_jpg.rf.29f6999ce9c8ad5d2303370394ff9668.jpg,b69718cc691994d9836b658a5486ecf8,stop/stop_157,9,0.5829,
tag,11.v282i.yolov8_all_walk/train/istockphoto-1182429788-612x612_jpg.rf.9b5216f84dad5b42a11d547842a301e6.jpg,7130acc7a9d04682cb7a21f5baeefb30,shake/shake_72,51,0.5826,
tag,11.v282i.yolov8_all_walk/train/istockphoto-2165205135-612x612_jpg.rf.b98452e578f52562e4103a162ec61888.jpg,659de1bb1b01f08190730c1d3a69dcf6,scratch/scratch_36,0,0.5825,
tag,11.v282i.yolov8_all_walk/train/side-view-cat-looking-away-5-_jpg.rf.2176a5c134ee795ee89602fb7929cd91.jpg,614476ea7d429b85cc8ee2ab17d701cf,stop/stop_103,0,0.5825,
tag,11.v282i.yolov8_stop/train/1-3-_mp4-0000_jpg.rf.6d4350d6e2bfac023ace3a718c4f1f58.jpg,57afa99974fdb7a9af3f3f6b795d7eb7,walk/walk27,0,0.5825,
tag,11.v282i.yolov8_all_walk/train/gray-cat-walking-sidewalk_jpg.rf.3374c6bb1152e950261931d69712346c.jpg,d1c34ab30007a4b19b73ba81db91c84a,walk/walk27,0,0.5824,
tag,11.v282i.yolov8_all_walk/train/gray-cat-7828134_jpg.rf.c8eb13e66b713a32f0e3b65d6976f904.jpg,04103437baeda6996ba824bdfbcc8498,scratch/scratch_25,156,0.5822,
tag,11.v282i.yolov8_all_walk/train/portrait-shaggy-cat-asphalt-road_jpg.rf.c3d41a18ede112f9e3c3b9fe9992b59a.jpg,8a59a1a989bcccd40eb648aa804b00df,scratch/scratch_25,156,0.5822,
tag,11.v282i.yolov8_all_walk/train/100-10-_png.rf.a80e6b5150254180d42d90d51dc59d50.jpg,e146082170d08ec7689ec12581b20186,lick/lick_104,201,0.5819,
tag,11.v282i.yolov8_all_walk/train/charming-orange-white-cat-standing-gracefully-with-air-elegance-charm_jpg.rf.9f66a362244981f945df51ec60f2c20d.jpg,5ebe7bced1ba77c0704a65935bfd70c9,shake/shake_72,39,0.5817,
tag,11.v282i.yolov8_all_walk/valid/cat-relaxing-street_jpg.rf.acc6973158eebdeadcbc495341204b03.jpg,b8ee335666d4e3fecf47b89546dc70af,shake/shake_8,123,0.5817,
tag,11.v282i.yolov8_train_lick/train/1-8-_mp4-0011_jpg.rf.ffa42a6375f5bc65eb30e68b1591bdbf.jpg,7fd937a5f443a9109e8453a5780e41c0,walk/walk19,75,0.5816,
tag,11.v282i.yolov8_all_walk/train/cat-is-walking-white-background-multiracial-female-cat-young-female-cat-walks-straight-ahead-has-long-tail-pointed-ears-8-_jpg.rf.b8d2607e8148e590041755a747016e1a.jpg,d1af4931b7f87caeeefb3efba4d62ea4,stop/stop521,99,0.5813,
tag,11.v282i.yolov8_all_walk/train/full-length-cat-4-_jpg.rf.e2baea01e7330b2f2a9d1ec2a0cfbd28.jpg,65e38ac4eea8eb17ab0afc8cb94fea98,stop/stop_157,27,0.5813,
tag,11.v282i.yolov8_all_walk/train/istockphoto-1051219344-612x612_jpg.rf.a825e44734057eb80224b99ca0178349.jpg,b487e50f3f24cc186d532ae017729d67,walk/walk26,0,0.5810,
tag,11.v282i.yolov8_all_walk/train/side-view-cat-looking-away-2-_jpg.rf.0b2247500d4e4cba8775a772c8e99e40.jpg,d8708dbab780edcbe6bb6f38d69ff9ed,stop/stop539,0,0.5808,
tag,11.v282i.yolov8_all_walk/train/cat-7576843_640_jpg.rf.95b3e426ff4c4d433aad78fef6313723.jpg,0970f98a516488c2d692288d55826892,lick/lick_123,27,0.5806,
tag,11.v282i.yolov8_all_walk/train/portrait-cat-footpath-3-_jpg.rf.504a678377976812ebc2b5c306e29d3f.jpg,7a496a65626f4bbff680e2cda3bf4628,shake/shake_19,192,0.5804,
tag,11.v282i.yolov8_all_walk/train/cat-outdoors_jpg.rf.1f97916c44015354f9c59fd1c08504d2.jpg,03aae6fa978b7bd0c2bc723fcaa07a17,stop/stop543,129,0.5803,
tag,11.v282i.yolov8_all_walk/train/sleek-cat-perched-rooftop-against-city-skyline_jpg.rf.efd4c01169189d45b30ac9e305daffca.jpg,e663963e3cce7941533ec74470d376fa,lick/lick_11,60,0.5803,
tag,11.v282i.yolov8_train_scratch/train/2_mp4-0010_jpg.rf.d635725023b6d59abe6ff55b7b31332b.jpg,98cdea9bbe0abfd697579bc43a1a73ce,walk/walk32,15,0.5801,
tag,11.v282i.yolov8_all_walk/train/black-cat-walking-outside-nature-with-orange-gps-tracker-around-neck-easy-movement-tracking-1-_jpg.rf.1a1dcdb91e3f1ae88576f1fc140f35b4.jpg,b53057e7b7400aa1b54c88c6cf65de45,scratch/scratch_36,0,0.5800,
tag,11.v282i.yolov8_all_walk/train/kyle-johnson-ZgcB6XB4moQ-unsplash_jpg.rf.632054fcfe567cf18bc146874365d1dd.jpg,ba7f8c94f173a7eca6db020d18cf713b,lick/lick_3_hq,66,0.5799,
tag,11.v282i.yolov8_stop/train/1-2-_mp4-0000_jpg.rf.a80cfea7a67e21c9b291e073827d9153.jpg,d3796fb4e38bef3213f8618241cfa211,scratch/scratch_14,144,0.5797,
tag,11.v282i.yolov8_train_lick/train/The_video_duration_must_be_exa-2-_mp4-0007_jpg.rf.2fde604663ee75943a8abe560ddeb55c.jpg,f561e17f5413e8528f92b299a79de009,stop/stop_171,0,0.5795,
tag,11.v282i.yolov8_all_walk/train/portrait-pregnant-cat-walking-bench_jpg.rf.2c08d56aff990f9f9a860738a09f33d3.jpg,06d415fa62c0bb8429fc2474b1935843,stop/stop_141,30,0.5793,
tag,11.v282i.yolov8_all_walk/valid/studio-photography-american-shorthair-cat-colored-backgrounds-3-_jpg.rf.7a6c030ca62af8318ded5350e0d6ddd6.jpg,0912e9b6f9def16d182a2805b1614130,shake/shake_79,84,0.5793,
tag,11.v282i.yolov8_all_walk/train/istockphoto-2214072075-612x612_jpg.rf.d729f877993580d746ccc6eb6bc796c1.jpg,a939b836f20e9d8731c0ecc959c432ae,stop/stop528,18,0.5792,
tag,11.v282i.yolov8_all_walk/train/cat-looking-away-mykonos-greece_jpg.rf.22f325e806c7d2367a02a99912d2dc07.jpg,102c0d06100de7d1c8c1c8a987a70933,walk/walk27,84,0.5791,
tag,11.v282i.yolov8_train_scratch/train/2_mp4-0006_jpg.rf.0808e2f609253df91a4c26a5a2beb689.jpg,0670d13083102f82e868a17b36554f07,walk/walk32,18,0.5789,
tag,11.v282i.yolov8_all_walk/train/calico-cat-is-walking-street-sunny-day_jpg.rf.cfac0a2e21b59d668cbe6444d07f6b4e.jpg,9a2fb0868e92595cc8d6cc645537ef2d,walk/walk19,42,0.5788,
tag,11.v282i.yolov8_all_walk/train/cute-little-kitten-playing-artificial-green-grass_jpg.rf.9289f84adc7324d89105c21b55076aca.jpg,fbb9c18c59ddf65d050bbf40cbdbb6b3,lick/lick_51,237,0.5788,
tag,11.v282i.yolov8_all_walk/train/full-length-cat-walking-land_jpg.rf.65a427322a14ade389b88f0e97be029a.jpg,3a6fadc77e3b8c61ecb7235952088996,stop/stop531,84,0.5788,
tag,11.v282i.yolov8_train_scratch/valid/1_mp4-0008_jpg.rf.a999aa875f7b052674c63c4c02540b29.jpg,53f72168c834768c9223f6a51c2361e3,walk/walk32,18,0.5787,
tag,11.v282i.yolov8_all_walk/train/portrait-cat-street-9-_jpg.rf.6e0aaa95c9cb63a06669fe3cb16954d0.jpg,0964ec6be4133c9c93d2f05b18856d76,lick/lick_11,0,0.5785,
tag,11.v282i.yolov8_train_scratch/train/b_f_e_f_b_f_e_a_f_mp__mp4-0006_jpg.rf.e8df58c60e5b7a896c7b46e4f67d044c.jpg,afef6121c8f4dd62f6a42556d504b6a5,lick/lick_68,234,0.5785,
tag,11.v282i.yolov8_all_walk/train/bengal-walking-front-white-wall_jpg.rf.28da9d5652ba6f4aa772b2bed9ab6981.jpg,d9b4ac5f13435706bb965aec6b6ac389,lick/lick_68,210,0.5780,
tag,11.v282i.yolov8_stop/valid/1_mp4-0000_jpg.rf.6adcf18315a2bb498380493920d9fce2.jpg,66e1ae62049c26c8f800a5704ee1a1b9,walk/walk32,18,0.5780,
tag,11.v282i.yolov8_all_walk/train/pexels-guvo59-33065227_jpg.rf.0023b8d4d2b232d6e4769336685460cc.jpg,7a323aae65fa7775bf23ac1e1ba2f0d2,walk/walk27,6,0.5779,
tag,11.v282i.yolov8_all_walk/train/pexels-arun-baral-224800787-33791414_jpg.rf.972c988ff55e891a5a2b95e35ec67b5a.jpg,5aed76c477eeff69bb2437d3e54bc1a9,scratch/scratch_11,45,0.5777,
tag,11.v282i.yolov8_train_lick/train/1-4-_mp4-0000_jpg.rf.ee4cb748a0b4567f8072bfebed8661d7.jpg,29c27b7fc3df8390e3f1e6a9d70e7e26,lick/lick_3_hq,660,0.5777,
tag,11.v282i.yolov8_train_lick/train/7_mp4-0000_jpg.rf.f9927e8c208f98cdb102f16498933310.jpg,9c4876d42fdc8e8b63e0c50381d3fc3c,shake/shake_2,54,0.5776,
tag,11.v282i.yolov8_train_scratch/train/2_mp4-0008_jpg.rf.ffbe02db941798a2e2235001969c8539.jpg,97f2e090784ca8e795e2fa29b86d52be,walk/walk32,18,0.5776,
tag,11.v282i.yolov8_train_scratch/valid/1_mp4-0006_jpg.rf.c428cac0f33a8c3bc57f7eb6614d4270.jpg,ef277c6c15d34ff31e61b079cda578fb,walk/walk32,18,0.5776,
tag,11.v282i.yolov8_train_lick/train/1-8-_mp4-0012_jpg.rf.03e0e27d0a635057bae989bf983d544f.jpg,f6a9d5b9866bafb181e770b8b25dcd12,walk/walk19,72,0.5775,
tag,11.v282i.yolov8_all_walk/train/close-up-portrait-cat_jpg.rf.b346679421d3d823e38e9a785da8244a.jpg,f7896c0b404aec791215c461d1c51df5,walk/walk19,24,0.5774,
tag,11.v282i.yolov8_all_walk/train/halogen-condense-gUQxXh25-vo-unsplash_jpg.rf.a990e554be607cc15949d87d01e0fc02.jpg,0ee8c4bfe12e1da3d2f2bd7a6fd191ae,walk/walk19,27,0.5772,
tag,11.v282i.yolov8_all_walk/valid/tabby-cat-walking-towards-potted-plant-against-wall_jpg.rf.143e5f454a4198323943aeb73f4ddef0.jpg,a526be6767569ce1105f01efe2764a32,walk/walk32,72,0.5771,
tag,11.v282i.yolov8_all_walk/train/cat-by-potted-plants-floor_jpg.rf.daa753f39a3b0d900764622dbfa1328a.jpg,8d3572ac30a6175329855257640b1d49,shake/shake_18,51,0.5769,
tag,11.v282i.yolov8_all_walk/train/cute-red-kitten-blue-background-playful-funny-pet-copy-space_jpg.rf.ea99be86a1b4b16515d463dc82d95f2e.jpg,1fcb0e4d02e4ff637e456585a7e3c4f0,scratch/scratch_30,210,0.5765,
tag,11.v282i.yolov8_train_scratch/train/b_f_e_f_b_f_e_a_f_mp__mp4-0008_jpg.rf.8f3617ad6bac05ccc47657e3217a89d8.jpg,7dd555ca7b04a29a049fb4dbe8b7d776,lick/lick_68,213,0.5764,
tag,11.v282i.yolov8_stop/train/2_mp4-0001_jpg.rf.3503440b6e5f95240586f5e34c978e45.jpg,3cc36f3e073acac8d94c6781ca48998e,walk/walk32,18,0.5760,
tag,11.v282i.yolov8_all_walk/train/portrait-lovely-kitten-as-domestic-animal-view_jpg.rf.2fe56e4f49c4eae54431ebe7323976fc.jpg,33d82ab95288e88892e3da0dd31c245c,lick/lick_44,225,0.5759,
tag,11.v282i.yolov8_train_lick/train/The_video_duration_must_be_exa-7-_mp4-0004_jpg.rf.7f8715ccc1fe0fea5a17959862526569.jpg,b758e078f3fcb5eca46135fc00c64ad4,scratch/scratch_36,42,0.5759,
tag,11.v282i.yolov8_all_walk/train/28059621_m_jpg.rf.72ed8f6c82b559c57c747cf539dda161.jpg,e1ea515d0de5cf17ef258ed0d86e7440,stop/stop_51,54,0.5758,
tag,11.v282i.yolov8_train_lick/train/The_video_duration_must_be_exa-5-_mp4-0015_jpg.rf.a62bd9790d87b2b4f87aad58de80b4b2.jpg,4ef25680e20c3629ec5dcf3ea812ef8b,lick/lick_28_hq,369,0.5756,
tag,11.v282i.yolov8_train_scratch/train/b_f_e_f_b_f_e_a_f_mp__mp4-0024_jpg.rf.8a63ad8d42dbf436d9e3780919920f40.jpg,1888a891e97c370dfe58ee45db0e65fe,scratch/scratch_25,150,0.5756,
tag,11.v282i.yolov8_train_lick/train/1-8-_mp4-0000_jpg.rf.7a8f2172e05b50f8feda6d8a53ace78d.jpg,c4368c41860466ed011d2d1900e52bcb,walk/walk19,72,0.5755,
tag,11.v282i.yolov8_all_walk/train/funny-cat-looks-up-with-interest-isolated-yellow-background-copy-space_jpg.rf.84e78efbb06ba62b120d0536bba3a1f1.jpg,0ec4c1d3f68ebc078eeef9379b513d22,scratch/scratch_30,0,0.5754,
tag,11.v282i.yolov8_train_lick/train/The_video_duration_must_be_exa-2-_mp4-0011_jpg.rf.5c95733fdca49d3a7d62468f43063772.jpg,554e44264a3af1659d367a25e0204800,stop/stop_171,0,0.5748,
tag,11.v282i.yolov8_all_walk/train/pexels-fatih-turan-63325184-8416781_jpg.rf.58750d18a8198bae4c6fd74368b47453.jpg,cfd763b16bb59288c71cbe59f83fd3f1,shake/shake_9,60,0.5746,
tag,11.v282i.yolov8_stop/train/1-11-_mp4-0000_jpg.rf.3285e33c91d9db2d45a8c3b08b28a041.jpg,01fd0f3e66bf0992bf8fb7646e90728f,stop/stop_56,3,0.5746,
tag,11.v282i.yolov8_train_lick/train/The_video_duration_must_be_exa-5-_mp4-0016_jpg.rf.150304e19ed56d6bd02b5e3b93e68bce.jpg,daf8eb8e3e9ec2d285c117b43be62195,lick/lick_28_hq,363,0.5745,
tag,11.v282i.yolov8_train_lick/train/The_video_duration_must_be_exa-7-_mp4-0005_jpg.rf.105fab59d7d57bcfe81343d886685222.jpg,977e90f14a65c36a29f36bfa5c48566a,scratch/scratch_36,42,0.5745,
tag,11.v282i.yolov8_all_walk/valid/cat-street-4-_jpg.rf.9c06fb2ef2a91e22edf8946c8325d4a3.jpg,e39e84c754776085678c6e636bef8554,shake/shake_70,3,0.5741,
tag,11.v282i.yolov8_all_walk/train/cute-funny-cat-isolated-white-background_jpg.rf.6253196160cfdecbfe0552bf97763bcb.jpg,8b8e0cd2fcc914d5baa3ac68ba0b35de,lick/lick_6_hq,414,0.5740,
tag,11.v282i.yolov8_all_walk/train/portrait-black-cat-street-1-_jpg.rf.db8b9a4a029b134cdc9cf28332fdcb2f.jpg,cf69dd8cf629a1ab1bf231c78126e147,shake/shake_86,63,0.5740,
tag,11.v282i.yolov8_all_walk/train/lovely-cat-as-domestic-animal-view_jpg.rf.54fb137eb0142e339382a0eed5567ce3.jpg,754108ab74a04d08e23368e798f5b3fa,shake/shake_8,57,0.5739,
tag,11.v282i.yolov8_all_walk/train/white-cat-walking-yellow-flowers-grass-field-sun-1-_jpg.rf.0c003deb88216fd87ad349b4ce03092e.jpg,173c4383dfa886583f3cb94b229c7380,stop/stop_47,36,0.5739,
tag,11.v282i.yolov8_all_walk/train/joseph-lee-9VPER69pdKY-unsplash_jpg.rf.6f90854f005fcfa31544c35347860bcc.jpg,cdb9d6796275c6f05cf72b3b38e18701,walk/walk4,27,0.5738,
tag,11.v282i.yolov8_all_walk/valid/ginger-cat-kitten-cat-portrait-isolated_jpg.rf.e28df7e617f78bce1ed85a4105c1b5c7.jpg,10881c5659135fd74cc0ac3a8ed4129b,stop/stop_90,54,0.5737,
tag,11.v282i.yolov8_all_walk/valid/white-young-cat-garden-near-green-plants_jpg.rf.4b55f18dbc90af2857075b21f7812a5d.jpg,299f563430262e99754ea3e71d5d7d21,scratch/scratch_65,84,0.5736,
tag,11.v282i.yolov8_train_lick/train/The_video_duration_must_be_exa-5-_mp4-0023_jpg.rf.e4c124a51c27402ce2d60761092d5086.jpg,7c04f941a20c936cb10a3611af394b4b,lick/lick_28_hq,366,0.5736,
tag,11.v282i.yolov8_all_walk/train/cat-6901670_640_jpg.rf.71c47d7af2068eed2b71a334c94fad30.jpg,d021bbf60ba2e5634df3740c7eb9fb46,stop/stop_51,18,0.5734,
tag,11.v282i.yolov8_all_walk/train/portrait-gray-grown-adult-big-short-haired-cat-with-green-eyes-standing-outdoors-small-pebbles-looking-straight-towards-camera-blurred-light-sunny-copy-space_jpg.rf.b8e90b39432bf592b2a067d7dd9da43d.jpg,ab94d2bed88acb957e9ce9b980506ac1,shake/shake_64,237,0.5730,
tag,11.v282i.yolov8_all_walk/train/white-with-gray-stripes-kitten-windowsill_jpg.rf.9b9655ced6f5b75c901c149bdb7dc09d.jpg,f31b0bc44ad4cb30b04d1e2d4941abbc,shake/shake_56,51,0.5729,
tag,11.v282i.yolov8_all_walk/train/cat_57_jpg.rf.4755d9c7a443ac7842287cfa17d1d445.jpg,388664f5b07512adc77fa69fbc236a51,stop/stop_157,6,0.5727,
tag,11.v282i.yolov8_all_walk/train/gloomy-ginger-cat-with-green-eyes-walking-yard_jpg.rf.ada34837fb6f7dde243ecf1196e09b8d.jpg,6ca680561ead5ba519e76d53138fce72,stop/stop539,27,0.5725,
tag,11.v282i.yolov8_all_walk/train/maine-coon-looking-up-front-white-wall_jpg.rf.5fb92429560ad9ab32b62beaba1e5ccb.jpg,8c9cd922f9f70aba567cbe080d5bef52,lick/lick_68,216,0.5724,
tag,11.v282i.yolov8_all_walk/valid/grey-cat-green-grass_jpg.rf.d17e436c263b6efa62db12fbdfad275d.jpg,bc0a530437de7ed2a9b71c803df607d2,shake/shake_56,198,0.5724,
tag,11.v282i.yolov8_train_scratch/valid/1_mp4-0022_jpg.rf.2e7fcea5171d8a56a656fb70aa3fa995.jpg,952fed6bf673524a400d7f64490f1295,walk/walk32,15,0.5722,
tag,11.v282i.yolov8_all_walk/train/portrait-cat-fence_jpg.rf.15d8a1270fd08c572476d5846810fda6.jpg,28ff1f80689197629c0bac3d076e8ef2,walk/walk29,15,0.5719,
tag,11.v282i.yolov8_all_walk/train/20250716_114028196_iOS_jpg.rf.464e1a16c3f3d57dd6b14218ed877db6.jpg,369106210e52f78447e4f5c3f0f84a09,shake/shake_72,51,0.5713,
tag,11.v282i.yolov8_all_walk/train/natasha-polyakova-uf85Jb79v5A-unsplash_jpg.rf.a4dd423cbfddc875d5e5143299c52c44.jpg,d756059e8486827721d897952cd32de3,walk/walk17,36,0.5712,
tag,11.v282i.yolov8_all_walk/train/white-spotted-cat-goes-along-roof-house_jpg.rf.7fdb912f46d16ec8d658c8f7a2448c10.jpg,ce91c184b4bbd8b2872d33cfb93d8980,lick/lick_3_hq,648,0.5710,
tag,11.v282i.yolov8_all_walk/train/full-length-dog-walking_jpg.rf.655dc4dfeef6b591490edce74ac79210.jpg,d4991e0910b68f8232812619c72e5c8b,stop/stop539,18,0.5709,
tag,11.v282i.yolov8_train_lick/train/9_mp4-0016_jpg.rf.ed2bab461034e3d24cab42ce47115a4a.jpg,0acd2dfc16565dce1f384f96bb0b951c,stop/stop_33,54,0.5708,
tag,11.v282i.yolov8_all_walk/train/portrait-cat-1-_jpg.rf.6f7bb4acba3aa188b386f2c29d025077.jpg,98caf8b7cac886e8b3fa704acbdf33a0,scratch/scratch_38,30,0.5705,
tag,11.v282i.yolov8_all_walk/train/white-cat-walks-garden-sunny-spring-day_jpg.rf.f9b58b52a7fb44f6585063948be9fa3e.jpg,2bb1681c5c0445e5396ba2997f445e92,scratch/scratch_65,84,0.5704,
tag,11.v282i.yolov8_all_walk/train/happy-cat-standing-isolated-white_jpg.rf.1a62d3da3bdefc51750d3a5d37ad3a3f.jpg,47057874ddf6107c3551d25811d758a5,shake/shake_72,60,0.5702,
tag,11.v282i.yolov8_all_walk/train/small-gray-kitten-1-_jpg.rf.a4e18455b2ac9dcbe6c8effb7ef4374f.jpg,af20874275984b25eac0bc13730546ad,lick/lick_68,195,0.5702,
tag,11.v282i.yolov8_all_walk/train/cat-park-cat-is-gazing-forward-park-1-_jpg.rf.a01d52e966d0d3a459f7ba1bb979ace2.jpg,4a9b7add94dc1f83576b5f45821b6f51,stop/stop504,0,0.5700,
tag,11.v282i.yolov8_train_lick/train/lick11-4_png.rf.16a7ebb7aac8369a74d97cd01c769a82.jpg,510a97ff571f8cff2307d51be0631d9b,scratch/scratch_36,39,0.5700,
tag,11.v282i.yolov8_all_walk/train/full-length-cat-looking-away_jpg.rf.87a5e3aab39f5782cd8a7674e48d16ca.jpg,3e9ab30d0347eaf964a7b2fbd4733872,lick/lick_44,228,0.5699,
tag,11.v282i.yolov8_train_lick/train/The_video_duration_must_be_exa-5-_mp4-0020_jpg.rf.ba6dc23000b61b308b0a13d970f1b6c8.jpg,e823aaeb1be6c770b9b353d6e8d5dbd8,lick/lick_28_hq,369,0.5699,
tag,11.v282i.yolov8_train_scratch/train/2_mp4-0025_jpg.rf.19e2c10a06423d04249d5ae2c7a7d172.jpg,4a05983d8d60863c9fa777cbdad7e553,walk/walk32,18,0.5699,
tag,11.v282i.yolov8_train_lick/train/75-1-_mp4-0008_jpg.rf.6748b785336933d3082dfc598660adbd.jpg,cac1dd1f9bf84aa6cbbb3eea03a1aa79,lick/lick_3_hq,645,0.5698,
tag,11.v282i.yolov8_all_walk/train/felidae-cat-with-fur-is-lounging-cozy-cat-bed_jpg.rf.15484df68f704a828ea5f9c53d899e2a.jpg,a28fd1955ad0e0ebb422cbbe9b79f97e,scratch/scratch_11,63,0.5688,
tag,11.v282i.yolov8_all_walk/valid/araffe-cat-walking-white-surface-with-white-background_jpg.rf.1135b3e5e7b4d7dd37da84f0001fa0de.jpg,6bb1aed6d410882f8e8e5ecd0734de2d,shake/shake_72,51,0.5687,
tag,11.v282i.yolov8_train_lick/train/lick06_mp4-0010_jpg.rf.89553fe63e0bb4fd591f193cfad24f19.jpg,5ccd8becd7967e244c01a1d3fbbb8b75,shake/shake_38,18,0.5683,
tag,11.v282i.yolov8_train_scratch/valid/10-1-_mp4-0007_jpg.rf.70ee432fe5472b4f8b517e2fe969b6b7.jpg,625ec52689a6a4b934991b8871488ab6,shake/shake_56,183,0.5682,
tag,11.v282i.yolov8_all_walk/valid/striped-ginger-cat-stands-coastal-cliff-golden-horn-bay-istanbul-turkey_jpg.rf.a9794aa0703ccd2a5d8a939b97b658ed.jpg,34389fc247a1dcd784bba2a0fdae3405,stop/stop528,45,0.5681,
tag,11.v282i.yolov8_all_walk/train/istockphoto-1168111658-612x612_jpg.rf.dc6bf1dcfba3cfc23df5750d09645f78.jpg,3ed276f68a9209920e3c095aa2be1445,stop/stop531,84,0.5676,
tag,11.v282i.yolov8_all_walk/train/portrait-black-cat-road_jpg.rf.9e8c381b7a7a83a12b162f050ba62ea1.jpg,cd09e3e8fee622ca1f3657aa6291fea7,scratch/scratch_13,180,0.5676,
tag,11.v282i.yolov8_train_scratch/valid/10-1-_mp4-0006_jpg.rf.b3cc203e2fed9c95da4256c8a3c43267.jpg,13230148222dc50051dee287ef7f9a90,shake/shake_56,183,0.5675,
tag,11.v282i.yolov8_all_walk/train/6582877995_5fdf62796e_z_jpg.rf.49e54f95119fdf0829163f2498168289.jpg,2bf832c7e4b11f4265271d185bef5f71,walk/walk26,369,0.5672,
tag,11.v282i.yolov8_train_scratch/train/2_mp4-0004_jpg.rf.c06f627c9c260579b9ee6884008bbd4a.jpg,9fbb3af08a7c137ba747b93203439816,walk/walk26,333,0.5672,
tag,11.v282i.yolov8_train_scratch/train/scratch_63_mp4-0006_jpg.rf.b2d89cfa2938ff43dcdb070487a30247.jpg,1a029f8b8c87afa57223d08d1a020052,shake/shake_74,162,0.5670,
tag,11.v282i.yolov8_all_walk/train/52027908781_c25b151615_o_jpg.rf.421601d6d6f1795bc65ab318eba1c2c7.jpg,f1fb80fa569b8e8c8a0bfa4e19d3a948,stop/stop_141,24,0.5669,
tag,11.v282i.yolov8_all_walk/train/close-up-portrait-cat-home_jpg.rf.617d3527e953b78a9e9a77f255c6d53d.jpg,bdc9f99d53de5381f8d376afe6a5dab4,shake/shake_19,57,0.5668,
tag,11.v282i.yolov8_all_walk/train/playful-ginger-cat-joyfully-walking-clean-white-background-enjoying-its-day_jpg.rf.28e88ecf5f3e819c015620adff71da99.jpg,4c2c73e51627f2c05f288970bf05fb73,shake/shake_72,51,0.5665,
tag,11.v282i.yolov8_all_walk/train/black-dog-road_jpg.rf.92b76f448d00a91d8f775e53b2be4ef5.jpg,f8b5a7a6f9f0d6e62bd3e06efef655cc,shake/shake_72,57,0.5663,
tag,11.v282i.yolov8_all_walk/valid/istockphoto-461086239-612x612_jpg.rf.1573f1128d341637d4e5caf9fc5b5e5f.jpg,3482655a5e649049aa130bcfb3ae9915,stop/stop_51,27,0.5663,
tag,11.v282i.yolov8_all_walk/train/red-cat-spring-homeless-cat-is-looking-cat-cute-animal-is-thrown-street_jpg.rf.41b571c54236a0336c01091b80c313b1.jpg,fb449b7c7a4a6b16894acc2725ee2cad,stop/stop542,0,0.5662,
tag,11.v282i.yolov8_all_walk/train/portrait-cat-standing-against-wall_jpg.rf.5c4f5524b212229ef30aa1032addc0a1.jpg,17ec90b650a195f3543f505edf2405ff,shake/shake_71,0,0.5660,
tag,11.v282i.yolov8_all_walk/valid/cat-runs-lawn_jpg.rf.4e6e0e048da3178d0fb1d2684210c9c4.jpg,8ccf9eb8b38cc2d4d0be955cfa1d5cd1,lick/lick_6_hq,363,0.5657,
tag,11.v282i.yolov8_all_walk/train/side-view-cat-looking-away-2-_jpg.rf.a68fd55c49e1b02a4113f5602440bf7e.jpg,f150d8c40c5711867b7bedacda1607b9,stop/stop_157,12,0.5656,
tag,11.v282i.yolov8_train_lick/train/75-1-_mp4-0011_jpg.rf.0647a125ceb036c7ff39f20a326e94a6.jpg,b79eaf303d3b87081ed92bdc38cc38e9,lick/lick_3_hq,645,0.5656,
tag,11.v282i.yolov8_all_walk/train/grey-cat-with-green-eyes_jpg.rf.18f1524d37a7a45dd6619cea519a1b3c.jpg,5dff3ee6d5d3b537fced01426b71ba80,scratch/scratch_11,0,0.5654,
tag,11.v282i.yolov8_stop/train/The_video_duration_must_be_exa-7-_mp4-0001_jpg.rf.36bc267563d2bd2f02898b1dfd7ebc1f.jpg,04c518c61bf62f083a36c7bd27ae4d52,scratch/scratch_50,66,0.5654,
tag,11.v282i.yolov8_all_walk/valid/fluffy-tabby-kitten-standing-with-perked-ears-striped-fur-gazing-forward_jpg.rf.6a54101c9112de3134b4997d2bb8581d.jpg,338f69ab493b0a9130ea98c1648aef84,scratch/scratch_25,156,0.5653,
tag,11.v282i.yolov8_all_walk/train/studio-photography-american-shorthair-cat-colored-backgrounds-2-_jpg.rf.9503e71f51c4e09b5d5e98b596ca53e0.jpg,61ad5ecc35cefc7d6faaa8f6e2c91c93,shake/shake_15,42,0.5652,
tag,11.v282i.yolov8_all_walk/train/brown-scottish-straight-cat_jpg.rf.990708a6e43d308db24b4a89e6713ded.jpg,56e1dd3df4bd5fee2753e81d977d68b1,shake/shake_82,78,0.5651,
tag,11.v282i.yolov8_train_lick/train/6_mp4-0023_jpg.rf.18cce8d000e1943dd024314c3bacd17e.jpg,2f0f98e3c395d59ef0c3665b31b62e19,stop/stop_51,54,0.5649,
tag,11.v282i.yolov8_all_walk/train/andrey-chip-TyznDehMi-8-unsplash_jpg.rf.f192692935a1ba9b40b0311ab57fc023.jpg,3f2eba20ca5a40a95f046e60f094af26,walk/walk25,81,0.5648,
tag,11.v282i.yolov8_all_walk/train/close-up-cat-against-white-background_jpg.rf.7a3b7929515418f45ff41b6688aed333.jpg,165f9d26c53b2a3a348f6683fa9632ce,lick/lick_6_hq,411,0.5647,
tag,11.v282i.yolov8_all_walk/train/close-up-cat_jpg.rf.376814e23518e4fc7d6acf0363511947.jpg,91e7b9ec79d5408dd3815e651862d7cd,stop/stop_157,0,0.5646,
tag,11.v282i.yolov8_all_walk/train/artem-makarov-Dh8lrBIwUpc-unsplash_jpg.rf.ca036365d5025513858f8f26759110fd.jpg,a6354ff037974e88cf37911a276ea986,lick/lick_11,63,0.5645,
tag,11.v282i.yolov8_all_walk/train/cat-sitting-footpath_jpg.rf.c258573d92ad4dc3a087d0721554eabc.jpg,a2524b16e65d5156d7fec94ef247e96f,lick/lick_14_hq,63,0.5645,
tag,11.v282i.yolov8_train_lick/train/lick06_mp4-0011_jpg.rf.9f5ba43390f9fc3c0d624ca4b2dba355.jpg,4e59b8331d45353a8519120d6dc28fb2,shake/shake_38,18,0.5644,
tag,11.v282i.yolov8_all_walk/valid/cat-2690236_640_jpg.rf.d45cc5f1517d0c81d2795647889ed278.jpg,989b8140c58e6c897ab93162fcc7535b,shake/shake_56,186,0.5642,
tag,11.v282i.yolov8_train_scratch/valid/1_mp4-0004_jpg.rf.c62a0e0ac6b1da9072c9cd121dc16318.jpg,1b4990405b89eb2651ba41c17340d58f,scratch/scratch_11,3,0.5642,
tag,11.v282i.yolov8_train_lick/train/3_mp4-0011_jpg.rf.f94846b2b777ec1649c0ac5754077da2.jpg,ca0805d3802e29e4d6a4262fdd7be0d8,shake/shake_71,48,0.5641,
tag,11.v282i.yolov8_all_walk/train/cat_50_jpg.rf.58e76a382873fc8c61559fc9d75f461a.jpg,bfd6321eb1c388c84507834738d79549,shake/shake_9,78,0.5637,
tag,11.v282i.yolov8_all_walk/train/elegant-black-cat-posing-gracefully-white-backdrop_jpg.rf.ce90b9622ba89d87859829ce6f37622f.jpg,944268f7cb114015cd43d23ee3e6224c,stop/stop_90,15,0.5636,
tag,11.v282i.yolov8_train_lick/train/3_mp4-0016_jpg.rf.6868059e9f7c5aa77d938908194cee8d.jpg,cb494eead258e8a3d0eeb8842f716795,shake/shake_71,33,0.5635,
tag,11.v282i.yolov8_all_walk/train/bengal-cat_jpg.rf.2b223f3f655688f6584705723b79d1ab.jpg,ed1890867c7e70f131f20f78d8a2745e,stop/stop_157,0,0.5632,
tag,11.v282i.yolov8_train_scratch/valid/10-1-_mp4-0009_jpg.rf.4c5d41fe358503444c392a5818a48e4c.jpg,07812ab2bdee9a2db765eae31583ab9d,shake/shake_56,183,0.5629,
tag,11.v282i.yolov8_all_walk/train/high-angle-view-cat-road_jpg.rf.206404ccf18e623f3c505255707493ab.jpg,d047122be4f106f7f8ee9fceafe860e3,scratch/scratch_65,162,0.5624,
tag,11.v282i.yolov8_all_walk/train/istockphoto-1430962919-612x612_jpg.rf.9a4b76a6eaf7fd862272627ee2e58ba8.jpg,a96a2f31028d0283e590d3db186f8fb7,stop/stop_56,42,0.5622,
tag,11.v282i.yolov8_train_lick/train/3_mp4-0009_jpg.rf.15178fe6651e3fc9501728d8714ad05a.jpg,85392a98c3d04c1233f1bb3d37770749,shake/shake_71,48,0.5621,
tag,11.v282i.yolov8_all_walk/train/portrait-cat-floor-5-_jpg.rf.342b4831c91d14d2019d6bb5e89338d5.jpg,780d7a33ca57f464a41a333011a69971,shake/shake_103,210,0.5620,
tag,11.v282i.yolov8_all_walk/train/portrait-black-cat-1-_jpg.rf.1aeb97a0f23281ce0e75f1a8c4a14656.jpg,32129cb0ca902ce3643b645964aa5da9,lick/lick_71,60,0.5619,
tag,11.v282i.yolov8_train_lick/train/lick06_mp4-0004_jpg.rf.6ad7b19753259d7c3debb58bd110e9b5.jpg,4efa3ce90b4464d54a33c710918cc755,shake/shake_38,18,0.5617,
tag,11.v282i.yolov8_all_walk/train/cat-cement-floor_jpg.rf.39b789054797e8ebc9e70dd7faf02169.jpg,d2f6f3f616b4704d23dd341527f0ddd1,shake/shake_75,60,0.5613,
tag,11.v282i.yolov8_all_walk/train/close-up-ginger-cat-1-_jpg.rf.ff9009d8af711177eed27fac9949f52c.jpg,8bb6c45f6a2578eb185e92b6ecec5c0c,walk/walk10,18,0.5613,
tag,11.v282i.yolov8_all_walk/train/istockphoto-2242286849-612x612_jpg.rf.afef09d84bed26afea02a1a85327bebf.jpg,dda9d4547019c2f086acc4067447b4b6,lick/lick_123,243,0.5613,
tag,11.v282i.yolov8_train_lick/train/lick06_mp4-0014_jpg.rf.03b36c51353ff8d69c27a0c4c7b4984d.jpg,f67afa0932789644618254dfa44ae22e,shake/shake_38,18,0.5613,
tag,11.v282i.yolov8_all_walk/train/cute-gray-striped-cat-walking-down-street-outdoors-summer_jpg.rf.8ae23d8cc911389438b33f1532d43489.jpg,18934f21a8b0dd85af96f91ec18cc6f4,shake/shake_72,63,0.5612,
tag,11.v282i.yolov8_all_walk/train/cute-gray-striped-cat-standing-outdoors_jpg.rf.b0ee1ebea4816093234bec09b1507569.jpg,8e1c05006dca9fe4f0637ae076eaf257,shake/shake_71,24,0.5605,
tag,11.v282i.yolov8_all_walk/train/istockphoto-1205476809-612x612_jpg.rf.c01fa5ff9e48b6a81eebabc335b30ace.jpg,5435f088b1747a2eaa28454da1bab904,shake/shake_71,36,0.5603,
tag,11.v282i.yolov8_all_walk/train/portrait-cat-sitting-potted-plant_jpg.rf.ee3cf62d0c9b4719f537dd111fe6ce68.jpg,fbf5730344282f7bb7aa3f4c499ab893,scratch/scratch_19,15,0.5600,
tag,11.v282i.yolov8_train_lick/train/75-1-_mp4-0010_jpg.rf.eb3a1da06d323066a35fe9524b2a957c.jpg,d9b94d429f243e8c9713e3fdad55bd7e,lick/lick_3_hq,645,0.5599,
tag,11.v282i.yolov8_all_walk/train/pablo-sanchez-cuesta-c_prkkxXVQQ-unsplash_jpg.rf.9cf0b7844e87fb902a39b50b44b66dcf.jpg,6940db2365aa638ccb8865fa987cf08a,lick/lick_116,141,0.5597,
tag,11.v282i.yolov8_train_lick/train/lick06_mp4-0005_jpg.rf.2c8293cb02eb6de57f91bedb2a731189.jpg,ba764dd765055f0017d76d09827fa34e,shake/shake_38,18,0.5593,
tag,11.v282i.yolov8_all_walk/valid/adult-cat-light-background-brick-house-outside_jpg.rf.d7739bf85300c39f10dac3a58eb3666c.jpg,4b7319b5e3b9a3704da601a9eabd48d4,scratch/scratch_36,51,0.5592,
tag,11.v282i.yolov8_all_walk/valid/portrait-cat-footpath-1-_jpg.rf.90a7956522fd2da76e8b0e43a36ce9c1.jpg,57e5f633e89d314333e31814eaa10f84,stop/stop_103,15,0.5588,
tag,11.v282i.yolov8_train_lick/train/lick06_mp4-0013_jpg.rf.d8e2451565a7205fa312c3be09769671.jpg,71428a9ea6b38b82d80957e688f65637,shake/shake_38,18,0.5587,
tag,11.v282i.yolov8_all_walk/train/cat-is-walking-white-background-multiracial-female-cat-young-female-cat-walks-straight-ahead-has-long-tail-pointed-ears-1-_jpg.rf.35a4081dce3ac24cf727c2865ebc02a4.jpg,94a94d73aebb47210c7a23dd7a2888e0,lick/lick_6_hq,420,0.5586,
tag,11.v282i.yolov8_all_walk/train/red-cat-walking-white-wall-greece_jpg.rf.1dfde99b4f165c5a4097b9b588879068.jpg,211c4b0eb002bdf67332ecce8f9c4ebe,stop/stop_56,12,0.5585,
tag,11.v282i.yolov8_all_walk/train/jack-blueberry-F9tCrAAvXww-unsplash_jpg.rf.742bd9f4199454f938961614b777cd91.jpg,da487d6c202eb7ffe81d434f59fbf201,walk/walk25,339,0.5583,
tag,11.v282i.yolov8_all_walk/train/portrait-gray-grown-adult-big-short-haired-cat-with-green-eyes-standing-outdoors-small-pebbles_jpg.rf.2ec72c7fd8317c1f57deff06b216678b.jpg,a2f07a1e7be26fd7ca746bf08c06e14c,stop/stop509,12,0.5583,
tag,11.v282i.yolov8_all_walk/train/portrait-cat-standing-footpath-2-_jpg.rf.1ca9d20c9aaa1d9b78dcff118ebf800a.jpg,50efce5fcb78c5d113fe2f9e85c64bfe,stop/stop_19,42,0.5582,
tag,11.v282i.yolov8_all_walk/train/cute-red-cat-white-background_jpg.rf.eea16a4c19713b686cf57091440477e8.jpg,e1ca6f7cafb9aa4d56d8408bda813ad7,stop/stop515,0,0.5581,
tag,11.v282i.yolov8_all_walk/train/portrait-cat-looking-away_jpg.rf.17ca6ab06357582e21267247eae23936.jpg,c1299e26829b2c8a90432acf2ce38279,walk/walk25,333,0.5581,
tag,11.v282i.yolov8_train_scratch/valid/10-1-_mp4-0024_jpg.rf.393671616ad106f2d511e9f8c6614d61.jpg,9dbebd4e409842b17d3e8ff77ee96224,shake/shake_56,183,0.5576,
tag,11.v282i.yolov8_all_walk/train/egyptian-mau-cat-looks-up-dark-background_jpg.rf.a88c2b393a4ee486c9eb97f8bd0e1bfe.jpg,3498de680ad704ba6dbca30dbc900cf0,shake/shake_47,42,0.5574,
tag,11.v282i.yolov8_all_walk/train/anna-kumpan-1zF-edEr54c-unsplash_jpg.rf.ebf747c7443ff155f35e50fbde2d6fc9.jpg,788c3d444bc02157d6dd83188a4b81dd,shake/shake_38,21,0.5573,
tag,11.v282i.yolov8_all_walk/train/pexels-roman-odintsov-5332559_jpg.rf.12e9face5340b101d383f5c4e0c29545.jpg,ecdde700ffd2754992d0c33065648e2c,walk/walk29,9,0.5562,
tag,11.v282i.yolov8_all_walk/valid/side-view-cat-standing-road_jpg.rf.3bf90e072dfc2e84708a7f781aa880d9.jpg,a8bba21b83f83f2663eed1429e8ddd69,walk/walk25,87,0.5562,
tag,11.v282i.yolov8_train_lick/train/8_mp4-0011_jpg.rf.a2d6decd7ffc34a0dc37bb290fda5821.jpg,126d2431bbf7a08a972baf9248fa980b,lick/lick_7_hq,21,0.5562,
tag,11.v282i.yolov8_all_walk/valid/side-view-cat-walking-field-1-_jpg.rf.1bf5a007de3257ff9a19cb3d4d25145e.jpg,c5a0d5ad21bdb86236097d8c1d3948ef,stop/stop_104,24,0.5561,
tag,11.v282i.yolov8_train_lick/train/lick06_mp4-0019_jpg.rf.fe21b368b23c37ffae45bd64d2620449.jpg,daccd27aec55dc2b11b9cdbd489b5465,shake/shake_38,18,0.5561,
tag,11.v282i.yolov8_train_lick/train/lick13-2_png.rf.05e1cdd74545511780b9d2d596c4f314.jpg,88a161026d68c2c15be1b71079130700,lick/lick_3_hq,645,0.5561,
tag,11.v282i.yolov8_all_walk/valid/portrait-cat-standing-outdoors-2-_jpg.rf.f81e139f9db0c7b7d2833e39ca0663ae.jpg,750e7ef536f9d31cd7556ff78ad3ca52,scratch/scratch_12,21,0.5559,
tag,11.v282i.yolov8_all_walk/train/cute-cat-playing-ground_jpg.rf.ec4ec73fb946011c4fa7c60c59f96dfa.jpg,b2361767e075040f502c04f6cd98001b,stop/stop_35,21,0.5558,
tag,11.v282i.yolov8_all_walk/valid/gray-cat-walking-outside-summer-day-portrait-cute-cat-cat-staying-tall-green-grass_jpg.rf.ed2d61afc03cee55125c9c2dd24f13fd.jpg,71d3c776d390824adf94d978b54e6c51,stop/stop521,9,0.5556,
tag,11.v282i.yolov8_all_walk/train/homeless-tricolor-white-black-brown-cat-with-scratched-nose-is-afraid-falling-stray-cat-walks-top-fence-against-backdrop-sea-clouds_jpg.rf.81a24d6e48544fa8dfe3eed0ed80362e.jpg,0be37cecc8011630dc8b3579280f6c08,scratch/scratch_11,183,0.5554,
tag,11.v282i.yolov8_train_lick/train/8_mp4-0012_jpg.rf.3825c9a9f9a91c648fc8a4d4b3fcd980.jpg,f4be79b062f9e98f7e5fb52d7c4d56f3,shake/shake_2,57,0.5554,
tag,11.v282i.yolov8_all_walk/train/portrait-dog-standing-footpath_jpg.rf.73e6a28a6e90fd6110ca44a15e12d06b.jpg,1eb4c6f9575f7d1f08de3206b58808e8,walk/walk18,0,0.5553,
tag,11.v282i.yolov8_train_lick/train/lick11-5_png.rf.b37a1de5083175aaa1f525316fd80580.jpg,c3c9e98df4969451e3e6860ea5c11537,scratch/scratch_36,39,0.5553,
tag,11.v282i.yolov8_all_walk/valid/ginger-cat-walking-street_jpg.rf.010b3334dff138e04dacd158ba32f90f.jpg,647bbe28d5e24e4ac35e5c91eaf175cf,stop/stop526,24,0.5552,
tag,11.v282i.yolov8_train_lick/train/lick06_mp4-0001_jpg.rf.c6bda7f6bcb01b077a7616b6b86bafa6.jpg,aa4c036c631d607ca63c4bad9e9a0a00,shake/shake_38,18,0.5552,
tag,11.v282i.yolov8_all_walk/train/pexels-arina-krasnikova-7725989_jpg.rf.5492c62735086805231ae51ba394dfa8.jpg,ab1f786e714e85dc8fc91499a3f97d33,shake/shake_75,87,0.5551,
tag,11.v282i.yolov8_train_lick/train/lick06_mp4-0024_jpg.rf.f22b1fc8f561b87483f0aabdb0890366.jpg,500ab60666a96a2a153d945fbe57ff4f,shake/shake_38,15,0.5549,
tag,11.v282i.yolov8_all_walk/train/side-view-portrait-domestic-pet-cat-looking-hunt-open-nature_jpg.rf.73c9ba331c8bed04274ad970607cf798.jpg,19342796189a6a2e7e94994014da0f32,stop/stop539,84,0.5548,
tag,11.v282i.yolov8_all_walk/train/stray-cat-urban-brown-striped-cat_jpg.rf.7b7de9a23d13fa24385930cefac64ea5.jpg,9d10b99f1d7fbaf6de521b4c7663685c,shake/shake_28,54,0.5548,
tag,11.v282i.yolov8_all_walk/valid/pets-domestic-animals-concept-cute-cat-wearing-collar-walking-street_jpg.rf.804564c7a960ae5ed440179f6972b4a5.jpg,88f039e0b75057b131f5410140aba2a4,stop/stop521,3,0.5548,
tag,11.v282i.yolov8_all_walk/train/cute-cat-sitting-looking-camera_jpg.rf.d473bfd780d1c9196967f800a56e427b.jpg,e8b2ebb8a5877a21de2f7b03cfa75d17,stop/stop_125,30,0.5547,
tag,11.v282i.yolov8_all_walk/train/pexels-handespics-19423129_jpg.rf.0d19a1f43a7cb579fd6a9d4fb2b54419.jpg,a390ef0faf0d0371196939c8a4bb4edc,lick/lick_51,54,0.5546,
tag,11.v282i.yolov8_train_lick/train/lick06_mp4-0016_jpg.rf.32218c15345bbde413e1ad2736764dcf.jpg,7c49fece7df5dc8f9417228564565962,shake/shake_38,18,0.5545,
tag,11.v282i.yolov8_all_walk/train/gray-stray-cat-walks-along-sidewalk-animal-life-urban-environment-concept-selective-focus_jpg.rf.a94ebd9694dbf24da733853fcf0ef77f.jpg,b768ae92e4e6dee08cda90e1ac45b764,lick/lick_6_hq,54,0.5543,
tag,11.v282i.yolov8_train_lick/train/8_mp4-0008_jpg.rf.8a982ab1b0032bd32fd093d2b5ede68a.jpg,a5c0a5420f4c3dfcf9cd533498758f95,lick/lick_7_hq,0,0.5543,
tag,11.v282i.yolov8_all_walk/train/side-view-cat-walking-hardwood-floor-home_jpg.rf.112fb6f94bc1b6b10f9a494effc9ea80.jpg,6307f98bec93479215c8db4c934b9106,lick/lick_51,198,0.5542,
tag,11.v282i.yolov8_train_lick/train/lick06_mp4-0015_jpg.rf.7395fb837a3f59c9114137a4b4ae684a.jpg,a80d800c2d2abc1a58c38df3e689b5e5,shake/shake_38,18,0.5542,
tag,11.v282i.yolov8_train_lick/train/1-1-_mp4-0000_jpg.rf.135864acb257d16e5dfeb1ad11eb0d93.jpg,65cc18a449babb084ffebf2db6d98a04,scratch/scratch_14,144,0.5541,
tag,11.v282i.yolov8_stop/train/scratch275724_mp4-0000_jpg.rf.a3786ba08f0d9fde5c92ec59349fe383.jpg,3b2bb4d03425d38b192616e7bfa69844,stop/stop526,96,0.5540,
tag,11.v282i.yolov8_all_walk/train/domestic-cat-nature-walking-vegetation_jpg.rf.7a577e081067bee0d9e71d5f883e9fa4.jpg,9e9e3be79197199ee515024a8e252d04,scratch/scratch_14,27,0.5539,
tag,11.v282i.yolov8_train_lick/train/lick06_mp4-0000_jpg.rf.1d60d7d9bd2b9802c2ac28798607624f.jpg,b3bd2568a78cd14decfa119066aeb343,shake/shake_38,18,0.5537,
tag,11.v282i.yolov8_train_lick/train/3_mp4-0007_jpg.rf.929642d99a2cbd234b23caa8c24825e8.jpg,5423daaea60b1884940445ff68e16212,stop/stop_105,45,0.5536,
tag,11.v282i.yolov8_all_walk/train/photo-1741850859487-3e77d48d58d6_jpg.rf.9971fc66be102b3645ef4fad649235eb.jpg,0433ae086d7f93e363e1b5c2c5415202,scratch/scratch_11,66,0.5534,
tag,11.v282i.yolov8_train_lick/train/1-11-_mp4-0010_jpg.rf.5e1294c2e7f186647b33d52f5a8b582d.jpg,8424b3e26fd2e94f13f1aae84181df13,lick/lick_11,108,0.5532,
tag,11.v282i.yolov8_all_walk/train/orange-kitten-walking-white-background_jpg.rf.3c1eb819e7272b940b7169bf99cb6ebe.jpg,43c585ba39d5ed3a4be82d790955ac5c,shake/shake_64,9,0.5529,
tag,11.v282i.yolov8_all_walk/valid/cute-gray-felis-cats-playing-floor-it-is-siamese-cat-they-looking-camera_jpg.rf.158f897c9cc70a3bc530c64ff302697a.jpg,9dfb232c21a0d40b7d5fbf8d46bf1b4a,walk/walk29,12,0.5528,
tag,11.v282i.yolov8_all_walk/valid/cat-with-fish-mouth-seashore_jpg.rf.256e51c6316b8d932ee24acc1f7dae80.jpg,12eb6e5d7cd13ffc47c630adebcde03e,shake/shake_71,192,0.5527,
tag,11.v282i.yolov8_all_walk/train/huzeyfe-turan-ptPgcL4_rJs-unsplash_jpg.rf.16383655c146cba2aa3ab3869ce66baf.jpg,08d67473253f72e5ddc033b623ce352a,walk/walk29,12,0.5522,
tag,11.v282i.yolov8_all_walk/valid/rattakarn-cat-4994865_1920_jpg.rf.39434f82a806aaead57a9595bcd816f9.jpg,2a626b71d4642cff78b2ef67c7e3a152,scratch/scratch_11,0,0.5521,
tag,11.v282i.yolov8_all_walk/train/british-shorthair-kitten-walking-5-weeks-old_jpg.rf.faf712f0a861422f02c43aa45f5d352f.jpg,f4eb872dea3089eca3cc3f021aaa8c36,stop/stop_157,0,0.5520,
tag,11.v282i.yolov8_all_walk/valid/red-cat-is-standing-kitchen-counter-christmas-wreath_jpg.rf.dc51ae820d1f2588e91186653e06a4d8.jpg,c92cfba6c140601fec797d663eb965f1,stop/stop_52,42,0.5520,
tag,11.v282i.yolov8_all_walk/train/adult-beautiful-white-cat-with-different-colored-eyes-rubs-against-tree-trunk-summer-time_jpg.rf.57415b11d0dd96f8e746ba5908a6606d.jpg,be6e2c176b8b7aecb11d20929bdae18c,shake/shake_19,54,0.5519,
tag,11.v282i.yolov8_all_walk/train/cat-4994865_640_jpg.rf.4406bd252ccfdc01ba567d5f764aa76b.jpg,27d05bd526e868fa57f7ab899a6802ec,scratch/scratch_11,0,0.5519,
tag,11.v282i.yolov8_train_scratch/train/scratch_63_mp4-0008_jpg.rf.7d0468b551c7837ac45f3a03d471a789.jpg,a897f7d411c577f6643bc80d7c8adbdc,scratch/scratch_36,39,0.5519,
tag,11.v282i.yolov8_all_walk/train/white-cat-walks-garden-sunny-spring-day_jpg.rf.77712700af417df3bbb2ffc7d7ae624b.jpg,3fcd89a93c530a1663c4f0d5dd224c60,scratch/scratch_65,84,0.5517,
tag,11.v282i.yolov8_all_walk/valid/portrait-cat-walking-street-3-_jpg.rf.64c6bada45121c0e143b639fd5fbdb9d.jpg,c492d30aa51c4420dd0ec33a0ecccf01,shake/shake_64,54,0.5517,
tag,11.v282i.yolov8_train_lick/train/75-1-_mp4-0007_jpg.rf.bab86ce06b0dd6ab906302f84075c18b.jpg,b837f77df91d9443042e8ecbc8a7132e,lick/lick_3_hq,645,0.5517,
tag,11.v282i.yolov8_all_walk/train/pexels-izafi-32503848_jpg.rf.679a16f992a003f6838009680d009280.jpg,7fc05d67cf6dba577a231f6b6e9c86a0,stop/stop_52,42,0.5515,
tag,11.v282i.yolov8_all_walk/train/luca-severin-ZKy48n_L3E8-unsplash_jpg.rf.ddfefaa6404b80cd5b6482dc81db5009.jpg,f2fbfcdfd0916882fbdde99dd473b016,walk/walk25,354,0.5514,
tag,11.v282i.yolov8_all_walk/valid/f-aint-GY1hL72_ov8-unsplash_jpg.rf.b6ee48a376b1138eda98310e6f8cdb78.jpg,747f957199ddff979e12a783a722a0db,scratch/scratch_11,66,0.5513,
tag,11.v282i.yolov8_train_lick/train/lick06_mp4-0022_jpg.rf.1df2e408bc290147a95a5f693f712da3.jpg,5a80447bbc92867fd66d0b142e017692,shake/shake_38,18,0.5512,
tag,11.v282i.yolov8_all_walk/valid/beautiful-female-young-cat-with-beautiful-eyes-brindle-fur-looks-stares-us-as-she-crosses-road_jpg.rf.aa4fbc88ddbf418202cae74de78f6bdc.jpg,4dd1b35762c70990ab60e685e163270e,lick/lick_6_hq,30,0.5510,
tag,11.v282i.yolov8_all_walk/train/istockphoto-2250075734-612x612_jpg.rf.f40e8081b136fef273391eedb325f474.jpg,860bf638990d7cf8615efc1bc6754e20,lick/lick_68,195,0.5509,
tag,11.v282i.yolov8_train_lick/train/lick16-3_png.rf.fdd6f4019fe6684a3a2a8230b4be5ca0.jpg,2900d79dacbf2aa4fb8b7ff3de5a675d,walk/walk25,81,0.5505,
tag,11.v282i.yolov8_all_walk/train/dog-wall_jpg.rf.55aa92a394ac12c6763fe52f0b9526ed.jpg,6e3c5d394b86b3ebb7abf2a76369c55a,stop/stop_104,0,0.5504,
tag,11.v282i.yolov8_train_lick/train/3_mp4-0008_jpg.rf.09a154394a43655f4637acb945abd358.jpg,f691690d6610cf4b72d46133fe298721,shake/shake_71,33,0.5504,
tag,11.v282i.yolov8_all_walk/train/portrait-cat-17-_jpg.rf.9700db0b92eb9d205d5a5f3eeb38c55a.jpg,4b707d1f72fc418a66beeeee7471dffc,walk/walk27,84,0.5503,
tag,11.v282i.yolov8_all_walk/train/portrait-dog_jpg.rf.e33a810962218375f3ff6fe92bd59066.jpg,559afb21dfda0845b5ad48b3dc55d103,shake/shake_71,51,0.5502,
tag,11.v282i.yolov8_all_walk/train/shawn-rain-iCmvqnvj0WA-unsplash_jpg.rf.59c48c51653817de891f36a683290c8f.jpg,54e38aa1057f213b71b45b274d400cbe,shake/shake_56,54,0.5502,
tag,11.v282i.yolov8_train_lick/train/lick06_mp4-0018_jpg.rf.4902ee0d0fce44452eadd387998d456e.jpg,c6ad7439d15660fcd4904d244e71b27e,shake/shake_38,18,0.5500,
tag,11.v282i.yolov8_all_walk/train/beautiful-gray-cat-brick-wall-background-1-_jpg.rf.79d798447058d121689048a2c266d17a.jpg,6f728f9b432eb9e731d60de4ff633a2c,lick/lick_6_hq,363,0.5499,
tag,11.v282i.yolov8_all_walk/train/pexels-szafran-32789739_jpg.rf.89dfa4789413b2656aa7858f02474838.jpg,b52fe42b1f7fb32089698f4fdb153bbc,scratch/scratch_11,63,0.5499,
tag,11.v282i.yolov8_all_walk/train/istockphoto-2220211383-612x612_jpg.rf.c2f67fb54b31f9d069ed185f3274d20d.jpg,fa06ac6c03d3a14a57ad30c7c803ed8c,shake/shake_75,81,0.5498,
tag,11.v282i.yolov8_all_walk/train/screen7-1_png.rf.7f928b9562593ccedd319989980995fe.jpg,e4f248930c8f0f8001c7c6c118e598fa,stop/stop_87,0,0.5497,
tag,11.v282i.yolov8_all_walk/train/portrait-ginger-cat-street_jpg.rf.f9aee349c8a0e1ebd4fec96ed67f1a37.jpg,4850720749dff9431079fe6b1c21f69d,stop/stop_116,27,0.5496,
tag,11.v282i.yolov8_all_walk/train/istockphoto-483661929-612x612_jpg.rf.bf87dfd8722885d10f57170501e57d85.jpg,4d31dc2030da80e782373d77410f0642,lick/lick_68,219,0.5493,
tag,11.v282i.yolov8_train_lick/train/8_mp4-0020_jpg.rf.5bbc868da4507d7151b04ce07712f3e8.jpg,131bde2b3c3a2d00a4ccc17c574145a2,lick/lick_7_hq,27,0.5493,
tag,11.v282i.yolov8_all_walk/train/portrait-cat-sitting-outdoors_jpg.rf.7b9523fae98ea65f52f68c00acf33699.jpg,1dfda1aa3e39ccb1b14aebe7e2d01c80,shake/shake_4,15,0.5492,
tag,11.v282i.yolov8_train_lick/train/lick06_mp4-0023_jpg.rf.06e77c0f82dcba770585ce6b387c2ec1.jpg,92fad0bc6d1f4e10681a5245c5c61766,shake/shake_38,15,0.5490,
tag,11.v282i.yolov8_all_walk/train/pexels-irfan-rahat-164426592-12738828-1-_jpg.rf.df2bac7cf69320a8a2ea719dcf59f753.jpg,5ac23bc60ee7d9a04119439e667090bf,scratch/scratch_12,24,0.5485,
tag,11.v282i.yolov8_all_walk/valid/cat-sitting-car_jpg.rf.926df1962539524731944d476845b3c6.jpg,020ccb7e24d9a890f550cb3d8cce5f1e,lick/lick_25,198,0.5483,
tag,11.v282i.yolov8_train_lick/train/8_mp4-0009_jpg.rf.f30760747e5bcc60e3a824d8555ca6cd.jpg,f9ca05bfd270281d911b40d1eac6480a,stop/stop_94,0,0.5482,
tag,11.v282i.yolov8_train_lick/train/lick06_mp4-0020_jpg.rf.78dbc55a9a7fd667980bcac9998d7469.jpg,29853e47b0460daadb16e4e720bca25e,shake/shake_38,18,0.5482,
tag,11.v282i.yolov8_train_lick/train/lick06_mp4-0021_jpg.rf.65ed6e85ab8e1b111bc702d1e85fd3a4.jpg,26251b88e3e38490e23abaed925bd3e0,shake/shake_38,18,0.5480,
tag,11.v282i.yolov8_all_walk/valid/cat-standing-outdoors-1-_jpg.rf.c3ede03c60dfb3e50e8f781ad9773581.jpg,3f256880799bb1610a90d794f803cad1,stop/stop_157,3,0.5473,
tag,11.v282i.yolov8_train_lick/train/lick06_mp4-0026_jpg.rf.a720694c8d20d2dd837310f75b6860f3.jpg,13bcd6fc0f5998716a1731e93ad7045c,shake/shake_38,15,0.5472,
tag,11.v282i.yolov8_all_walk/train/cat-by-potted-plants-floor_jpg.rf.9fee9871bc383fd8483ca492e527b883.jpg,15cdb0f5d0bca55071adf013dbadcd97,stop/stop_157,54,0.5470,
tag,11.v282i.yolov8_all_walk/valid/bengal-cat-front-white-background_jpg.rf.edb0a2cb70d04e672415828996b0d70b.jpg,81c1f417440ad3610497330e439ac10b,shake/shake_72,60,0.5469,
tag,11.v282i.yolov8_train_lick/train/6_mp4-0009_jpg.rf.a758b765ac219bb7e7287cd1231ca6b0.jpg,c3043f605b229e5e32ca34611b451936,scratch/scratch_36,39,0.5468,
tag,11.v282i.yolov8_train_lick/train/8_mp4-0010_jpg.rf.e57cfa5bb3783e5e1c81b29a3c1f8afc.jpg,c760cec6bad4ea8fb6a08a73090ca972,stop/stop_94,36,0.5468,
tag,11.v282i.yolov8_train_lick/train/1-11-_mp4-0020_jpg.rf.fb2fecf92a4786919a603f50c1a3c60c.jpg,d795d9cc24bc8c38e0915365efaaa43e,lick/lick_11,18,0.5467,
tag,11.v282i.yolov8_train_lick/train/lick11-2_png.rf.bf6c7e999a63876d4e32ae0c610b946c.jpg,e9916183e6098e382de9c8bb3f9ed259,stop/stop_157,12,0.5467,
tag,11.v282i.yolov8_all_walk/train/istockphoto-1217549170-612x612_jpg.rf.072a7de8f2b2960008660e39adc71011.jpg,353a7b4e943c8a391b5c433af4cac0ef,lick/lick_104,36,0.5466,
tag,11.v282i.yolov8_all_walk/train/side-view-cat-walking-3-_jpg.rf.936a49b113350f055427817bae8e44af.jpg,78951c234120370014a97006b211adfd,scratch/scratch_10,30,0.5464,
tag,11.v282i.yolov8_train_lick/train/1-11-_mp4-0011_jpg.rf.61dc9cf83d8d4626e06b5bc96ba5d779.jpg,6e86d9c85e9e5194d0803eee8881a531,lick/lick_11,132,0.5461,
tag,11.v282i.yolov8_all_walk/train/pexels-hesenikart-20890229_jpg.rf.6caa97094f57e188dd14e2b2d13349c9.jpg,1b3cd8a641f2e6253ba5ab8302462b37,lick/lick_51,201,0.5460,
tag,11.v282i.yolov8_all_walk/valid/siamese-cat-sitting-against-white-background_jpg.rf.208fb0f58519b93fd59a1b9e3309ee5a.jpg,56e7732c6717dc6ad896cea0ec9bc615,lick/lick_68,231,0.5459,
tag,11.v282i.yolov8_all_walk/train/side-view-dog-walking-road_jpg.rf.ac540317b06375f0e4cd0ac2de61131b.jpg,92048f204c20114f53b5594009d44473,shake/shake_71,126,0.5458,
tag,11.v282i.yolov8_all_walk/train/animal-9737112_640_jpg.rf.ea0c0340772b0cdbae210181b615cd83.jpg,94646ee5dc60fa9327202a677c923a35,lick/lick_2_hq,84,0.5445,
tag,11.v282i.yolov8_all_walk/train/jack-blueberry-ysP56SeSPu4-unsplash_jpg.rf.1fb568e7b82c76b09026fec1e333416a.jpg,53a89388c0248b58d36ee44320c0f83a,walk/walk25,333,0.5442,
tag,11.v282i.yolov8_train_scratch/train/The_video_duration_must_be_exa-9-_mp4-0004_jpg.rf.2cfdddaa5609bb5aef6084547ad757a6.jpg,5e607e1e147b376596e9660da1dc47b1,scratch/scratch_65,51,0.5442,
tag,11.v282i.yolov8_all_walk/train/cat-8004851_640_jpg.rf.7b7ab34669fc9b35ce9b0c26031843fe.jpg,a0bfc8e12d07a675abcfd4296e53e6f9,walk/walk25,333,0.5440,
tag,11.v282i.yolov8_all_walk/valid/stray-cat-drinking-water-city-street_jpg.rf.3eb83808442a47ba2b12117448abbe01.jpg,d0218cbea703c9f6e2736339d6fcf968,shake/shake_69,60,0.5439,
tag,11.v282i.yolov8_all_walk/train/wenying-yuan-HSgjNoGbtmQ-unsplash-1-_jpg.rf.861394722bccdf0551fc30b4c519598e.jpg,c5ce65559e23ea518921f2e121d27c71,stop/stop539,0,0.5434,
tag,11.v282i.yolov8_all_walk/valid/pexels-krimovsky-18469648_jpg.rf.bf237aa926702ab15ad0c2adf1afea9d.jpg,edee02490a682557be38a0c13d673d18,shake/shake_5,9,0.5434,
tag,11.v282i.yolov8_all_walk/train/adorable-fluffy-white-ragdoll-cat-standing-floor-light-room-with-daylight-looking-out-window-lovely-cute-purebred-feline-pet-with-furry-tail-outdoors_jpg.rf.c73c45aaa372ce4548ce7c108335f2ce.jpg,8f1f20568b8720c779bd52f68923e115,shake/shake_72,60,0.5429,
tag,11.v282i.yolov8_all_walk/train/horse-standing-field_jpg.rf.6b72d7ef1227be4087585c83d0dfdc3d.jpg,0d0f5fc537f3725d5bf6e8feac7d0de2,scratch/scratch_65,30,0.5429,
tag,11.v282i.yolov8_all_walk/train/stunning-spotted-cat_jpg.rf.e502122c26904f928175209b8528cc15.jpg,ec9cd58da9a09042d349aafa4225c90a,shake/shake_72,57,0.5428,
tag,11.v282i.yolov8_all_walk/train/portrait-cat-7-_jpg.rf.9037115fb880abdbefd2cf1952659489.jpg,139a0355998f5e498017ece358f36940,shake/shake_61,36,0.5426,
tag,11.v282i.yolov8_all_walk/valid/cat-sitting-floor-2-_jpg.rf.7b4d4135feb85e9c1215109464d6be2e.jpg,61be19ac63e4b9e5038532cc74e35a5b,walk/walk29,3,0.5424,
tag,11.v282i.yolov8_all_walk/train/fluffy-gray-cat-walking-wall-near-electric-fence_jpg.rf.b3507cab07ceee09ff5410bc45454d7e.jpg,3d4b35db765468eeb859f3f40c068b29,walk/walk26,333,0.5423,
tag,11.v282i.yolov8_all_walk/train/istockphoto-874732302-612x612_jpg.rf.9d30b496cb4b33b0f5c6770f0b3faa93.jpg,6c9e403a7a5327b5498955297394105e,shake/shake_15,9,0.5422,
tag,11.v282i.yolov8_all_walk/train/cat-walking-street_jpg.rf.5e40f2409aabb9f0102d0470ff3e8f84.jpg,6eb4b9e4dc37706a2cf3cec5559dfc1a,walk/walk26,114,0.5421,
tag,11.v282i.yolov8_all_walk/train/20250710_042127597_iOS_jpg.rf.6e6e8c6267b1777407836bfaa7ee88ef.jpg,bbb18a748799b18d53c156aefb186bc2,scratch/scratch_19,144,0.5418,
tag,11.v282i.yolov8_train_lick/train/1-11-_mp4-0024_jpg.rf.570a41eb994534c3f3fede5a55694451.jpg,43d413af2e24310a3550018ddbeaa9e9,lick/lick_11,18,0.5418,
tag,11.v282i.yolov8_all_walk/train/black-domestic-cat-nature-forest-woods-setting-sun-with-gps-tracker-collar-around-neck_jpg.rf.16728ff5050a94531403d841ef4b3188.jpg,c6ec1461b34298d3239432af3f64fe14,stop/stop531,87,0.5415,
tag,11.v282i.yolov8_all_walk/train/village-cat-resting-adult-village-cat-farm-nice-cat-ground_jpg.rf.90c804c94a2bb1a208e39879b388c693.jpg,b59c30d46af32b663d34bd780c468254,lick/lick_116,51,0.5415,
tag,11.v282i.yolov8_stop/train/14_mp4-0014_jpg.rf.3d7dda4eab63950225da78a8206b3f4f.jpg,b03cdf51683a29ee65b63811affd16a1,stop/stop_52,0,0.5410,
tag,11.v282i.yolov8_train_lick/train/75-1-_mp4-0009_jpg.rf.8cc8f12f1b07517dc73b8c2c9bfda1a8.jpg,415f1150916f8fd01ff47dbc133dc797,lick/lick_3_hq,645,0.5408,
tag,11.v282i.yolov8_all_walk/train/side-view-cat-walking-field_jpg.rf.b0e6a58427d602ffc2c5478d09b4905a.jpg,e76999492feb5522f2104ce411fbf05c,stop/stop531,84,0.5405,
tag,11.v282i.yolov8_train_lick/train/8_mp4-0008_jpg.rf.df8e6305462820a15cf68319750d31cd.jpg,c681155c165261d96d3c28f730d9c50c,stop/stop_94,0,0.5404,
tag,11.v282i.yolov8_train_lick/train/lick06_mp4-0027_jpg.rf.65d81a4b792980e45f0d4fad2a34f05a.jpg,032d9ee46b1be700324d313327deb525,shake/shake_38,15,0.5397,
tag,11.v282i.yolov8_all_walk/valid/full-length-dog-footpath_jpg.rf.e146b00ba4aa2babe8bf5f244d553329.jpg,05730a0480fe692d8f99dcae244008f0,stop/stop_80,54,0.5395,
tag,11.v282i.yolov8_all_walk/train/cute-cat-lavender-field_jpg.rf.7d61d584bef1fcc1a1962f9216428e8c.jpg,74e21baf7e456f40170c8bdbdd371d88,stop/stop_131,9,0.5393,
tag,11.v282i.yolov8_all_walk/train/cute-gray-tabby-kitten-standing-looking-side_jpg.rf.496d2ef110adbac5ead2c5bd5dace522.jpg,aca341b40133b525b2c39c2db15c94a1,shake/shake_75,231,0.5392,
tag,11.v282i.yolov8_all_walk/train/full-length-cat-walking-road_jpg.rf.812102e13d80349e062a3d49f999b298.jpg,f3d1c58c49272f157a15a7071ba98abe,walk/walk25,114,0.5391,
tag,11.v282i.yolov8_all_walk/valid/view-built-structure_jpg.rf.d0d62a58e3c4f81419e4363f7f57a96e.jpg,e2568032fdc936c23226de4b747bf8a1,lick/lick_51,141,0.5390,
tag,11.v282i.yolov8_all_walk/train/cat-6805389_640_jpg.rf.305dac721dc7475aa3b8ab3913958997.jpg,c9d4750c25635f91387b3a4aa2f08347,shake/shake_61,0,0.5387,
tag,11.v282i.yolov8_all_walk/train/red-kitten-lies-gray-blanket-looking-around-interestedly-wants-play-with-silver-confetti_jpg.rf.f136331d8e4c409e7bc95112eedb07f0.jpg,a562a8d828b359358a2762bb3545f58b,walk/walk18,27,0.5386,
tag,11.v282i.yolov8_all_walk/valid/very-old-shelter-cat_jpg.rf.d4556f017c65d468f10468212f2d2502.jpg,53b2b8acb89cb6582dd8ad31c062da21,walk/walk25,516,0.5386,
tag,11.v282i.yolov8_train_lick/train/The_video_duration_must_be_exa-2-_mp4-0010_jpg.rf.298f4dcbf49f4c65ceb1339925c66ef4.jpg,23574366475259b3022500d93605507a,stop/stop_171,0,0.5386,
tag,11.v282i.yolov8_all_walk/train/side-view-cat-rock-1-_jpg.rf.158becda58331c487b430e7c4d96964e.jpg,8bcb389f5a239339604cb5af392047e0,stop/stop509,36,0.5384,
tag,11.v282i.yolov8_train_lick/train/lick13-1_png.rf.489fd3aa0d1240aecd5f829db59cd1b9.jpg,dde73594385547c12a1680f506b88667,lick/lick_3_hq,645,0.5383,
tag,11.v282i.yolov8_all_walk/train/ata-mohammadiyan-_mCLPU-qUZI-unsplash_jpg.rf.27f53fa7ec2571dd52d9e93e73e475d0.jpg,650c82c475ae71abf18dbc2c4aa41201,scratch/scratch_39,36,0.5382,
tag,11.v282i.yolov8_all_walk/train/marija-zaric-hGfZdamaHIA-unsplash_jpg.rf.dca9f0ef744cde861a2bcc830faba9e7.jpg,30cdd41946a46da7bd6ef48cf6084ad9,shake/shake_71,24,0.5380,
tag,11.v282i.yolov8_all_walk/valid/portrait-black-cat-1-_jpg.rf.3a9ea010e7ea97ff8cb8ad6078ff14d6.jpg,22bff6fc704f8987279fd6a53ed0c762,stop/stop521,33,0.5378,
tag,11.v282i.yolov8_all_walk/train/20250502_115459233_iOS_jpg.rf.3f263b324de9eb2680622dc7763a59e2.jpg,ff703a87d2f0f1ad5088708ed64bf6f7,shake/shake_8,225,0.5375,
tag,11.v282i.yolov8_all_walk/valid/nature-lover-WNQJWim4Q4c-unsplash_jpg.rf.4e603b51cdd861f5f3438acdf1a4893d.jpg,450e21c4ef2ac3808d3b3729442efe6c,scratch/scratch_11,3,0.5375,
tag,11.v282i.yolov8_all_walk/train/close-up-cat_jpg.rf.ff44e16203966ef175f5ac30b678d007.jpg,d3681a41b91ee75535f82ca10f4adc4d,lick/lick_51,198,0.5374,
tag,11.v282i.yolov8_all_walk/train/tiger-field_jpg.rf.8cbd832cff6e43c5f5ad746c2ee98b87.jpg,12d3afe9ab31419dbfe2d4a8adbeef00,stop/stop_141,0,0.5372,
tag,11.v282i.yolov8_train_scratch/train/The_video_duration_must_be_exa-17-_mp4-0007_jpg.rf.dac6b91b2e2c2cc3171e1f9f8338c524.jpg,91e6b5ea2f107fbf2714ccbed17fa827,stop/stop_157,15,0.5371,
tag,11.v282i.yolov8_all_walk/train/red-white-homeless-cat-beige-background_jpg.rf.b8202ef67c655cc08407b039388e65af.jpg,c7e281ff2de9a1ff1da293417e255beb,stop/stop_55,12,0.5368,
tag,11.v282i.yolov8_all_walk/valid/wet-homeless-sad-kitten-street-after-rain-concept-protecting-homeless-animals_jpg.rf.5a472c9f10518d470718d66b6df079ef.jpg,110be01841d427962363d02ad492f23b,scratch/scratch_18,36,0.5368,
tag,11.v282i.yolov8_all_walk/train/side-view-cat-sidewalk-1-_jpg.rf.f6bd727bd70aba30cf9d963aca664952.jpg,d309e39a6210ccbc5373da40dfc63045,lick/lick_14_hq,60,0.5367,
tag,11.v282i.yolov8_all_walk/valid/cat-standing-street_jpg.rf.7f88c3026098a46957c6700b91e423d2.jpg,f293c70215ac7ef27dece7453632974d,lick/lick_6_hq,420,0.5365,
tag,11.v282i.yolov8_all_walk/train/concept-homeless-animals-stray-cat-street-1-_jpg.rf.f2ad9880b68f2b05df5d5947f065374f.jpg,d59d3c8208989ce57030986fd1715b3b,shake/shake_75,228,0.5362,
tag,11.v282i.yolov8_train_lick/train/9_mp4-0020_jpg.rf.72e86f6b316ce78af89947424c5dbf86.jpg,e21bb324fc5cf59b95e4c29c17e57372,walk/walk25,132,0.5360,
tag,11.v282i.yolov8_all_walk/train/portrait-ginger-cat-footpath-1-_jpg.rf.266645024e9142910ece2dceac05b670.jpg,1f06022709e170fea8d18efac496669b,lick/lick_121,195,0.5359,
tag,11.v282i.yolov8_all_walk/train/white-cat-standing-bed_jpg.rf.894c1cd1bb6005dff67d8a43d3c39bc3.jpg,8ca1a26517cc1def6416ed13a64c9777,walk/walk25,420,0.5355,
tag,11.v282i.yolov8_all_walk/train/cat-riverbank_jpg.rf.2570611418b7be1ed64756158d54d84f.jpg,2705e2b01d8bc85d2db58f9a770e1017,lick/lick_11,51,0.5350,
tag,11.v282i.yolov8_all_walk/train/pexels-guvo59-27739115_jpg.rf.14307bdb7dab55f2df8e9f0bfa04320f.jpg,e50140d2405b34a6132cf0a2f2dfe7c7,stop/stop509,6,0.5349,
tag,11.v282i.yolov8_all_walk/train/tiaan-nell-XAnJmuItGuw-unsplash_jpg.rf.6775de080dc785749c382852473801dd.jpg,86fa7e009b557427391e119ab06c59af,walk/walk18,27,0.5349,
tag,11.v282i.yolov8_all_walk/valid/charles-chen-gSZ-YTcj084-unsplash_jpg.rf.b95af550baa9eb823ae4b04843314ae9.jpg,a488e8bd8f35405883dfd3b53c6eb34a,lick/lick_123,447,0.5348,
tag,11.v282i.yolov8_train_lick/train/lick06_mp4-0030_jpg.rf.8a25ce6c7103dfb177e12e3afd5c32e6.jpg,9657dd08a5197bc63d5a50dd98243d0d,scratch/scratch_38,15,0.5347,
tag,11.v282i.yolov8_train_lick/train/3_mp4-0010_jpg.rf.6c30ed2d1f6985812b20435ef74f74f7.jpg,a0bdef97821768c36d197df602689b30,scratch/scratch_36,54,0.5346,
tag,11.v282i.yolov8_all_walk/train/3-31-_png.rf.ebb7433eb39c312b99058ade7ba46f7d.jpg,8abe3f3fcbbe15f6e3e47a0a33e78462,stop/stop_157,0,0.5342,
tag,11.v282i.yolov8_all_walk/train/high-angle-view-cat-floor_jpg.rf.1a00f62666c4a433dc768f713c13811e.jpg,889839bad721227d1c8b65563ac890e5,stop/stop535,0,0.5341,
tag,11.v282i.yolov8_all_walk/train/giraffe-beach-against-sky_jpg.rf.dcb01642709cef8165bc0a44afe850ef.jpg,cc16d32e1ee929f7d8ea0562254f6204,shake/shake_16,105,0.5340,
tag,11.v282i.yolov8_all_walk/train/portrait-cat-6-_jpg.rf.94871276380f2f3551a7d2c63cab7aae.jpg,0b2287749554dc3b2e56961d9769bd66,shake/shake_47,21,0.5338,
tag,11.v282i.yolov8_all_walk/train/viktoriia-kondratiuk-eBAGk3aEw_8-unsplash_jpg.rf.7014afdaf891c252fe516001836b0119.jpg,bc7c6bcf926fb0cd444528c0d373a909,walk/walk25,516,0.5337,
tag,11.v282i.yolov8_train_lick/train/lick06_mp4-0029_jpg.rf.4cddca3f7401130f7a8bca3f62a76239.jpg,a25b21c53092fca3e947b3cdd82abd22,scratch/scratch_38,15,0.5336,
tag,11.v282i.yolov8_all_walk/train/black-cat-grass-park-1-_jpg.rf.415d4d08914fb0f2d6abad584c59c676.jpg,a5a78a8f694c4c660540fa00b253ab42,shake/shake_16,234,0.5335,
tag,11.v282i.yolov8_train_lick/train/1-1-_mp4-0002_jpg.rf.05dbc41bd66ed67d8afc6d53acd88de2.jpg,bae609e713910438a116bd127a2e979b,scratch/scratch_38,21,0.5333,
tag,11.v282i.yolov8_all_walk/train/side-view-horse-walking-field_jpg.rf.487b1c6f5bc315bf36940312fae6b3e9.jpg,5e7b9ae9dced6a00fd170a3e9142bbc7,scratch/scratch_69,165,0.5328,
tag,11.v282i.yolov8_all_walk/train/pexels-meryem-366534370-30284439_jpg.rf.630929c4ca81999d0799ef60bc0681a9.jpg,2d5c568e68f009e1ef4d3e38972210bf,shake/shake_61,33,0.5327,
tag,11.v282i.yolov8_all_walk/train/full-length-cat_jpg.rf.22cc7c1cef10c02382e4efdd2eead3be.jpg,8cad752d4f700efffdd4552ff7718d4b,stop/stop528,93,0.5326,
tag,11.v282i.yolov8_train_scratch/train/The_video_duration_must_be_exa-17-_mp4-0004_jpg.rf.a5f84bc082e9697fc3fe753ea7c750a8.jpg,5a242007720e4490663204a54b7ddf6b,scratch/scratch_36,36,0.5326,
tag,11.v282i.yolov8_all_walk/train/0_Cat_Ginger_1920x1080-1-_mp4-0005_jpg.rf.62a5a67fc9acc118edf561a6e64caa65.jpg,b9cdd0a330ad0e6c3f8cd87acc62e39b,stop/stop_140,24,0.5324,
tag,11.v282i.yolov8_all_walk/train/street-cat-walking-grass-summer-park_jpg.rf.73f622b4a6a7c0931b5150431560362a.jpg,ce820f57871def52562dfac0015c42c4,stop/stop_47,36,0.5324,
tag,11.v282i.yolov8_all_walk/valid/white-domestic-cat-street_jpg.rf.682d171a4120590329ac7ffa191948ed.jpg,d986c8115f82553bbc4cd4c3906d22a0,walk/walk19,36,0.5318,
tag,11.v282i.yolov8_train_lick/train/5_mp4-0017_jpg.rf.d801c0c08dca7a4646314ab38b89e943.jpg,939a679b99b58e0c441643a85b6b8b24,stop/stop_157,6,0.5317,
tag,11.v282i.yolov8_train_scratch/train/14_mp4-0007_jpg.rf.4463f1a2429c193aeec50995ba453033.jpg,da178bb3bf3921adb99d50a459733960,shake/shake_71,63,0.5316,
tag,11.v282i.yolov8_all_walk/train/cat-arching-its-back-leash_jpg.rf.cf9865472e7b7eb52284a18fa52cf92b.jpg,884eec7c02e389ddccb020a4f3a28c18,shake/shake_2,213,0.5314,
tag,11.v282i.yolov8_all_walk/train/cat-looking-away-1-_jpg.rf.59e4e51e504b83342b95230374116ea6.jpg,31f5f4096befcdab65ef6107e27c22aa,stop/stop521,57,0.5314,
tag,11.v282i.yolov8_stop/valid/10-1-_mp4-0000_jpg.rf.f6a22fb62b772ad3707ed22f9e2aa96b.jpg,3cabffbc1b1472824efaabf8bf106839,lick/lick_51,9,0.5314,
tag,11.v282i.yolov8_train_lick/train/3_mp4-0013_jpg.rf.0714a5a2dc77279dc249b183a28c6349.jpg,1015fa6d3dd6f2c94dc3a8ea628c1213,scratch/scratch_65,138,0.5312,
tag,11.v282i.yolov8_stop/train/GettyImages-948947216_mov-0019_jpg.rf.b2c03265101cd9ccb4a075b62b7d8638.jpg,bc203d3daf9e54570efea75c01770711,shake/shake_72,213,0.5312,
tag,11.v282i.yolov8_train_scratch/train/14_mp4-0006_jpg.rf.26bcbcf81cc9cc1a8aa3c282daef6666.jpg,a8ba8a1ef13dd4e62d5878a245bb984a,shake/shake_71,63,0.5311,
tag,11.v282i.yolov8_all_walk/train/cat-old-town_jpg.rf.6758dea7f0ecfdbebe39c2aa5743e38b.jpg,da9f55428388ae198b905e99c57dc3fc,stop/stop528,114,0.5309,
tag,11.v282i.yolov8_all_walk/train/high-angle-view-cat_jpg.rf.3d3c9638c73fe19cc3f1cbab6e0b9d54.jpg,489b306fa1ce0daeb354b7ac1e3e71d3,stop/stop_146,36,0.5309,
tag,11.v282i.yolov8_all_walk/valid/cat-street-city_jpg.rf.509ba6e4ae17eca77c61fbe9a4fe9bc9.jpg,020dc933eb0450b47dcfdef2a579fb30,lick/lick_51,201,0.5308,
tag,11.v282i.yolov8_all_walk/train/leonardo-cirimbelli-M8GUx8MtcWM-unsplash_jpg.rf.33de760fffe3509fc399c3634ff946cf.jpg,56a07761f70c210c828874ce58cd51c4,stop/stop539,60,0.5307,
tag,11.v282i.yolov8_all_walk/train/cat-standing-blue-wall_jpg.rf.532baff609378ce9357b32b1b3341fbc.jpg,1ffbb8ea5a0533df1a46640a664d8754,lick/lick_13,60,0.5305,
tag,11.v282i.yolov8_all_walk/train/max-bvp-BiTOpF6SPyw-unsplash_jpg.rf.2e0b1ae69b5e81a9883e25effbecda5e.jpg,bc0d5c90c5e05d758f3b131daf34ed80,shake/shake_61,66,0.5302,
tag,11.v282i.yolov8_all_walk/train/100-3-_png.rf.e8e4f06484f561ee98d126e2c4dccfff.jpg,2631ab1667812b551548f4e1190f1e2e,shake/shake_37,42,0.5301,
tag,11.v282i.yolov8_all_walk/train/white-cat-garden-pet-international-cat-day-concept-2-_jpg.rf.c1a0d26669cff251bddeb977dcef0576.jpg,df075d602cdec6a9a602117aaa659fd9,lick/lick_116,9,0.5301,
tag,11.v282i.yolov8_all_walk/train/cat-standing-footpath-2-_jpg.rf.903cd43c4e46eba967138fb3f6f89ffb.jpg,efb17487432d0707c11926fe036f84e9,scratch/scratch_38,30,0.5300,
tag,11.v282i.yolov8_train_scratch/train/14_mp4-0008_jpg.rf.63b4de860a71969f13a70f386ee247f3.jpg,feb3e302debeaf2ba60b87516f0e8735,shake/shake_71,63,0.5299,
tag,11.v282i.yolov8_all_walk/valid/side-view-cat-road_jpg.rf.018bdfcf936515fdd81a223e32770a3a.jpg,7620307758388e6312a52846aa08d193,stop/stop539,15,0.5297,
tag,11.v282i.yolov8_train_lick/train/lick16-4_png.rf.ab5ae57f81842e290629e94fcf74fe48.jpg,98db468c6b83725592da2e7c8d43bcb8,walk/walk25,84,0.5296,
tag,11.v282i.yolov8_all_walk/train/cat-standing-footpath-by-street_jpg.rf.ddefcab45e1c75406e530b54098d1ceb.jpg,a2918574078994d161a3c08e5ec70f8b,walk/walk27,18,0.5295,
tag,11.v282i.yolov8_train_lick/train/7_mp4-0018_jpg.rf.fee1352a9225286a696cd6c0c2763e8d.jpg,e5b382dec7512388872000ab61371634,shake/shake_2,54,0.5295,
tag,11.v282i.yolov8_all_walk/valid/high-angle-view-black-cat_jpg.rf.564798df82d563bfecada4d90c0bce79.jpg,39f1bd5dc79c97267f66a46c58c67693,lick/lick_13,75,0.5293,
tag,11.v282i.yolov8_all_walk/train/full-length-cat-standing-field_jpg.rf.edc00e2c5ab2907b38e47c1fd30510ee.jpg,146e2be044b49ba94fa90243f7448f9c,lick/lick_7_hq,261,0.5292,
tag,11.v282i.yolov8_all_walk/train/cute-bengal-cat-yellow-background-studio-shot-1-_jpg.rf.47678010c7cb72e35fe8db8106673025.jpg,ab120d84f64b15a9ee76f0eca22e5547,scratch/scratch_30,63,0.5291,
tag,11.v282i.yolov8_all_walk/train/0_Cat_Ginger_1920x1080-1-_mp4-0004_jpg.rf.26eafcf6a7465db23ab95e2a3bb26001.jpg,e1158142d8e32c6fe3e035d128b22bb6,stop/stop_140,15,0.5290,
tag,11.v282i.yolov8_all_walk/train/portrait-cat-standing-outdoors_jpg.rf.db5bdbcd4bca609f823d3227fe2380a4.jpg,8bf0ec554707e378566cc1741da31f02,lick/lick_11,180,0.5289,
tag,11.v282i.yolov8_train_lick/train/3_mp4-0001_jpg.rf.688321968754ab5dc212befd34c43615.jpg,7591edc7078f52e954cdb238648743e6,stop/stop_105,48,0.5289,
tag,11.v282i.yolov8_all_walk/train/artem-astashov-zdGipsMUeWw-unsplash_jpg.rf.26261635187f8ba0fe2f4be1507be258.jpg,9d06fd9e6b3cd4562655dc65b3a49877,stop/stop_103,0,0.5288,
tag,11.v282i.yolov8_train_lick/train/5_mp4-0008_jpg.rf.7d4d61dbb2997144bf808b11b00760d4.jpg,6b6982bc8a78de96c57a48c1a0d0e993,stop/stop_157,15,0.5288,
tag,11.v282i.yolov8_train_scratch/valid/10-1-_mp4-0004_jpg.rf.4d945def69191b793991be3e19373a69.jpg,79c14c94a79652fc658a858ac005dd85,shake/shake_56,183,0.5288,
tag,11.v282i.yolov8_all_walk/train/red-cat-is-walking-windowsill-looking-out-window_jpg.rf.7c0f20f52d512c17746153a76478969f.jpg,5e6329f0351cf6df0a3ea983c36c7ec2,lick/lick_5_hq,81,0.5287,
tag,11.v282i.yolov8_all_walk/train/side-view-cat-road-1-_jpg.rf.40f449d5ced0057fe82cd5c3d887fb9d.jpg,790c65e165c2041789b3064d6dbef9f5,stop/stop539,0,0.5286,
tag,11.v282i.yolov8_all_walk/train/cat-walking-grass_jpg.rf.e7b7713d892751d42cc2a15185a7632e.jpg,9825829e5c4f54ebf7a67972ffcb2ca2,lick/lick_51,69,0.5283,
tag,11.v282i.yolov8_all_walk/valid/portrait-cat-1-_jpg.rf.a77845f02425e7f604997a66a615cfa2.jpg,9d963c702e88eec6980871d243917ff9,lick/lick_125,234,0.5283,
tag,11.v282i.yolov8_train_lick/train/5_mp4-0015_jpg.rf.56852ed46086ca81dfe679151e6a457c.jpg,9aa16de6d9510131702c0e66ee309ea3,stop/stop_157,6,0.5282,
tag,11.v282i.yolov8_all_walk/train/dog-standing-footpath_jpg.rf.148555f59b6a966a0e2e2621fcc0fed2.jpg,d30aade25654d8eaf0b2613be1de0eed,scratch/scratch_50,63,0.5281,
tag,11.v282i.yolov8_train_lick/train/75-1-_mp4-0018_jpg.rf.8e73e3ea4325ff1436b350a684fa3a5f.jpg,3beea44c0d0160c7d3dbe6975d88bc4e,lick/lick_3_hq,645,0.5281,
tag,11.v282i.yolov8_all_walk/train/wild-kitten-outdoor-dirty-street-cat-walk-streets-lonely-homeless-cat-street-cat-sunny-day-homeless-cat-city-street_jpg.rf.17873c41fadbf839b6031f8d44170a51.jpg,c5eaf5b2578c536960f1fa240198f15b,lick/lick_123,366,0.5280,
tag,11.v282i.yolov8_all_walk/valid/european-wildcat-felis-silvestris-silvestris-cadiz-spain_jpg.rf.b3f6759f00b2000492949eee6ffe1299.jpg,47b53c331551097dae5cb99e088d2cfa,shake/shake_71,132,0.5274,
tag,11.v282i.yolov8_train_lick/train/3_mp4-0011_jpg.rf.c5decec708d433e9c08c9f7848529c30.jpg,5d71c40c19a3fa521784d8ecd971abb7,scratch/scratch_65,138,0.5274,
tag,11.v282i.yolov8_all_walk/train/istockphoto-1023732798-612x612_jpg.rf.7e9d433c8474f7153e53d3e5e5a7fd54.jpg,e8ea7cfffd9c494b3e8f0ce603969c90,scratch/scratch_50,63,0.5271,
tag,11.v282i.yolov8_all_walk/train/cat-walking-footpath-8-_jpg.rf.5032b800c3658eabcc6b3fd09761dac4.jpg,8b5fcec0910499cc3233872c889d58fd,lick/lick_102,189,0.5270,
tag,11.v282i.yolov8_all_walk/train/pexels-didsss-2333794_jpg.rf.f8b4f171becf1c00cf41adffe641ec74.jpg,2796a1ab145877c9d342d3f4c3236134,shake/shake_56,195,0.5268,
tag,11.v282i.yolov8_all_walk/train/andreas-brun-vvxIgUIPj_g-unsplash_jpg.rf.974c1067e5e116aa23f9031abfea7b69.jpg,9f5d8230f46fae6fec881254f1bf51fd,scratch/scratch_11,186,0.5267,
tag,11.v282i.yolov8_all_walk/train/portrait-cat-sitting-floor_jpg.rf.96d835bcf238754c283641b49ed99d59.jpg,94273044eebd675e0ba667967a8204e6,walk/walk29,12,0.5267,
tag,11.v282i.yolov8_train_lick/train/7_mp4-0011_jpg.rf.550474abea1d8e748a6b9576cdca4181.jpg,bd3e8d3b977b1d496c109e077ca8e3e2,shake/shake_2,54,0.5265,
tag,11.v282i.yolov8_all_walk/train/profile-buff-tabby-playful-kitten_jpg.rf.8c47ad2277dcefd6dad14f3d683fbb45.jpg,ad58663671e3365a315f081a875e9b02,scratch/scratch_50,63,0.5263,
tag,11.v282i.yolov8_all_walk/valid/small-kitten-is-looking-mirror-door-is-open_jpg.rf.2945306f5cbf285eb1b7482afa0fcc8d.jpg,39fe445c9d5ad2534d1817e605a66498,lick/lick_51,192,0.5263,
tag,11.v282i.yolov8_all_walk/train/cat-sitting-floor_jpg.rf.a64d8fc698f5668cf5f3a52166db1b7a.jpg,84953b2cfe89811ab4e5fbe68110c664,shake/shake_8,12,0.5261,
tag,11.v282i.yolov8_all_walk/train/domestic-cat-3635204_jpg.rf.be92cac66e683ca76c73a1eb87e82f26.jpg,757b2b63ad0f547b621a4490c3c55e89,scratch/scratch_13,72,0.5260,
tag,11.v282i.yolov8_all_walk/train/bengal-cat-studio_jpg.rf.13e10414f6c61fc9e8f2dc6065bf8e84.jpg,ef1c6b6b8a8d704b0557d1689b09e26e,stop/stop_157,6,0.5259,
tag,11.v282i.yolov8_all_walk/train/cat-walking-street-2-_jpg.rf.275f54ea4d0ea9eb188363a24831f512.jpg,586658f2bc236dea1eaae5138f4b0498,walk/walk26,117,0.5258,
tag,11.v282i.yolov8_all_walk/train/portrait-cat-road_jpg.rf.d0898f93c6f09c361be88620e3a86095.jpg,e4107f7c9fae767c7cd300ca0d65af11,shake/shake_15,0,0.5258,
tag,11.v282i.yolov8_all_walk/train/oriental-shorthair-kitten-9-weeks-old-running-meowing_jpg.rf.1ab1a2a6dd97efd7aaf2f22948fed382.jpg,cdc2e7297e35838927386dc1822f0820,lick/lick_68,216,0.5257,
tag,11.v282i.yolov8_all_walk/train/0_Cat_Ginger_1920x1080-1-_mp4-0000_jpg.rf.5eb32c3b66244cd2d1261da3376682af.jpg,ea3ee3cfbc2337a7dd4d0b88b25242a6,stop/stop_140,24,0.5254,
tag,11.v282i.yolov8_all_walk/train/cat-walking-outdoors-4-_jpg.rf.26436a1a75d7dba2d96c4a559ae5c940.jpg,9080ab14b56e59c4c534dfaf07200de4,lick/lick_5_hq,378,0.5254,
tag,11.v282i.yolov8_train_lick/train/3_mp4-0009_jpg.rf.23c323f87fa4829f4c7d9f9333e690b3.jpg,c30e793204001a691aefe9ced8442737,stop/stop_105,45,0.5250,
tag,11.v282i.yolov8_all_walk/train/outdoor-cat-walking-street_jpg.rf.dd717bc3e586537d2a395c809b850ae5.jpg,9e39701dd7729e17a2ffd9bcacd5c7a6,shake/shake_65,39,0.5249,
tag,11.v282i.yolov8_all_walk/train/istockphoto-645923644-612x612_jpg.rf.5c4511240a6ab0522e766c753295423e.jpg,50afa975e320f2af8a1928c13324695f,scratch/scratch_65,201,0.5248,
tag,11.v282i.yolov8_all_walk/train/cat-is-walking-down-street-front-building_jpg.rf.78d5be086ea5875fa28c4617edaf0a87.jpg,a193849cc4e4a6a6d62a105a625424af,shake/shake_56,183,0.5247,
tag,11.v282i.yolov8_all_walk/train/portrait-beautiful-striped-cat-with-green-eyes-attentive-look-green-grass-nature_jpg.rf.b90c47c894586f5bef87ccb373d60eb9.jpg,21a6dc15ee6ea1a7e1ac621fc49924cb,lick/lick_6_hq,426,0.5246,
tag,11.v282i.yolov8_all_walk/valid/cute-funny-cat-isolated-white-background_jpg.rf.0d2bbd9dd9a5470c42a58b3ee81995d7.jpg,402cfaf41402cccd1a5ebaa42f6910bb,stop/stop521,117,0.5246,
tag,11.v282i.yolov8_all_walk/train/animal-forest_jpg.rf.eacdcc5fa94cd3d5c2caae8626424e4f.jpg,9315079909e682cedd555fbaf5558d77,scratch/scratch_65,99,0.5244,
tag,11.v282i.yolov8_all_walk/train/istockphoto-122960935-612x612_jpg.rf.c45137aff5bf210bb3a76ff9f5d239ef.jpg,604f764ea9bf945d12266c65b4b204fe,lick/lick_68,177,0.5240,
tag,11.v282i.yolov8_all_walk/valid/pexels-izafi-32503852_jpg.rf.bb20d008735878c72b37af4e9fcd5d9d.jpg,ac93491c70829a3fb5fa0ced30961b6f,stop/stop_52,42,0.5240,
tag,11.v282i.yolov8_all_walk/train/cat-posing-studio-captures-magic-each-moment-with-every-glance-movement_jpg.rf.685dd1054e3333eee370a9ab1879efa8.jpg,1f47c94cab362d88b659d1791fe72fb4,scratch/scratch_14,84,0.5238,
tag,11.v282i.yolov8_all_walk/valid/white-cat-garden-pet-international-cat-day-concept_jpg.rf.8111313f1601f48afee934dfa9cbec0b.jpg,03df83fb7885dded797bba4a9e43fc87,walk/walk19,48,0.5237,
tag,11.v282i.yolov8_all_walk/train/sweet-cat-green-grass-british-cat_jpg.rf.3374f1bb85de296105c63d547eace368.jpg,9e61fe76754cc70273bf2273ac9311dc,walk/walk18,36,0.5234,
tag,11.v282i.yolov8_all_walk/valid/siberian-cat-walking-forest-summer-cat-is-standing-log_jpg.rf.cb43e6bb961ce32db54f1ec775b44115.jpg,a6506ee8875be1e1e6a2a4178ffb9099,scratch/scratch_36,63,0.5230,
tag,11.v282i.yolov8_train_lick/train/1-1-_mp4-0013_jpg.rf.418bcf0d5bc916cf7110e6f0523efca0.jpg,e4f2453933bfc31ee39b19ce85159637,shake/shake_69,234,0.5230,
tag,11.v282i.yolov8_train_lick/train/8_mp4-0013_jpg.rf.14f23fd8544e99c7b3f95cfedd0e2eff.jpg,69590e80eb39344a1679190794c1a1ab,stop/stop_94,54,0.5229,
tag,11.v282i.yolov8_all_walk/train/black-white-cat-staring-camera-way-bush-sunny-day-feral-cat-natural-predator-birds-rodents_jpg.rf.9cf987d439b857c4068fa3b360c92db3.jpg,bf3c2e370b85668519ffa2ed2893916c,lick/lick_44,69,0.5226,
tag,11.v282i.yolov8_all_walk/train/domestic-cat-door-old-house_jpg.rf.260ecf37cf2ce177c556556bbf1086e1.jpg,213df601aaab6c818abff9bca41f1cad,stop/stop508,27,0.5224,
tag,11.v282i.yolov8_all_walk/train/cat-holding-horse_jpg.rf.1b6545ba71fc7a4c4a9eed81e12edc3b.jpg,4930ac96d6cf58152c24460acb068b6e,scratch/scratch_30,30,0.5223,
tag,11.v282i.yolov8_all_walk/valid/close-up-cat-3-_jpg.rf.c4aa393d9140857318c76be33e2bc13f.jpg,f478ddeb869a4efcab8890c25ecb4110,lick/lick_6_hq,66,0.5223,
tag,11.v282i.yolov8_train_lick/train/9_mp4-0016_jpg.rf.77be696161b9d9cf31e05e15c5bf380f.jpg,0a3ce8eaad36af83b2a77ed7244e3ff7,walk/walk25,132,0.5223,
tag,11.v282i.yolov8_train_lick/train/3_mp4-0009_jpg.rf.60e9a7137b1107049bc2cc5fef2b3d5c.jpg,af51fd07ee63fe06faf74576f5f05aad,scratch/scratch_36,54,0.5219,
tag,11.v282i.yolov8_train_lick/train/1-1-_mp4-0016_jpg.rf.28ae5308eada0d03b4370e6626899025.jpg,84e7ea26e592f657f90f17bf00b9946a,shake/shake_69,234,0.5218,
tag,11.v282i.yolov8_all_walk/valid/big-cat-with-white-black-orange-fur-walks-around-garden-cat-hunt_jpg.rf.7bb5e53b5adb7d4c27f5fa3243ed1ea0.jpg,44b198402119015e8e23106dc9c19b1f,lick/lick_3_hq,882,0.5215,
tag,11.v282i.yolov8_all_walk/valid/istockphoto-183418580-612x612_jpg.rf.04a4a0b04a62b901feab8767ef5ebf19.jpg,19f48ca8e2910ae89f357e97c5e1103a,lick/lick_6_hq,432,0.5215,
tag,11.v282i.yolov8_train_lick/train/1-1-_mp4-0001_jpg.rf.e14f285a7b6d08ee795cd285e013f174.jpg,55bd4168d77f7a0bcb2d70794451d23f,stop/stop_141,0,0.5215,
tag,11.v282i.yolov8_all_walk/train/bengal-cat-studio_jpg.rf.c0c40cb1d91c409f46b3a9884bda6d2d.jpg,23ca90942a310deb0aa842124312b544,shake/shake_47,21,0.5214,
tag,11.v282i.yolov8_train_lick/train/9_mp4-0017_jpg.rf.d0a138cf3185d9bc5ade95831a3b7968.jpg,f90d4a840c9d2ae2cb5f7196c40a1fb3,walk/walk25,138,0.5212,
tag,11.v282i.yolov8_stop/train/lick16-2_png.rf.630ddeaab31501ac1b6760ef90829097.jpg,614befe52c3ffb803b4e8a40a40ecac0,walk/walk25,81,0.5210,
tag,11.v282i.yolov8_train_lick/train/8_mp4-0011_jpg.rf.3ce0145228944a8600cac901a2ceb94e.jpg,92b331b186967c410196566842647495,stop/stop_104,27,0.5203,
tag,11.v282i.yolov8_all_walk/train/0_Cat_Ginger_1920x1080-1-_mp4-0002_jpg.rf.e040ba131addec68f5daeecad09062cd.jpg,a365c49fe8ddb6947aee16cb6da62121,stop/stop_140,0,0.5201,
tag,11.v282i.yolov8_all_walk/train/portrait-cat-sitting-against-sky_jpg.rf.61c7198f89beb5adac675ba6f860e4b6.jpg,20696eb627ee5d98f58dab57916606cc,walk/walk34,54,0.5201,
tag,11.v282i.yolov8_train_lick/train/3_mp4-0017_jpg.rf.95550c57866a358d40ec9bda9b677c3b.jpg,bff954c1383023e131c42f7cb8e25847,scratch/scratch_65,201,0.5201,
tag,11.v282i.yolov8_all_walk/train/portrait-cat-standing-street_jpg.rf.3cda565670c79533a36704b2923d1d0e.jpg,fbd0a26e656d0b1345faa6f45385f988,walk/walk25,180,0.5200,
tag,11.v282i.yolov8_all_walk/valid/full-length-cat-walking-street-1-_jpg.rf.6faf46b402faadcacd685b3234be6896.jpg,c0f4b46b6c18019b6a4dd0a85f289d7f,scratch/scratch_11,78,0.5200,
tag,11.v282i.yolov8_all_walk/train/orange-white-cat-walking-through-grass-sunlight_jpg.rf.97aea5c56ba09befa53c6170b1c2b8c6.jpg,dbb8d035e4e4cda2f003c12289f45cb6,walk/walk3,261,0.5195,
tag,11.v282i.yolov8_train_lick/train/3_mp4-0018_jpg.rf.d310a884d6fd2733dfc70bce1d8cc741.jpg,fd40a6785102eac5dabb0db33c3fcdb5,stop/stop_105,36,0.5195,
tag,11.v282i.yolov8_train_scratch/train/24-5-_mp4-0005_jpg.rf.b54d1ce528fcddd98b0a24d93d4bd60c.jpg,0b4b8d9b0fc88a322193519ab14907f7,scratch/scratch_50,60,0.5195,
tag,11.v282i.yolov8_train_lick/train/The_video_duration_must_be_exa-12-_mp4-0015_jpg.rf.03783b53226c55e50ef70700ee484659.jpg,fb8faa4e5b514a42e712876b30a65eb5,stop/stop_150,18,0.5186,
tag,11.v282i.yolov8_all_walk/valid/side-view-portrait-cat-seen-through-fence-1-_jpg.rf.80f8f996934eabb27008f8d77960b47e.jpg,ace16631db5a3213d1bc199ac9f677b5,stop/stop_104,6,0.5185,
tag,11.v282i.yolov8_all_walk/train/cat-looking-away-white-background_jpg.rf.069bfa837f1649f32c3162ed4008de75.jpg,d882a14d0be5590e65cbb3aeb28fed4b,stop/stop_90,54,0.5181,
tag,11.v282i.yolov8_train_lick/train/1-1-_mp4-0005_jpg.rf.271cef7539829036cd41a735711b66db.jpg,b61dcabd43f4cce0a1aa85284da11f2c,stop/stop_141,30,0.5180,
tag,11.v282i.yolov8_train_lick/train/3_mp4-0018_jpg.rf.88dfdd214630b3707734a7c8cb09b6cb.jpg,212b8331cc316200d0a65676ffba0d80,stop/stop_123,0,0.5179,
tag,11.v282i.yolov8_all_walk/valid/cat-looking-away-footpath_jpg.rf.80fa05126627bc8a6b678bfb6f821de6.jpg,767bd0ae8cd7df1b8a67464278ba9168,shake/shake_75,0,0.5178,
tag,11.v282i.yolov8_all_walk/train/istockphoto-1018076384-612x612_jpg.rf.6278ee04d961369a9802272ce2d36228.jpg,f749f128bde463536dc649bcbaafe60e,walk/walk29,84,0.5177,
tag,11.v282i.yolov8_train_lick/train/8_mp4-0008_jpg.rf.203395882ccb22bb4d002347b94950c3.jpg,1fd3a873b78cfffa38b48d36b553c5c6,stop/stop_104,27,0.5176,
tag,11.v282i.yolov8_all_walk/train/siamese-cat-portrait-isolated_jpg.rf.9a7fb482d217c10fccd9388d91e51695.jpg,4d68b5c3ec306417b1e25e2f8a90ed48,stop/stop_52,48,0.5175,
tag,11.v282i.yolov8_train_scratch/train/The_video_duration_must_be_exa-9-_mp4-0003_jpg.rf.7541706b50e7f5a21eb36bc0a7a57e8c.jpg,a2c9b82aac5d997b41b05b1b0627e98d,scratch/scratch_65,39,0.5175,
tag,11.v282i.yolov8_all_walk/train/close-up-portrait-cat-1-_jpg.rf.f8a120757d621c7ee4115e64aeda29a3.jpg,ed18c68544958d66dc9ab75ea83e30c4,shake/shake_72,51,0.5173,
tag,11.v282i.yolov8_train_lick/train/8_mp4-0010_jpg.rf.4c43191c378e28f6dd7efbf6c002676a.jpg,53637d91e89f61d045b3fe20886694dd,lick/lick_7_hq,279,0.5173,
tag,11.v282i.yolov8_all_walk/train/andy-luo-o8hvwJg_edg-unsplash_jpg.rf.60478fa65601c9e73a523dc8bb91b4af.jpg,fba51f35301a2fdd31800b46826ff16e,walk/walk25,615,0.5170,
tag,11.v282i.yolov8_all_walk/train/studio-photography-american-shorthair-cat-colored-backgrounds-3-_jpg.rf.af482332b384a90c0cd471b3cd9eee7c.jpg,94721881fb3b5eebc43319a2cfcd6182,shake/shake_9,36,0.5169,
tag,11.v282i.yolov8_all_walk/train/orange-cat-is-wearing-red-standing-table-front-open-window-with-white-slats-glass-panes_jpg.rf.bc067c9f58f9057c22e5d6908ae1c49c.jpg,cdc00a60467a743acb8808cfc84de13e,shake/shake_71,51,0.5168,
tag,11.v282i.yolov8_train_lick/train/5_mp4-0007_jpg.rf.545a28886abecdaa3f31e4195213c666.jpg,05a1f9ebe50f1ee34a0524cd9b445aa5,stop/stop_157,15,0.5168,
tag,11.v282i.yolov8_all_walk/train/himanshu-choudhary-WDkbPC88L6Y-unsplash_jpg.rf.e13a5468019ec37e0af80c8c915c0cf5.jpg,7e80c9f8eee7049bbe42cb7c9281bced,walk/walk26,345,0.5161,
tag,11.v282i.yolov8_train_lick/train/6_mp4-0008_jpg.rf.dceab4e31d582fc0b35fc432c414a330.jpg,094b578fe66f97ef041ab8d7f299b3f0,scratch/scratch_36,33,0.5161,
tag,11.v282i.yolov8_stop/train/lick11-1_png.rf.91862bf989ebaa0727399b80abd94b98.jpg,ae932a70de6ee30147998065926b5509,stop/stop_157,6,0.5158,
tag,11.v282i.yolov8_all_walk/train/studio-photography-american-shorthair-cat-colored-backgrounds-4-_jpg.rf.8842f163518d481eaecb181df1fff4d8.jpg,5808f619cdbfe419d9c8c24803e62d22,shake/shake_47,48,0.5155,
tag,11.v282i.yolov8_all_walk/train/cute-ginger-abyssinian-cat-go-eating-meal-from-pink-bowl-with-food-wooden-kitchen-table-2-_jpg.rf.1c017df6dc61a42b2008d1757b7cde7c.jpg,68a400f528d90481d260c73e36b9570c,scratch/scratch_11,57,0.5154,
tag,11.v282i.yolov8_all_walk/train/portrait-cat-street_jpg.rf.94ca3ec6db5618295d7362c24a7689bc.jpg,71486ae00a15270830c846bd51e599da,stop/stop521,9,0.5154,
tag,11.v282i.yolov8_all_walk/train/orange-tabby-cat_jpg.rf.c764d3a5992a2b8b98aaeaa9c2005113.jpg,56a66a8c62dacd937abc1532992d2871,shake/shake_16,3,0.5153,
tag,11.v282i.yolov8_all_walk/train/portrait-white-cat-sitting-outdoors_jpg.rf.589ab592ee6abcf88737b8f76fec7944.jpg,04d35f6f0d17b0d1dca9cc543188594f,lick/lick_60,147,0.5152,
tag,11.v282i.yolov8_all_walk/valid/black-white-cat_jpg.rf.3b5a9d93b37281557c2c4ad11a4298ee.jpg,6e3b3680c79af0b2994dda3d75d77188,walk/walk25,138,0.5152,
tag,11.v282i.yolov8_all_walk/train/portrait-cat-8-_jpg.rf.cd7f611c2ddc0dafe13e0aedbafb3395.jpg,9228cd1ac2a0b93317e1974cbecfc88b,stop/stop_144,63,0.5150,
tag,11.v282i.yolov8_train_lick/train/8_mp4-0000_jpg.rf.205ba4dc55a1ee66e515532e3d808050.jpg,8433bf4e1c1bfd82a9eb3fa7b7eb64bc,stop/stop_104,27,0.5145,
tag,11.v282i.yolov8_stop/train/lick12-1_png.rf.4dac9ab920ac993f792e60aae58ae8fb.jpg,9986e6a43f06fbacffab84105c8ce0bb,stop/stop_104,27,0.5144,
tag,11.v282i.yolov8_all_walk/train/20250923_040910866_iOS_jpg.rf.48974481ddcbef23a11a27e46fae2228.jpg,4e4ecb6ffdea69e7bab113f17136075b,stop/stop_55,3,0.5142,
tag,11.v282i.yolov8_all_walk/train/marita-mones-yeGRb5sWNAA-unsplash_jpg.rf.db40af6597a6e108f2575491fa2a69d1.jpg,a9a52df0cb679916b2ca8b2514cf03cc,walk/walk34,54,0.5142,
tag,11.v282i.yolov8_all_walk/train/local-stray-cat-with-stripes-resting-turkish-street-daylight-looking-confidently_jpg.rf.4e7d74c197cbb318d184803a4a2fd8d9.jpg,f4383fed341713b7350607a67d06267d,shake/shake_40,117,0.5135,
tag,11.v282i.yolov8_all_walk/train/portrait-cat-standing-by-plants_jpg.rf.db709757358038bece2fb1a68dc59af0.jpg,b5629fe273e97f53642f84df501cf3eb,scratch/scratch_13,84,0.5132,
tag,11.v282i.yolov8_train_scratch/train/The_video_duration_must_be_exa-17-_mp4-0006_jpg.rf.0246a7e4d002e2c16e12fa4e3f268f8c.jpg,4d0de854334cf8eeb219fe3a82aadbc2,scratch/scratch_36,39,0.5130,
tag,11.v282i.yolov8_all_walk/train/side-view-rabbit-field_jpg.rf.27cd7c903d2237b2d59a5271d694aea3.jpg,9598844d5f002b2d864a119194affb83,stop/stop_141,21,0.5129,
tag,11.v282i.yolov8_all_walk/train/homeless-beautiful-young-cat-sits-near-grunge-wall_jpg.rf.51d3eed954da27d3a443572c31ea9431.jpg,1ad8a5dd3fb02a1379dc6ff7110deaf7,scratch/scratch_36,48,0.5128,
tag,11.v282i.yolov8_all_walk/train/striped-cat-garden_jpg.rf.c2ba9a15c15666dc8e9c353b0bf6abb8.jpg,c66c56ea95a84db25206c0e81132ba2c,lick/lick_44,93,0.5127,
tag,11.v282i.yolov8_train_lick/train/1-1-_mp4-0008_jpg.rf.83df536a1d4fd64aca07efc93681e1b9.jpg,a748e0a4dd4dda2910165c30b05c4af1,stop/stop_141,30,0.5126,
tag,11.v282i.yolov8_train_scratch/train/The_video_duration_must_be_exa-17-_mp4-0000_jpg.rf.bbede30d86975e1dae928b55553971a6.jpg,759b865cde0189c15917959d1077b287,shake/shake_72,75,0.5126,
tag,11.v282i.yolov8_all_walk/train/52362486061_80e998e46f_b_jpg.rf.c44fa3b3dd347d59e981e237f4d5d3e9.jpg,7d5eca90381f861e096e1f4656152143,stop/stop528,33,0.5124,
tag,11.v282i.yolov8_all_walk/train/cat-494704_640_jpg.rf.7e2bb381640251e3a6994ba007abc845.jpg,707e1e4c6cc4f574fd90a64206f016f5,scratch/scratch_65,195,0.5121,
tag,11.v282i.yolov8_all_walk/train/side-view-cat-by-door_jpg.rf.b7f1f62aa6b1a7fb5def6619862e6354.jpg,90e47e04d9464b31eda8d05942b1b300,walk/walk9,48,0.5120,
tag,11.v282i.yolov8_all_walk/train/calico-cat-gracefully-walks-across-tiled-floor-with-poise_jpg.rf.75aacdac1725183325515bc78246c408.jpg,55c00094cc142d5c90861f9aa53ae1fc,lick/lick_6_hq,420,0.5118,
tag,11.v282i.yolov8_all_walk/valid/gray-striped-cat-photo-animal-street_jpg.rf.b3c9f28d419f602b07b3a11cea873ed1.jpg,6896d930c0a6449b1e888096948c2eda,shake/shake_47,48,0.5118,
tag,11.v282i.yolov8_all_walk/train/cat_53_jpg.rf.961ed7ed9dbd25513c0adf598a746dc3.jpg,284ec39570d1cdca024acc13e0e2cfb6,shake/shake_72,51,0.5115,
tag,11.v282i.yolov8_all_walk/valid/raccoon-dj-mixing-tracks-neon-lit-studio_jpg.rf.53b3292de7b5c9120daa5b866f756c4c.jpg,8d5fd7d4a3d5a0341d725a26f5027064,lick/lick_11,54,0.5115,
tag,11.v282i.yolov8_all_walk/train/side-view-cat-walking-road_jpg.rf.edecbebbfa2021738a5df73bb58e6152.jpg,44e731384808df5cb478f8b057809765,stop/stop539,69,0.5113,
tag,11.v282i.yolov8_all_walk/train/istockphoto-1247388574-612x612_jpg.rf.af1684a2bf9d174f4d64d3f8863853ba.jpg,81bccaa1eeef4d791e009b936b0ee485,walk/walk7,12,0.5106,
tag,11.v282i.yolov8_all_walk/train/side-view-cat-walking-field-1-_jpg.rf.420badef4a77584bc65edfce354052d6.jpg,ff991988f1de9caf8e5402c31c39a9b6,lick/lick_1,198,0.5103,
tag,11.v282i.yolov8_train_lick/train/3_mp4-0014_jpg.rf.5ea02955e39b6ad74d4d34bff8cd2032.jpg,50cd8f46a720d7c94b2df0a289913e76,scratch/scratch_50,63,0.5098,
tag,11.v282i.yolov8_all_walk/train/cute-ginger-cat-living-room-cat-allergy-concept_jpg.rf.1a23953027edc12a4427fb8b9a5a5a03.jpg,ed1d13e7195530e5b3ab9d02953038f2,stop/stop_80,45,0.5096,
tag,11.v282i.yolov8_train_lick/train/3_mp4-0007_jpg.rf.f95658c05c26b2f18ed67e8758bcf034.jpg,d064189acc024aeecce7a58bc5a7ad5d,stop/stop531,84,0.5093,
tag,11.v282i.yolov8_train_lick/train/8_mp4-0016_jpg.rf.5bcc14f411ab137cfdd6fa4f81a3629d.jpg,bb573be859e217dd0b176a88f68b5263,stop/stop_104,27,0.5091,
tag,11.v282i.yolov8_all_walk/train/black-domestic-shorthair-cat-walk-street-front-autumn-leaves_jpg.rf.73aeac51a8006d8bc06b207ebbeb6ed6.jpg,347b83542657a686874f724e6ae4b82a,stop/stop539,84,0.5089,
tag,11.v282i.yolov8_train_lick/train/3_mp4-0009_jpg.rf.2d18082ed8f7d6f3a3e0d08173344b03.jpg,92909e077fd65599a01b495ead5e93da,stop/stop_157,0,0.5089,
tag,11.v282i.yolov8_train_lick/train/3_mp4-0018_jpg.rf.b9ecf314590e66b00ee5cb9627023eef.jpg,9344f6866ddbe0cca136452d0ea1005d,scratch/scratch_50,63,0.5087,
tag,11.v282i.yolov8_all_walk/train/cat-6084672_640_jpg.rf.becbb9eb18f6d09d06a0d6410eeed7f8.jpg,8b467fc864e1803772136382e9857ad2,lick/lick_25,189,0.5085,
tag,11.v282i.yolov8_all_walk/valid/little-kitten-first-time-went-walk-with-his-mom-cat-he-stands-path_jpg.rf.77af2de015751f5c11d5e57d03664c4d.jpg,5889d7c4391a59584ca9c162771fae33,walk/walk18,0,0.5082,
tag,11.v282i.yolov8_all_walk/train/vladimir-vinogradov-Mj7Qn3NFTRY-unsplash-1-_jpg.rf.221c9b043b6f06e7d1d6b93771ff2559.jpg,1905b30bcf2e093996634af9783fb2fb,lick/lick_121,171,0.5077,
tag,11.v282i.yolov8_stop/train/75-16-_mp4-0000_jpg.rf.4cfbcc0b72f2338c66de9a3e6d1d93d7.jpg,6d8055e077d2f2ad5ffffe03e6fbd5d2,scratch/scratch_38,33,0.5077,
tag,11.v282i.yolov8_train_lick/train/3_mp4-0007_jpg.rf.ba81c5a5a24905c4bbfc4c096de159f6.jpg,727163edf1e74a90308e651f3f58df9e,shake/shake_31,99,0.5072,
tag,11.v282i.yolov8_all_walk/train/portrait-cat-relaxing-outdoors_jpg.rf.53d03e68353c852197f93ea2db58a3d7.jpg,1c2ba7e57cffc8a4e51a07d873fc931a,scratch/scratch_11,66,0.5064,
tag,11.v282i.yolov8_all_walk/valid/ahmed-ZleETu2S9Qo-unsplash_jpg.rf.95ee77571ed00dde14c555db026aad50.jpg,e7f282b666c76286056792c5a7c6331e,shake/shake_75,219,0.5061,
tag,11.v282i.yolov8_all_walk/train/portrait-white-cat-ground_jpg.rf.8196383744a9def1eab5cc78accebe42.jpg,da2a11a6a9d5eaccb1352d447212b32a,stop/stop_135,21,0.5057,
tag,11.v282i.yolov8_stop/train/3_mp4-0003_jpg.rf.12ed5bc4c96eb50721d1adf091fdaa38.jpg,4851ade023cba5edefe5cd9e2e6633e2,scratch/scratch_65,9,0.5057,
tag,11.v282i.yolov8_all_walk/train/full-length-cat-field-1-_jpg.rf.51a0a288010a1e7981397003a8f1a482.jpg,6a0790385c8292e8c523a698b8fe97e2,scratch/scratch_13,36,0.5055,
tag,11.v282i.yolov8_all_walk/train/high-angle-view-cat-street_jpg.rf.7056616d39075162447b52a5183e76c9.jpg,5ac8f8354d73c6ae18faf7ed818de944,stop/stop_149,9,0.5055,
tag,11.v282i.yolov8_train_lick/train/3_mp4-0021_jpg.rf.1f7fef80a95b8e4daee51d6af742919b.jpg,7a2f07aa217340f553069edfb1f92ef5,stop/stop_105,36,0.5053,
tag,11.v282i.yolov8_all_walk/train/full-length-cat-walking-street_jpg.rf.b30bfbacab227d53e59e126550bf1466.jpg,5bd94e912aa9023562d770a2fbf6e2ec,shake/shake_72,39,0.5052,
tag,11.v282i.yolov8_all_walk/train/portrait-cat-9-_jpg.rf.04707fae2dfedb955b56a1aac9624680.jpg,88e9acba62af426c348b83d1c8e9c75d,lick/lick_14_hq,108,0.5050,
tag,11.v282i.yolov8_stop/train/5_mp4-0000_jpg.rf.78b0c0f90608aad56998f682a87733a4.jpg,7fa0e906f3499d3e46d73d53dd2a36c5,lick/lick_71,63,0.5048,
tag,11.v282i.yolov8_all_walk/train/shawn-rain-ibCjCoEbgLc-unsplash_jpg.rf.03f2c73a8d957825aa9be559f72dcb42.jpg,0c9a8ea71ad718e82cc93655c4dde66a,lick/lick_68,51,0.5047,
tag,11.v282i.yolov8_train_lick/train/8_mp4-0007_jpg.rf.5695774880acbcbbcb731996678da482.jpg,002b9f3a6a94dfb8fb829b86792df066,stop/stop_80,33,0.5047,
tag,11.v282i.yolov8_all_walk/train/cat-2611279_640_jpg.rf.2386e4240b95eefde4195b7643226e67.jpg,7f4b253ea2a4f8689ac0f921755146af,stop/stop_80,33,0.5046,
tag,11.v282i.yolov8_all_walk/train/cat-5311229_640_jpg.rf.b7458793d8f94bda3b6254d50ef6cb1f.jpg,55107af902cb3d8214d7a1602afe37a3,shake/shake_69,9,0.5046,
tag,11.v282i.yolov8_all_walk/valid/portrait-cat-snow_jpg.rf.603de30087717481407365afd909fdce.jpg,57301ad6bf8c7b04d6a75787b58ad633,walk/walk26,27,0.5045,
tag,11.v282i.yolov8_train_lick/train/9_mp4-0013_jpg.rf.208dd7aed56800017bcfa948e01c04af.jpg,0bb852e7d63575edd46dec01904bc837,scratch/scratch_40,15,0.5045,
tag,11.v282i.yolov8_train_lick/train/10_mp4-0009_jpg.rf.8f2d23d4c958e76579560de7bc0cea1e.jpg,d94e1b78ecfc316f4434d8ec65813761,stop/stop_25,51,0.5042,
tag,11.v282i.yolov8_all_walk/valid/istockphoto-470155782-612x612_jpg.rf.305ee38f1f38179b5246ca74d9a6df2a.jpg,d1bd62f7d1f9725bff088f96c108fffa,stop/stop_80,54,0.5041,
tag,11.v282i.yolov8_all_walk/valid/angrygrandmama-RYEDN7w8k0g-unsplash_jpg.rf.f09d60335a27a504404a71021b67bf25.jpg,c5b37e641d80e7a5fc59972ce0fae80e,shake/shake_35,207,0.5040,
tag,11.v282i.yolov8_stop/train/3_mp4-0001_jpg.rf.e50c03dd6e93aa7a13d716136f3d478a.jpg,267bef5982bbee4ddd8135d02c90deeb,shake/shake_8,210,0.5039,
tag,11.v282i.yolov8_all_walk/train/portrait-cat-sitting-grass_jpg.rf.b3763218354495641d3355aa6364f0c4.jpg,15bb5e99416c02bc395f4953ffa96290,lick/lick_7_hq,84,0.5036,
tag,11.v282i.yolov8_all_walk/train/closeup-female-combing-fur-cat-with-brush-kitchen-cat-grooming-combing-wool_jpg.rf.7cbebac5642a4148f004c7d51bc26034.jpg,5f7ab24ab908da8fe025978e9c1057c0,shake/shake_16,3,0.5034,
tag,11.v282i.yolov8_all_walk/train/cat-standing-field-3-_jpg.rf.1ca081234d173c753e39d22594eafb33.jpg,d45446675a58b94e0990f7f51d2e5f97,stop/stop_116,18,0.5032,
tag,11.v282i.yolov8_all_walk/valid/sad-gray-tabby-cat-walks-along-blue-wall_jpg.rf.ec32364a53a2c58bef6cbfdc5d17db2e.jpg,2f550a5eff38a28fe00b33922e0f6a77,lick/lick_71,63,0.5031,
tag,11.v282i.yolov8_all_walk/train/portrait-black-cat-street_jpg.rf.e729e2cf23606cffb94f4001586a49db.jpg,893b14dcc9e3f9847f13b18a0c2c64e3,shake/shake_64,27,0.5030,
tag,11.v282i.yolov8_all_walk/valid/cute-purebred-ruddy-abyssinian-kitten-kitchen-living-room_jpg.rf.c620e6b7bbf10ba38b53a3809028d1af.jpg,5b277ac7c4fda9c834cb464446838c8c,stop/stop532,60,0.5027,
tag,11.v282i.yolov8_train_lick/train/9_mp4-0009_jpg.rf.9399bb5fff6f9bd7f404564f15f55a22.jpg,b4fb413de1ff05a3522f99bd9cc22129,scratch/scratch_40,231,0.5027,
tag,11.v282i.yolov8_all_walk/train/cat-walks-along-trail-against-backdrop-mountain-moses-egypt_jpg.rf.3cc5a94af55fb8a8e421e458910690e4.jpg,74e300384c33c73255d8dff38e1bdf95,stop/stop_104,21,0.5026,
tag,11.v282i.yolov8_all_walk/train/full-length-shot-siamese-cat_jpg.rf.a086bc6d852745680bb28a09d39640bf.jpg,a5e1738b26603a64dda6bd33fbdbef77,stop/stop_157,6,0.5025,
tag,11.v282i.yolov8_all_walk/train/close-up-cat-looking-away-1-_jpg.rf.3c5d20942c6aece7e1ce3c22a624eef3.jpg,d0898ce2a506bac17fc09d6363931b80,stop/stop521,153,0.5021,
tag,11.v282i.yolov8_all_walk/train/walk_real-14_png.rf.e1bb528fd4e1abfd4c4c59585c6f3f27.jpg,2c2fee1ec20381a80f3053a9c1b3025c,walk/walk27,132,0.5021,
tag,11.v282i.yolov8_train_lick/train/75-16-_mp4-0014_jpg.rf.aa494b34ebbc575226ef611c80f3ef36.jpg,b800e43d61e65f948ff1c12433dc3631,stop/stop539,18,0.5019,
tag,11.v282i.yolov8_stop/train/1-174-_mp4-0016_jpg.rf.0bbfdcc7d5f0c28cde55751aab31d47d.jpg,2c452462da84f51544c5dd3dca4368dc,stop/stop_127,27,0.5018,
tag,11.v282i.yolov8_all_walk/train/1592086435_26e18e6dc8_b_jpg.rf.2ae41043667fed79a9e292491eb2d953.jpg,0d0cfb2257e3899e514f20dc2cd432bf,stop/stop_51,18,0.5016,
tag,11.v282i.yolov8_train_lick/train/8_mp4-0009_jpg.rf.b0c3aafb1d3c2c619fb264758abac8b3.jpg,a8c1fb0747f02528055d9ccaf7ee1c3b,shake/shake_47,39,0.5015,
tag,11.v282i.yolov8_all_walk/train/-2025-11-29-215048_png.rf.a393959644ae644da2921b79d5365a3c.jpg,875acf618df3439d1fbe68eef2126f7b,stop/stop_80,30,0.5012,
tag,11.v282i.yolov8_stop/train/scratch_63_mp4-0000_jpg.rf.aa2cae0e2cc127e0bfecf24f53d73a30.jpg,28409724687b2bb6a209f2977a19b928,stop/stop_157,0,0.5012,
tag,11.v282i.yolov8_all_walk/train/domesticated-gray-cat-roaming-yard-beautiful-day_jpg.rf.19d0f1cf37cb4abe7f2cdbce3fa5bc85.jpg,e140b3848449924a58598f8a4c5e4277,scratch/scratch_11,186,0.5010,
tag,11.v282i.yolov8_all_walk/train/junliang-deng-eTdXQIwU2a4-unsplash_jpg.rf.a6e68e7a9161b6ba72edd3748942e0b2.jpg,f916e957bf1c8b88aa0f34a3c2521285,stop/stop_68,0,0.5010,
tag,11.v282i.yolov8_all_walk/train/istockphoto-2187780164-612x612_jpg.rf.dc99365439f0540617c9cebb227cdd85.jpg,03bb89f6e28104143cdfb4ca15d04223,scratch/scratch_36,96,0.5008,
tag,11.v282i.yolov8_all_walk/train/cat-park-with-leaves-ground_jpg.rf.15f4d7c3f6177d9f67e593183b4d5301.jpg,20e20112351100d08ec2d0abf84ef5c9,walk/walk9,24,0.5001,
tag,11.v282i.yolov8_all_walk/valid/bengal-cat-standing-gray-background-purebred-cat-full-body-shot_jpg.rf.c8930b92c4b2e19250e772d3c8a68bd1.jpg,e2cbfa4967518b79af7f1574a0ca4eff,stop/stop_90,54,0.5000,
tag,11.v282i.yolov8_all_walk/train/myrin-van-putten-pF-CcO3vajA-unsplash_jpg.rf.15623e13f4b23cdc570b261b141d83f1.jpg,a7355a86f6a72867f330cf35ab51e648,stop/stop_38,0,0.4998,
tag,11.v282i.yolov8_train_lick/train/3_mp4-0008_jpg.rf.61c2f888bd85566e00c32e2d7fc08089.jpg,306e08a1bd13bf8cdbf8784674a36303,stop/stop_157,9,0.4998,
tag,11.v282i.yolov8_all_walk/train/bundo-kim-Y0cA1Ot0hKw-unsplash_jpg.rf.4dba9081b57e27d6c041178910e47351.jpg,d4a09677630290220b713de04e759bb4,stop/stop_103,3,0.4997,
tag,11.v282i.yolov8_all_walk/train/cat-looking-away-1-_jpg.rf.7ce6adbf3b2d6ea9bae599e4b89926e6.jpg,d39e55e961dc76daa38612a3c68711d1,shake/shake_74,84,0.4996,
tag,11.v282i.yolov8_train_lick/train/75-16-_mp4-0012_jpg.rf.bde9e70e06b74e8a77b7aa64657da443.jpg,d77c870ca84e6d5269356b8fbf8c72db,stop/stop539,18,0.4995,
tag,11.v282i.yolov8_all_walk/train/cat-wood_jpg.rf.ae3bac0a7b256e746c692348967b9029.jpg,f0b93cc0795b0631989a030bdcfaae52,shake/shake_4,3,0.4992,
tag,11.v282i.yolov8_all_walk/train/orange-cat-yard_jpg.rf.b9ae902fb7454eed1c4b68b16e36af0d.jpg,f8def37e3d2f77431fd896eb1246e49a,shake/shake_35,201,0.4992,
tag,11.v282i.yolov8_train_lick/train/75-16-_mp4-0011_jpg.rf.86461bb1b386f4a4d077e2710af5a533.jpg,b46629226e20eb9c0fef24187409f348,stop/stop539,18,0.4990,
tag,11.v282i.yolov8_all_walk/train/side-view-cat-walking-road_jpg.rf.79acac6463d95cb51053533df2ed167d.jpg,8f780c66083c2d5d6182c819f63f513f,stop/stop539,0,0.4988,
tag,11.v282i.yolov8_train_lick/train/75-1-_mp4-0026_jpg.rf.ba1cfb91f0525c831585ab70c32ad681.jpg,334e11e4fef0512d79e7317d2cddfad6,lick/lick_3_hq,645,0.4988,
tag,11.v282i.yolov8_train_lick/train/lick20-3_png.rf.b157d6bddf925117d84b9d3f275a9577.jpg,bef23a651d81cc4090e751ef1952e873,scratch/scratch_36,84,0.4988,
tag,11.v282i.yolov8_all_walk/train/carthusian-grey-cat-yellow-eyes-portrait_jpg.rf.6f6189b63711621d95ab65cff1157422.jpg,0a3d759dc4b4d1c29461f566e3571f78,scratch/scratch_50,0,0.4977,
tag,11.v282i.yolov8_all_walk/train/studio-photography-american-shorthair-cat-colored-backgrounds_jpg.rf.82ca6eabfe0556de848c190d57663fb3.jpg,d4898145f1c260788d87e6986aec1360,lick/lick_116,159,0.4976,
tag,11.v282i.yolov8_all_walk/train/cat-standing-street-1-_jpg.rf.2b66d9ce6374aa5faa4e184fd7744056.jpg,73d17611fc88454149838ec6faf6a363,shake/shake_71,9,0.4974,
tag,11.v282i.yolov8_all_walk/train/istockphoto-2242549594-612x612_jpg.rf.ce4371e9067eec3fb79a5ac684ff8895.jpg,1239c368f44494bd0e63391813d0a068,shake/shake_71,42,0.4974,
tag,11.v282i.yolov8_stop/train/3_mp4-0003_jpg.rf.499d8e46f2c081f0f0f002c03ec849dd.jpg,fe71ce9f41806b5a824398c7cf23419f,shake/shake_71,48,0.4973,
tag,11.v282i.yolov8_train_lick/train/75-16-_mp4-0017_jpg.rf.3392fa1bb335c9e1d5436e414526dcde.jpg,6c6907b4f74ae849a76d5425dcc83e70,stop/stop539,18,0.4971,
tag,11.v282i.yolov8_all_walk/train/funny-cat-playing-with-garland_jpg.rf.33b7748f49a21a9eacf189a696868e38.jpg,1bbbabeccee7d2c9952f42a324872377,lick/lick_102,57,0.4970,
tag,11.v282i.yolov8_all_walk/train/full-length-cat-walking_jpg.rf.080e9ed92ca3dcc523f1662882c47aaa.jpg,66f801800c22b5bed33d886272f415b9,lick/lick_6_hq,408,0.4967,
tag,11.v282i.yolov8_all_walk/train/cat-6299401_640_jpg.rf.324879724dfd463c8a07671cb03a4e51.jpg,708c1e9b76697e6044162f02661aa845,lick/lick_102,144,0.4966,
tag,11.v282i.yolov8_all_walk/train/adorable-tabby-stray-cat-eating-outdoors-feline-natural-setting-sunlit-path_jpg.rf.3f5ee4be4c44cdf7bd68857d2d7582d3.jpg,dafc2b694c8cde5874b790d4928c19e2,walk/walk14,0,0.4965,
tag,11.v282i.yolov8_all_walk/train/tricolored-kitten-standing-brown-wooden-bench_jpg.rf.99941f4b1e23ea911f773261452d5e5f.jpg,d225653a00b6fb0943ab64868736a0fe,stop/stop_131,15,0.4964,
tag,11.v282i.yolov8_train_lick/train/75-16-_mp4-0008_jpg.rf.e1aeb910e23c2ed649cf5c6dd6f13a5b.jpg,328652eb5dd16a3acb2f2ef1a6056481,scratch/scratch_24,15,0.4962,
tag,11.v282i.yolov8_all_walk/train/calico-cat-rubbing-its-scent-car_jpg.rf.209c6783db74c09e323b32f98c524abd.jpg,8b36dbfd6435f024250ec73b5902d69f,scratch/scratch_36,0,0.4961,
tag,11.v282i.yolov8_all_walk/train/side-view-cat-standing-road_jpg.rf.0d3eeb315eaf6aed26cd2605da5f0abe.jpg,a86a3781469d86a9f9f609e329524d6c,walk/walk9,9,0.4961,
tag,11.v282i.yolov8_all_walk/valid/cat-tiled-floor_jpg.rf.93c2e32c3245963af3d99ca87c3b0cc4.jpg,44bbc7ea2cf29c141a0415c6c99e9a84,lick/lick_27_hq,138,0.4950,
tag,11.v282i.yolov8_all_walk/train/portrait-cat-standing-outdoors-2-_jpg.rf.41cbf9cf18539e1af8cbb5841237449b.jpg,47e23bfb897ffc6cf39df639540f6efe,stop/stop504,30,0.4945,
tag,11.v282i.yolov8_all_walk/valid/stray-kitten-walking-roof-house_jpg.rf.1ca0a4b31733828b2b075589d2cbf8c6.jpg,13c44982efb0cb451ef9ec2b8f42da29,scratch/scratch_54,39,0.4943,
tag,11.v282i.yolov8_all_walk/train/kseniia-poroshkova-UQeAkPfrrnQ-unsplash_jpg.rf.a927e64a1421f59858afbbdfd2cbd864.jpg,cec8e274a5328d0e29567117c1528714,stop/stop543,39,0.4939,
tag,11.v282i.yolov8_all_walk/train/side-view-black-cat-against-wall_jpg.rf.632149e32b5f0227ca26a5605d63474d.jpg,03b2175b22a662f619941c8083a07003,shake/shake_91,54,0.4938,
tag,11.v282i.yolov8_train_scratch/train/24-5-_mp4-0009_jpg.rf.29ccf41409bb5974b0301ce75e2cd992.jpg,318bb8cff203fa38d0d72b1e7d9f0f15,scratch/scratch_50,63,0.4936,
tag,11.v282i.yolov8_all_walk/train/portrait-cat-walking-street_jpg.rf.6f0b9ca4049a7f42ae26f062a98350b4.jpg,e686519266e9b6535a3f2b2285b7eb89,shake/shake_64,234,0.4935,
tag,11.v282i.yolov8_all_walk/valid/cat-walking-sand-1-_jpg.rf.59dcc23d9c71f1a6f946531744c2e36f.jpg,1c5f5e70206a0a7d75b315db3ac14a8f,shake/shake_71,0,0.4934,
tag,11.v282i.yolov8_train_scratch/train/The_video_duration_must_be_exa-15-_mp4-0003_jpg.rf.7df5e00ce176dd4170271cd6822181c1.jpg,d5f96ca10caa0aa95d89dcdbdb1022d8,stop/stop540,18,0.4933,
tag,11.v282i.yolov8_train_lick/train/75-16-_mp4-0010_jpg.rf.b113b4dd00739912747ee46b6c655de4.jpg,ecfcd2829cb71bfb426c9b05c74d0933,stop/stop539,18,0.4931,
tag,11.v282i.yolov8_all_walk/train/cat-standing-by-wall_jpg.rf.9ddaee363975452aff56bcf2916d294c.jpg,60d157c7e36b3d8d5fa87c5f4d72ac19,scratch/scratch_65,30,0.4930,
tag,11.v282i.yolov8_all_walk/train/33569683_m_jpg.rf.a59a8549864bfab93fbd9ff38e5db7f4.jpg,b8713f4d79b745b6b7169717916b8191,shake/shake_16,237,0.4925,
tag,11.v282i.yolov8_all_walk/train/sardar-faizan-joOfUfJ7X4-unsplash_jpg.rf.efd4fdfed028bcba40f1810bfc27d36d.jpg,f0f12be54e0b1c25f1df667d6d248ca4,walk/walk25,0,0.4921,
tag,11.v282i.yolov8_all_walk/train/black-cat-grass_jpg.rf.bfd7f817086b28cd0a58f8463923d601.jpg,a965460b6ad6d112eea373524f978978,shake/shake_16,177,0.4920,
tag,11.v282i.yolov8_all_walk/valid/studio-photography-american-shorthair-cat-colored-backgrounds-1-_jpg.rf.de50e9ddaced0ac98b0283156da288ee.jpg,8319f4e161b804cf3e5126979d68b902,shake/shake_79,228,0.4920,
tag,11.v282i.yolov8_all_walk/valid/friendship-2252490_640_jpg.rf.b39fcf8b63c6b9ab50638fc442c9e21b.jpg,6e65ea79f4210429b16dfc2b9bcb9dea,stop/stop509,60,0.4917,
tag,11.v282i.yolov8_train_scratch/train/scratch_53_mp4-0008_jpg.rf.b89b5a085f636b7801d75d3826300a04.jpg,ec10556b4440ec35f6d64a8559abc2e1,stop/stop_109,21,0.4915,
tag,11.v282i.yolov8_all_walk/train/fr0ggy5-E4w0FbU_aEQ-unsplash_jpg.rf.d32d74ba42b0e91ce1723d3f7ef93121.jpg,c8bdfe662782e7fdc416d6b7e25d36f5,stop/stop539,69,0.4910,
tag,11.v282i.yolov8_all_walk/valid/small-cute-kitten-golden-chinchilla-british-isolated-white-background_jpg.rf.7a6c0cb22d1fcd8a0fa3d21ecd524fb5.jpg,d93ccb4ae6c3a1b5a27bdc2d2a90c130,shake/shake_8,237,0.4910,
tag,11.v282i.yolov8_train_scratch/train/The_video_duration_must_be_exa-15-_mp4-0004_jpg.rf.726aebdba136765cac80d68dd1155a90.jpg,9208e916fb8d0e1df5c454391e470014,stop/stop540,18,0.4906,
tag,11.v282i.yolov8_all_walk/train/studio-photography-american-shorthair-cat-colored-backgrounds-3-_jpg.rf.28a3cd92f2518dd52b6410f93bff294f.jpg,4a6c00bc91e05df9adfac5fced5bd3df,shake/shake_15,63,0.4903,
tag,11.v282i.yolov8_stop/train/scratch275724_mp4-0011_jpg.rf.83e5f471eb8087a9da5c2bb8cc22c591.jpg,56bb7c30567af6a60a631cfe8e165182,stop/stop526,69,0.4902,
tag,11.v282i.yolov8_train_lick/train/3_mp4-0011_jpg.rf.1c26b7eb5c9af45caf3fa661e758c7a3.jpg,08e06cb6f57fb3fc8bc35a7a9b605f31,stop/stop_157,0,0.4901,
tag,11.v282i.yolov8_train_lick/train/8_mp4-0007_jpg.rf.83a820d5fde5f2aacaf38daebee1ec6c.jpg,4cb0a00ff4a394c7fa22a0d01895d33f,stop/stop_104,27,0.4901,
tag,11.v282i.yolov8_all_walk/train/cat-sitting-wall_jpg.rf.cff5e9f37ae993791703a24d197f7154.jpg,8e54eff8b3b02954e1b5a26a1012d08b,stop/stop539,0,0.4894,
tag,11.v282i.yolov8_all_walk/train/cat-looking-through-window-home_jpg.rf.150d7e8ee4fe35a6f83ead44bb304674.jpg,693390f0236f2629d932aea91d1c13bf,lick/lick_5_hq,30,0.4891,
tag,11.v282i.yolov8_all_walk/train/homeless-ginger-cat-runs-along-sidewalk-life-pets-urban-environment_jpg.rf.4113fb9a243dae00d75bb1122453bd56.jpg,7c17688d594fad00b62d4ba4594b8dc6,stop/stop_131,0,0.4891,
tag,11.v282i.yolov8_all_walk/train/side-view-yorkshire-isolated-white-background_jpg.rf.203611cc12288d2857f87ccda1d9d998.jpg,949d0bedc89fc854e2b3a3b790a5e842,lick/lick_5_hq,339,0.4890,
tag,11.v282i.yolov8_all_walk/valid/side-view-dog_jpg.rf.d5a4b5afad904b09f25ee6f1e9dc7a5c.jpg,8111df4f2b1830adb939cc38581962c7,shake/shake_76,177,0.4885,
tag,11.v282i.yolov8_all_walk/train/high-angle-view-cat-beach-1-_jpg.rf.ffee3092d4c366de3cba5100160bc767.jpg,5242a0a88c3ddd27a7dcd7d2928e9c85,lick/lick_13,63,0.4884,
tag,11.v282i.yolov8_stop/train/3_mp4-0001_jpg.rf.ee1c4a7485375bc0e64764a3670b2deb.jpg,8cabbd627846d859ca3c7e1b2f9e1999,scratch/scratch_65,30,0.4884,
tag,11.v282i.yolov8_all_walk/valid/limassol-cyprus-november-29-2021-domestic-cat-living-streets-limassol-cyprus-island-1-_jpg.rf.6a3b1e625a10ae6be3e12183148ad3d6.jpg,a448c6797a60064af978995811da5b9f,scratch/scratch_65,51,0.4882,
tag,11.v282i.yolov8_all_walk/train/black-white-cat-walking-down-street_jpg.rf.d5a07ff61ac747a0f074e38ad4221057.jpg,d64728410c8ef5391173b81ec8368af6,stop/stop509,0,0.4879,
tag,11.v282i.yolov8_train_lick/train/1-174-_mp4-0012_jpg.rf.6087d2b55222ad78d90ede5e8c6aefcc.jpg,de2d5cdcb64eed8bcea837e2b396d80a,stop/stop_127,27,0.4877,
tag,11.v282i.yolov8_train_scratch/train/24-5-_mp4-0008_jpg.rf.9b57e9db183330be88a559d1ea352a6e.jpg,fe954a2ae920d0d6f50fe964a3a25bf9,scratch/scratch_50,63,0.4877,
tag,11.v282i.yolov8_all_walk/train/portrait-cat-7-_jpg.rf.5d83fa270a9b37027d116947d9f39e33.jpg,be328bde798391c9e394a57cfa940712,shake/shake_37,93,0.4871,
tag,11.v282i.yolov8_all_walk/train/portrait-cat-by-water_jpg.rf.b8169c6db61151f98cfe85839fc82ee2.jpg,6af31eb970fa63bc45094ea808aacd83,stop/stop540,21,0.4869,
tag,11.v282i.yolov8_train_lick/train/6_mp4-0013_jpg.rf.a8332232d4dc5d75c4a7139840898f4f.jpg,55cae8a3b29befbb563775d96fe55b27,scratch/scratch_36,84,0.4869,
tag,11.v282i.yolov8_all_walk/train/cute-black-cat-walking-outdoors-rural-lifestyle_jpg.rf.7d85cce5131430f84179fa74a7ff067a.jpg,b8fd50b8bc4ba144a1656864e75a5a2a,shake/shake_35,42,0.4867,
tag,11.v282i.yolov8_all_walk/train/close-up-cat-standing-outdoors_jpg.rf.e738474f19dec25c8e985adbcfaba6a5.jpg,cc6cf3f4cec8a69fc0c3ac4c4b824f2e,shake/shake_72,48,0.4858,
tag,11.v282i.yolov8_train_lick/train/6_mp4-0018_jpg.rf.cce80ed4c18511ec9ab928ec22d51b2d.jpg,0319bdb11f9a630d097efffcbaab0f78,scratch/scratch_36,84,0.4858,
tag,11.v282i.yolov8_all_walk/train/side-view-cat-10-_jpg.rf.eca1ad7c7ea6e546583835ba29d36901.jpg,1b1b387e2a1181dbebf6fd8d8ab0419a,stop/stop_157,54,0.4857,
tag,11.v282i.yolov8_all_walk/valid/achieving-desired-goals_jpg.rf.007708711a2ab43281445d99745191ad.jpg,ec670d9480f5fdf61e99ab234744fe01,stop/stop528,18,0.4856,
tag,11.v282i.yolov8_all_walk/valid/017f0ce7-79b3-408a-89dd-44cf44c3b45c_jpg.rf.7d4374c1de871d601736e537d558b2e3.jpg,6de8036fc3f4d810914c4edc4eacb340,stop/stop540,18,0.4852,
tag,11.v282i.yolov8_all_walk/train/cat-walks-along-trail-against-backdrop-mountain-moses-egypt_jpg.rf.0aca2de420a46d3c2a02dfc92a1de3b8.jpg,8d75eaace0b400aa876220b70d843b34,walk/walk25,66,0.4850,
tag,11.v282i.yolov8_train_lick/train/3_mp4-0009_jpg.rf.559cfc168fb7b8bb440364e966786079.jpg,98ab1f4c4fbe1a3404cd32896b098a26,stop/stop_123,0,0.4848,
tag,11.v282i.yolov8_all_walk/train/ahmet-yuksek-JlGH37m6uDk-unsplash_jpg.rf.eb32dd161321be94e8cb45946b7c5ebb.jpg,16f5597c1fe3f250e8d8c8a205b14454,shake/shake_64,27,0.4844,
tag,11.v282i.yolov8_all_walk/train/beautiful-cat-outside_jpg.rf.e28763bb4253f6c653c70b9974320eba.jpg,2118bea29f3b2d2d65165ab72789924f,lick/lick_6_hq,186,0.4844,
tag,11.v282i.yolov8_all_walk/train/full-length-cat-walking-road_jpg.rf.7227ef8a70ffabe9df91a4dbcb671932.jpg,30e8cd1aa34eac0bca8d988765a2383d,stop/stop539,0,0.4844,
tag,11.v282i.yolov8_all_walk/valid/young-bengal-cat_jpg.rf.934eb74c10c255394423731aa78a9e38.jpg,f2841c54fa0ceba5af5fdbd1d433dafc,walk/walk20,63,0.4835,
tag,11.v282i.yolov8_all_walk/train/another-portrait-homeless-street-cat_jpg.rf.e95bb6604ee18c1a00bd11e0ad1a7561.jpg,834a8ab5aa171e0c58c75e56c47017ef,shake/shake_71,234,0.4834,
tag,11.v282i.yolov8_all_walk/train/cat-1074729_jpg.rf.e10993c0379b9379a788c04a93052331.jpg,16719f5822026ad1296e86bb373ad3d9,shake/shake_71,27,0.4834,
tag,11.v282i.yolov8_all_walk/train/portrait-cats-footpath_jpg.rf.258164558275206063eb8c64029b8934.jpg,53b3454c006b79ed2792c762c86baa76,lick/lick_71,63,0.4833,
tag,11.v282i.yolov8_all_walk/train/tabby-cat-standing-pebble-floor_jpg.rf.5500ac912117577ff6a14e1680f01f96.jpg,3544ef9a4f631c38744ab6cac37625bf,shake/shake_9,0,0.4833,
tag,11.v282i.yolov8_all_walk/train/full-length-cat-standing-outdoors_jpg.rf.1b2f3731fc77021d10eb5ca36d1ffaca.jpg,0ab679d68db0292fd403dbaad80c8a31,walk/walk25,180,0.4827,
tag,11.v282i.yolov8_stop/train/The_video_duration_must_be_exa-15-_mp4-0000_jpg.rf.b623c3243cf07e224bcf33ee52cab643.jpg,6c073c9a88dbd7975c765144c8fd7e02,stop/stop540,18,0.4826,
tag,11.v282i.yolov8_all_walk/train/cat-walks-gracefully-its-orange-white-fluffy-fur-showcasing-its-playful-personality_jpg.rf.34c0ee1f66be83724f6c6ce8cbe898f7.jpg,f0675a94ece30b39d2baaf24e8d850c9,shake/shake_16,3,0.4824,
tag,11.v282i.yolov8_all_walk/train/close-up-portrait-cat-3-_jpg.rf.a7655ed26c3039747953d9c41039f08b.jpg,0e1ce7ba1cfb457c88db8bf0924ae643,walk/walk32,24,0.4824,
tag,11.v282i.yolov8_all_walk/valid/stray-kitten_jpg.rf.f9bb5572c288ed3706f777e363f148ad.jpg,2756234e10faa9b7e008dac871ad1a89,walk/walk25,171,0.4815,
tag,11.v282i.yolov8_train_lick/train/3_mp4-0014_jpg.rf.4cf7d8c428a77c31d2920eb8b08be060.jpg,6c0f226af2f48c032ce48cec45811234,stop/stop_157,0,0.4815,
tag,11.v282i.yolov8_stop/train/5_mp4-0005_jpg.rf.939357b0a53f4af7c8fba6b4b4e52913.jpg,022b9bce7a5c7e2d046d58231bb79513,stop/stop_114,21,0.4810,
tag,11.v282i.yolov8_all_walk/train/cute-red-haired-cat-saw-something-interesting-lifestyle_jpg.rf.b1b4c30bc3a1292c31e2ddaa40c2f694.jpg,7bd75f356583a4b6ac444370a2f63c5a,shake/shake_74,189,0.4806,
tag,11.v282i.yolov8_all_walk/train/istockphoto-1318195536-612x612_jpg.rf.36e50381458e44e5b8c55782f02bb4f3.jpg,0a6899859a9ca0587995413b637d8c7f,shake/shake_8,36,0.4804,
tag,11.v282i.yolov8_all_walk/train/jonathan-cooper-PyRgBhbkLI-unsplash-1-_jpg.rf.bdb36b6f85d84b6953892c88d2e1695d.jpg,ca756fa7160d7115608c703f9c9b3ee3,walk/walk3,126,0.4804,
tag,11.v282i.yolov8_all_walk/train/portrait-cat-street-2-_jpg.rf.e82d1cb6e0b69a994cc20c9860e06993.jpg,eafa6287c25751b4d715fb435aee6267,lick/lick_11,33,0.4798,
tag,11.v282i.yolov8_all_walk/train/istockphoto-2240140681-612x612_jpg.rf.8b97d68d38fac3f8a49e07bf7c296555.jpg,db687468ea607752327c5cc641a816a7,lick/lick_3_hq,717,0.4797,
tag,11.v282i.yolov8_all_walk/train/portrait-cat-looking-camera_jpg.rf.2aac0bf49feb848b0e158f9c4757eb1a.jpg,30cf032b34bd6fcb76223399f3f2dba7,shake/shake_28,201,0.4797,
tag,11.v282i.yolov8_all_walk/train/portrait-pregnant-cat-walking-lawn_jpg.rf.0abc4d3e64a86b076e24056e6da96fa1.jpg,a87ed45e5ae1470b98fe8e1018723a92,shake/shake_63,177,0.4792,
tag,11.v282i.yolov8_train_lick/train/6_mp4-0017_jpg.rf.dc67fea50c96f5286e4c403894c5ba6a.jpg,1705c23dc9bfba2103d70ae1e6ff17f9,scratch/scratch_36,84,0.4790,
tag,11.v282i.yolov8_all_walk/valid/portrait-cat-13-_jpg.rf.66d958be564f90c25e9a03c973af305a.jpg,ab54bc87b22897fd1d9a63338f331017,shake/shake_71,6,0.4785,
tag,11.v282i.yolov8_all_walk/train/side-view-cat-field-1-_jpg.rf.b5c2aadf9eec414b1f6604d07b9e0c10.jpg,40211f9f9b9d5ae2af62cb4d62667216,stop/stop_141,30,0.4779,
tag,11.v282i.yolov8_all_walk/train/side-view-cat-looking-away-road_jpg.rf.db11796bf959ab0adf613e5cbf424f67.jpg,bdd634c753d71cc1df71c4130dd1b317,stop/stop521,3,0.4777,
tag,11.v282i.yolov8_all_walk/train/cat-looking-away-3-_jpg.rf.e888eef5aa15a30fd3fb8eedc73f1dc0.jpg,bc244b847c9b0cda056671f483c20447,shake/shake_31,183,0.4775,
tag,11.v282i.yolov8_all_walk/train/mufid-majnun-rt7LQbzrQwQ-unsplash_jpg.rf.5449c995a5fbd535aaa71fbc425a3324.jpg,1264cbefc01daaf8f3c24ec25025f9b5,lick/lick_11,51,0.4775,
tag,11.v282i.yolov8_train_lick/train/lick7-3_png.rf.e92c35a9696eedbea16763f9acd28f1a.jpg,7afe988725d13476949c44e87cf5243b,scratch/scratch_36,54,0.4773,
tag,11.v282i.yolov8_all_walk/train/beautiful-retro-nature-with-black-cat_jpg.rf.521746ab9e8dfeabd063fc9cb79c671c.jpg,613f1aec01e53a8ae10dd31efdede587,shake/shake_72,51,0.4772,
tag,11.v282i.yolov8_all_walk/train/cat-outside-ortigia-main-cathredal-siracusa-syracuse-city-sicily-italy_jpg.rf.f72470a020ddc58fd4309a9c53e36561.jpg,0ede1347e78b0b613917a2344f8e9ea7,scratch/scratch_30,63,0.4772,
tag,11.v282i.yolov8_all_walk/train/screen_101_png.rf.1bad8524d82d513ddfd2afe907cd46c9.jpg,42da3c79a61141647330c5bdcf78ad4f,stop/stop509,54,0.4769,
tag,11.v282i.yolov8_all_walk/train/cute-2-month-old-sacred-burma-kitten_jpg.rf.88adfac46e3442fddfa701ea41088fcc.jpg,f7d3044a8723e24dbddbddfee07060cc,stop/stop_157,0,0.4768,
tag,11.v282i.yolov8_all_walk/valid/brown-stray-cat-walking-sidewalk-streets-pelourinho-homeless-animal_jpg.rf.bf52111697163955ee06f4ed9d90c8f3.jpg,1cdde10788df61618a58ec9091f7dc1b,shake/shake_104,63,0.4765,
tag,11.v282i.yolov8_stop/train/9_mp4-0000_jpg.rf.5e6cc63c63c07a498c63b91ccbc544e5.jpg,4da8ad295969081075677af7fbc4e944,walk/walk25,138,0.4765,
tag,11.v282i.yolov8_train_lick/train/1_mp4-0010_jpg.rf.744202675cd06fcd26addf50b7784f2d.jpg,aa91e843eb5921a0156c67e0bd15037e,scratch/scratch_36,54,0.4761,
tag,11.v282i.yolov8_all_walk/train/frightened-black-cat-garden_jpg.rf.2f4267570ca237b33832ec2c4fb9a98a.jpg,0f373b4e53a3d3dd1da378987e0b0025,shake/shake_56,237,0.4758,
tag,11.v282i.yolov8_all_walk/train/portrait-cat-footpath-2-_jpg.rf.a45ebdf08dae5c6a2f944ba38f052d96.jpg,d4528275e66218b12fe51238978897a7,shake/shake_38,24,0.4753,
tag,11.v282i.yolov8_train_lick/train/lick7-1_png.rf.56509322b7f596d44c61295fbe10fbf1.jpg,e89d0a10727107938e4412f812c4ea59,scratch/scratch_36,54,0.4749,
tag,11.v282i.yolov8_all_walk/train/ariane-frei-iABPAQ0Xb7g-unsplash_jpg.rf.162afab7f2260fdf958c7392e7b43dc4.jpg,aefa09dacd9a4b7f6e86169bce0549e3,lick/lick_125,9,0.4748,
tag,11.v282i.yolov8_all_walk/train/stray-tabby-cat-exploring-natural-landscape-sunny-afternoon-rural-setting_jpg.rf.c8635f6663655d7c8f67a8d25d4e1fe4.jpg,8be23b406ca0f2969fc323ebd2989dce,shake/shake_16,228,0.4748,
tag,11.v282i.yolov8_train_lick/train/lick15-1_png.rf.da59ec7b213068f7b12440bcb979705e.jpg,54c2158419a8c727eda99c1228674463,scratch/scratch_36,54,0.4747,
tag,11.v282i.yolov8_all_walk/train/close-up-kitten-carpet_jpg.rf.fc5d201d65d2719c740512fd550d832b.jpg,6f5311e6563537e0a2bc8cb9cc3bcd2a,scratch/scratch_12,33,0.4745,
tag,11.v282i.yolov8_all_walk/valid/playful-cat-enjoys-its-time-by-its-owners-feet-cozy-home-setting-that-feels-welcoming_jpg.rf.fddb5f451e6943c1f902ca692a153264.jpg,816ab46a9d73c0b0e4b65921bde7d904,shake/shake_72,60,0.4742,
tag,11.v282i.yolov8_all_walk/valid/side-view-cat-walking-road-2-_jpg.rf.7ffdef77eae4cc898d7df8073a33b056.jpg,621d6043c292be1ec1a66526a35cba48,lick/lick_39,117,0.4741,
tag,11.v282i.yolov8_all_walk/valid/cat-sitting-steps_jpg.rf.5aecab216e38fc44e14e735c9f7f5d8b.jpg,a7cee1c967d6c3479edb77e80cb67349,scratch/scratch_5,102,0.4739,
tag,11.v282i.yolov8_all_walk/train/horse-grass-1-_jpg.rf.9ad391d21c5ecca7a051a5e12fcf76de.jpg,b87d9f8dc125164c8d8581653d2d93f8,lick/lick_39,192,0.4732,
tag,11.v282i.yolov8_train_lick/train/lick12-4_png.rf.4dfeb2d923a76f8364a228674a73d49a.jpg,e068d9228445edff42bdf7b3a0ddccbd,stop/stop_104,27,0.4732,
tag,11.v282i.yolov8_all_walk/train/portrait-cat-9-_jpg.rf.c46c882fffe2b0a425ee7864e51bbc40.jpg,af18948a7f829e3cf4787949df02d24b,shake/shake_13,6,0.4731,
tag,11.v282i.yolov8_all_walk/valid/portrait-black-dog-grassy-field_jpg.rf.6f54df9891c89417855cf020af320f1c.jpg,bacaf233dc509fd98aba5f23f40ab264,shake/shake_72,63,0.4731,
tag,11.v282i.yolov8_train_scratch/train/scratch_46_mp4-0006_jpg.rf.ff238dadefe7c58b1ff530f16863c5e9.jpg,bac7fae9afb67cb04bd8ceb308307740,stop/stop_52,36,0.4725,
tag,11.v282i.yolov8_all_walk/train/portrait-cat-field-2-_jpg.rf.31d82c0f5891463694f2eb6635861886.jpg,230484977772003c9643dea9ea084e59,walk/walk17,9,0.4724,
tag,11.v282i.yolov8_stop/train/5_mp4-0002_jpg.rf.7e332118da65598c94c41b2058cb178b.jpg,990044dc501485db9c3b7ea9a0ebd99b,walk/walk34,45,0.4724,
tag,11.v282i.yolov8_stop/train/9_mp4-0006_jpg.rf.6007f3a10e430d0c669ca376c0adfd73.jpg,14e14a9be9ddf63b4b6e4508ff08f5e4,walk/walk25,132,0.4724,
tag,11.v282i.yolov8_all_walk/train/izzaldin-sagda-hs1QbWg7c3w-unsplash_jpg.rf.a51487dca23df41120fa256b1acb5efa.jpg,2ee20de4b0a51413ae4f1b4c26a59cd2,shake/shake_8,198,0.4723,
tag,11.v282i.yolov8_all_walk/train/striped-feline-explores-wooded-area-golden-hour-clear-afternoon-nature_jpg.rf.66213fe002f83729f5b8646687879903.jpg,16279abc08e0f2ef7885a08415ca3974,stop/stop521,3,0.4723,
tag,11.v282i.yolov8_train_lick/train/5_mp4-0006_jpg.rf.6d07557ff7e7b2d2876e8aede8b458ba.jpg,ebd76680c1fc65f0de188bbe6b99a666,stop/stop_157,6,0.4723,
tag,11.v282i.yolov8_all_walk/train/close-up-abandoned-cat-mammal-feline-animal-3-_jpg.rf.b8802b1af48e2d7e6c2b9daf010de6dc.jpg,87daa42a4ddd4d54a623a190ae1547e5,stop/stop_44,15,0.4721,
tag,11.v282i.yolov8_all_walk/train/-2025-11-29-214741_png.rf.93dbec0cccca06fb127e2dc886cac64e.jpg,f90fb8f3fb7b79f9e6f1e2e57d0c12f8,shake/shake_65,147,0.4720,
tag,11.v282i.yolov8_all_walk/valid/portrait-black-dog-grassy-field_jpg.rf.00d843e74b9c9d563d292a95a56b67e9.jpg,474c0777e984f8142abc8a32c87e44f8,shake/shake_52,51,0.4718,
tag,11.v282i.yolov8_all_walk/train/orange-brown-bengal-cat-reflecting-mirror_jpg.rf.7e0a745a822c0f320435195296b35ae5.jpg,87e316bda251cbde64421728e4f837d5,lick/lick_3_hq,903,0.4716,
tag,11.v282i.yolov8_all_walk/train/attentive-ginger-cat-standing-wooden-floor-near-wicker-basket-bedroom-background_jpg.rf.dc00849805b694a5a1a7f7a181e31e7b.jpg,39fcd2d8c8159f359d2dcef2f053cc9a,walk/walk25,612,0.4711,
tag,11.v282i.yolov8_train_lick/train/lick12-3_png.rf.f205127621c81ada8b7a0e5113f6a6f2.jpg,3bb946c7a8cb62aa3a55c6210ce6248b,stop/stop_104,27,0.4711,
tag,11.v282i.yolov8_train_lick/train/5_mp4-0008_jpg.rf.78f3cc4ff3515a6f8cb3e008daf5d25f.jpg,ae46c830fbbc3945145911d0d56731d8,walk/walk34,45,0.4710,
tag,11.v282i.yolov8_all_walk/valid/cat-walking-crouching-stones-blocks-wall_jpg.rf.a6820c3c7c756643c40c2b4cf0dc5f8c.jpg,1fa18946bf3d252d2ce2e0fec852a357,scratch/scratch_19,177,0.4708,
tag,11.v282i.yolov8_all_walk/valid/theotherkev-cat-6084672_1920_jpg.rf.f0447b2b26c561d28d78166087fe8ac6.jpg,e33fba14e054fb1513589aa53bf578a5,walk/walk26,3,0.4708,
tag,11.v282i.yolov8_all_walk/train/3-29-_png.rf.5ff5a343e2297c5231e2951a17231733.jpg,134a00c0cf528cb6d1ee1ed85a7fed5c,lick/lick_13,69,0.4707,
tag,11.v282i.yolov8_all_walk/train/pampas-cat-leopardus-colocolo-south-american-feline_jpg.rf.5f2724ab04c3fcbeb26279faaa91f19d.jpg,f28e9811d1baa3f532717c8cc975f0e2,walk/walk29,9,0.4707,
tag,11.v282i.yolov8_all_walk/train/cat-ground_jpg.rf.c2a84d11fa37fecdecf2596e038ea231.jpg,5b4d13d37a446e8c99544bfd3213c59f,lick/lick_102,36,0.4705,
tag,11.v282i.yolov8_train_lick/train/75-1-_mp4-0002_jpg.rf.035d5e460cdc045aa0e50a50739eab01.jpg,2565caaeeecc8ac9f27c52cc30a197d4,lick/lick_3_hq,645,0.4705,
tag,11.v282i.yolov8_all_walk/valid/rex-v-I5QEH_On76g-unsplash_jpg.rf.ca9245b8cf4f3620c0c19d3b426845da.jpg,81146e49c2a910d7af6bee97cfce5f74,walk/walk26,99,0.4704,
tag,11.v282i.yolov8_all_walk/train/close-up-cat-waking-wall_jpg.rf.22eed68cdc870885ba06a947d48d651c.jpg,d4a73e272ca712420affcb43c421ae16,stop/stop_26,0,0.4701,
tag,11.v282i.yolov8_all_walk/valid/small-cute-kitten-golden-chinchilla-british-isolated-white-background-1-_jpg.rf.0bf9a9f6fe357ff9df556d2e29422916.jpg,2a57301d67df8404b99e1c6ab6b4481b,walk/walk11,165,0.4699,
tag,11.v282i.yolov8_train_lick/train/1_mp4-0021_jpg.rf.b130c3a78331af1692c157988574b3a2.jpg,44ce290f08857510faf51f075ececbf9,scratch/scratch_36,57,0.4698,
tag,11.v282i.yolov8_train_scratch/train/scratch_60_mp4-0006_jpg.rf.33aa92224ff4aa42f1ee91dafe47114f.jpg,f3f51f61ff393e6e822a4267887af5be,stop/stop_142,36,0.4693,
tag,11.v282i.yolov8_all_walk/train/cat_23_jpg.rf.4b399a2a386d1350c2fc0f8b41660f8c.jpg,395cd6f030d839cca4a0ef0c8b8f2352,lick/lick_68,237,0.4691,
tag,11.v282i.yolov8_all_walk/train/cat-walks-te-beach-1-_jpg.rf.8519e7108a6f8d1523c77ce311759f99.jpg,9cfc319d7162dc7bba8e01005055aac7,lick/lick_11,123,0.4690,
tag,11.v282i.yolov8_all_walk/valid/cat-looking-away-1-_jpg.rf.677a49d5b7e643ab49fd7c90c0359ccf.jpg,a6d4624fa7e918bf5e406266a38f0bbc,lick/lick_44,51,0.4690,
tag,11.v282i.yolov8_train_lick/train/5_mp4-0007_jpg.rf.482b78f7267203353c0825006396031f.jpg,6b3d14f89e3c151d538b6bfc6d22c3fd,walk/walk34,45,0.4689,
tag,11.v282i.yolov8_all_walk/train/pexels-roni-milla-208344134-11713886_jpg.rf.2c6c3f71f18c8dc4aab465e4ab064975.jpg,c6b7796804a05e07c78dd10bc52139a3,stop/stop_149,15,0.4685,
tag,11.v282i.yolov8_all_walk/train/cat-walking-street-5-_jpg.rf.071263828448d0ca7c499319b1bd97b2.jpg,4fd55d7a05b0b4bdf708591ca9e09040,shake/shake_46,96,0.4678,
tag,11.v282i.yolov8_stop/train/3_mp4-0000_jpg.rf.98814b4f8ea10109b25595319b130232.jpg,841794873f77cc387f273d390839019c,stop/stop531,30,0.4674,
tag,11.v282i.yolov8_all_walk/train/lone-tricolor-cat-walks-down-street-domestic-cat-collar-walks-around-city_jpg.rf.17f72588df167440b7d10eb3f49602a4.jpg,2c15a7c9c0df04aedc355ec8cbce1b70,stop/stop_134,0,0.4670,
tag,11.v282i.yolov8_all_walk/valid/portrait-black-cat-sitting-outdoors_jpg.rf.f1a985f413434388639e7444d877fc59.jpg,1a4b844703a71e350ac2944811d90572,shake/shake_72,42,0.4666,
tag,11.v282i.yolov8_stop/train/1-174-_mp4-0008_jpg.rf.8fc6c7294553dc1e67809c4a77505e1c.jpg,86744bd7adce777c1f7b3d87e91a85e5,stop/stop_127,27,0.4666,
tag,11.v282i.yolov8_train_scratch/train/scratch_46_mp4-0009_jpg.rf.729189ed1a0ace001a41601a6d3fd129.jpg,fe7fe59334fd5cb48c044b591fe32f35,walk/walk25,111,0.4661,
tag,11.v282i.yolov8_train_lick/train/lick7-5_png.rf.e90f31b83f15cda6c42f6d4edc1c18a4.jpg,8fb8a4ea4f44bcc52e771e735fa83f23,scratch/scratch_36,57,0.4659,
tag,11.v282i.yolov8_all_walk/valid/portrait-cute-gray-cat-standing-open-looking-into-distance_jpg.rf.9687ddbc3c1e85fd2e5c2453816e7ed6.jpg,0411f7ecec100e8ea92391c1929a95b3,scratch/scratch_46,84,0.4656,
tag,11.v282i.yolov8_all_walk/valid/side-view-cat-walking_jpg.rf.416c2c0e303a80799852932480c545b6.jpg,63ef94f5cbb4be9392a5c66b6c792a83,scratch/scratch_36,87,0.4652,
tag,11.v282i.yolov8_all_walk/train/istockphoto-1387560549-612x612_jpg.rf.32c6b1ad24a09b52f5fa0d9152779c7f.jpg,a3bf863812302539bfc9d1b6014726bb,lick/lick_13,66,0.4648,
tag,11.v282i.yolov8_train_scratch/train/scratch275724_mp4-0006_jpg.rf.b96570c098fa04d717088ea550e89e0e.jpg,9e6c8c86b565daae8590d12924c14f4e,walk/walk25,483,0.4642,
tag,11.v282i.yolov8_train_lick/train/8_mp4-0006_jpg.rf.cf940e9fa300298c2ca2993988d34505.jpg,cca0c698954690da5e01985768171c59,stop/stop_104,27,0.4640,
tag,11.v282i.yolov8_all_walk/train/portrait-tabby-cat-city_jpg.rf.796e7031deaedb3fea3b79b036faebf5.jpg,76d11c731a0d842c06fcc8cab1e6dcf6,stop/stop_157,0,0.4630,
tag,11.v282i.yolov8_all_walk/train/istockphoto-1390081398-612x612_jpg.rf.6aed70e2d1afc0a69a61c2dfd440d0d2.jpg,46362246709259989fbbc024be228b8f,shake/shake_76,237,0.4628,
tag,11.v282i.yolov8_train_lick/train/lick7-2_png.rf.65087859ce99ac75e192ca83ea44d9cb.jpg,39de2afdad772d79be9b83d74523601a,scratch/scratch_36,57,0.4628,
tag,11.v282i.yolov8_train_lick/train/1-5-_mp4-0001_jpg.rf.a8bee1594c304b2ca4403bcc9aa488f9.jpg,a70e87ea381d62e659acff766517704b,shake/shake_47,42,0.4626,
tag,11.v282i.yolov8_train_lick/train/1_mp4-0012_jpg.rf.c5692effa10dac068c1b1e859dedd47b.jpg,77f2d5f48745f8325043086956c994fd,scratch/scratch_36,54,0.4624,
tag,11.v282i.yolov8_stop/train/22-1-_mp4-0000_jpg.rf.4a61e4a519ebc86a79bf0a89d4f6ce0a.jpg,27976e093c2d675127c7448cd1f64e68,walk/walk29,99,0.4624,
tag,11.v282i.yolov8_all_walk/valid/side-view-cat-footpath_jpg.rf.3803da8d6e9004981f91624b916a46ac.jpg,669fbb24488ef6b3e6ea189a8490bc36,scratch/scratch_36,21,0.4621,
tag,11.v282i.yolov8_train_lick/train/5_mp4-0008_jpg.rf.75d021fbaabdc53f7aeb20d306ab4155.jpg,48f2f396dd7ab7ba3d1dbbab66e2c9e5,scratch/scratch_39,111,0.4616,
tag,11.v282i.yolov8_all_walk/train/side-view-cat-walking_jpg.rf.76a146eab0cb9821ae8f4c07e33c8ebc.jpg,ea02cb4df68ee60653a45203d9004150,shake/shake_9,237,0.4614,
tag,11.v282i.yolov8_all_walk/valid/cat-pond_jpg.rf.1bb30d8cf007091d9303f95b1f337644.jpg,e7056c5e698cb94ca4f820de7c23a77f,lick/lick_125,6,0.4614,
tag,11.v282i.yolov8_all_walk/train/beautiful-procida-island-with-colorful-houses-sunny-summer-day-italy_jpg.rf.6628698ab90377974e0383c381690be1.jpg,630033b1458a43b32f4bd3a0c386ca48,lick/lick_39,165,0.4612,
tag,11.v282i.yolov8_train_scratch/train/GettyImages-948947216_mov-0005_jpg.rf.91112cf8e8e7a25dfb2238dd69bc9de1.jpg,a6dce5ddfdc66f7b656525e8cbaeb899,shake/shake_71,24,0.4610,
tag,11.v282i.yolov8_train_lick/train/1-5-_mp4-0020_jpg.rf.28a45a6141ac15f686c29a60b842a714.jpg,deadb200c714364b80387567d4658f0b,lick/lick_train_2,30,0.4609,
tag,11.v282i.yolov8_train_scratch/train/GettyImages-948947216_mov-0002_jpg.rf.56afd447ab1ffdaf3ad4dd5599a78e74.jpg,e3c746bf7588d99440c27d0f890e584c,shake/shake_71,0,0.4607,
tag,11.v282i.yolov8_all_walk/valid/beautiful-purebred-white-cat-walks-table-living-room-background-tv-1-_jpg.rf.7f684efcf24632a28e11872ec9c0e674.jpg,42c6daac9a75852bf6d6db209022ec46,walk/walk29,3,0.4606,
tag,11.v282i.yolov8_all_walk/train/fluffy-cat-unusual-color-roams-yard-closeup-cat-street_jpg.rf.819c3729bbc60f735e686f6c190b6a1b.jpg,80514cea33a373cd8ee28abbfc683080,scratch/scratch_65,135,0.4605,
tag,11.v282i.yolov8_all_walk/valid/red-cat-spring-homeless-cat-is-looking-cat-cute-animal-is-thrown-street_jpg.rf.f6fac5cb318dfe8e087add6a67423576.jpg,570db9da31a0b90167cc8abbb3b187dc,lick/lick_51,177,0.4602,
tag,11.v282i.yolov8_train_lick/train/1-5-_mp4-0009_jpg.rf.a3635f219466aecb4ebafe822abb1a42.jpg,477a9b499c7829f0e2e5e59248270d6d,lick/lick_train_2,21,0.4600,
tag,11.v282i.yolov8_all_walk/valid/cat-footpath-by-wall_jpg.rf.39c672eb9716d7a940c4d778715aec32.jpg,fb8490ddfeee667bf33fcae2ed1b2556,shake/shake_91,3,0.4596,
tag,11.v282i.yolov8_all_walk/valid/pexels-glazun0v-30561382_jpg.rf.58666129122063a86765ccd77929d4d4.jpg,bd7dc5fabebf2ac699c7517fe1470245,walk/walk7,171,0.4594,
tag,11.v282i.yolov8_stop/train/1_mp4-0000_jpg.rf.57bd15112b6f630f38ab19771242d75c.jpg,5bfec0cd76eaea7f2a1457f57273f056,stop/stop535,33,0.4594,
tag,11.v282i.yolov8_all_walk/train/norwegian-forest-cat-1-_jpg.rf.80c1e0622bd05e330521313ef2648abd.jpg,da270c92975039a22820a960a85e7e1f,scratch/scratch_14,39,0.4592,
tag,11.v282i.yolov8_all_walk/train/orange-abyssinian-cat-standing-garden_jpg.rf.c5c4c4c8ba2818c494e227a9acf6f68e.jpg,3d10436995e9644138a10b5b15f9c567,stop/stop_90,54,0.4591,
tag,11.v282i.yolov8_all_walk/train/ilhan-erce-feyizoglu-mMsxyI9keig-unsplash_jpg.rf.c71e1840ba03a362e5628ebf70e739b2.jpg,c54e0dba611e19245c656ffac6e0805f,stop/stop539,15,0.4586,
tag,11.v282i.yolov8_all_walk/train/portrait-cat-footpath_jpg.rf.2579d373f1479d511416c65fea743656.jpg,baaea4d27d7d7955975e4206a233e0e5,walk/walk19,48,0.4586,
tag,11.v282i.yolov8_all_walk/valid/side-view-cat-walking-street_jpg.rf.ff1558b2d027aae94c9e5738f618c550.jpg,6d28a3b0efe7510207070bf01fbd3818,walk/walk18,42,0.4586,
tag,11.v282i.yolov8_train_lick/train/5_mp4-0012_jpg.rf.bc1069e9d130c18f7fd8098e29259cdf.jpg,7abe51a66be2a3e1320d03da21a188a2,walk/walk34,45,0.4586,
tag,11.v282i.yolov8_train_lick/train/lick7-4_png.rf.e2ebac70898935cf90b664d497adc379.jpg,17ff35ef13252c82be8c5fa1ca038bde,scratch/scratch_36,57,0.4585,
tag,11.v282i.yolov8_all_walk/train/cute-tricolor-pussy-red-collar-city-street-cat-walks-sidewalk-vintage-old-town_jpg.rf.ec672ae4f04da95b9cdc9f1036b1320f.jpg,5b7eb02f477cc1eb7818b951b4a39d5d,walk/walk26,204,0.4582,
tag,11.v282i.yolov8_train_lick/train/1_mp4-0011_jpg.rf.5ce81e37e72a7f15f3c88b24b4bd39d8.jpg,6231264565aa1302398772d836649cd4,scratch/scratch_36,57,0.4582,
tag,11.v282i.yolov8_train_lick/train/1-5-_mp4-0022_jpg.rf.e4899ac4134fab024106d240308a36b3.jpg,a3ea1b14677119b718d5e33748ee54c3,lick/lick_train_2,30,0.4581,
tag,11.v282i.yolov8_all_walk/train/portrait-cat-footpath-3-_jpg.rf.c9af782eb377399e38ff0d35343936d9.jpg,bae221e13cc9286705b05af88ef764b0,shake/shake_14,9,0.4576,
tag,11.v282i.yolov8_all_walk/train/portrait-adorable-black-cat-looking-away-outside-home_jpg.rf.c84a8a74124226400f938df9769960a3.jpg,999c9219212ae2ce5482757927e6ba0e,scratch/scratch_12,90,0.4574,
tag,11.v282i.yolov8_all_walk/train/cat-standing-road_jpg.rf.2d5012049e132f4c277100d221af195a.jpg,18c59ba72bc30b44f1ff7f021eba710c,shake/shake_71,45,0.4573,
tag,11.v282i.yolov8_train_lick/train/22-1-_mp4-0010_jpg.rf.1841ef81a1bbee6cf3867a721716c80a.jpg,047d96c96772909c852c831ed8e55009,walk/walk29,99,0.4573,
tag,11.v282i.yolov8_all_walk/train/cat-looking-away-1-_jpg.rf.0b9d373704ddeb077e3ed165c8531548.jpg,04a31fe095ebeb9bb1162eec637c378c,lick/lick_7_hq,273,0.4571,
tag,11.v282i.yolov8_train_scratch/train/scratch275724_mp4-0009_jpg.rf.f19abdc1685725d094e57c59caa85b59.jpg,d9a440daea73748898a620c85d3502a5,walk/walk25,483,0.4571,
tag,11.v282i.yolov8_all_walk/train/gray-white-striped-cat-standing-brown-background_jpg.rf.420c3d29cdd742128f845a548f5c5c25.jpg,ac571ccefdaff67dc74ba472bdbb0df1,shake/shake_63,198,0.4565,
tag,11.v282i.yolov8_train_lick/train/10_mp4-0010_jpg.rf.2d8317340782fb8d0e8e1a53e33ebcd6.jpg,3dda1611ecd55264fb68a3d7fb0fd809,stop/stop_25,0,0.4564,
tag,11.v282i.yolov8_all_walk/train/beautiful-brindle-female-young-cat-walks-across-floor-oblivious-camera_jpg.rf.a69fbd399d5b1841556b376a6098ece2.jpg,3de82be199229600b19ab37096297ecf,lick/lick_71,63,0.4560,
tag,11.v282i.yolov8_train_lick/train/22-1-_mp4-0007_jpg.rf.df5bb97e7efc19adb7e08fe5bfd7b01d.jpg,5f9cc076d771f73ee35c2676da0549e5,walk/walk29,99,0.4553,
tag,11.v282i.yolov8_all_walk/train/cat-sitting-outdoors_jpg.rf.9cf6a50fafe13bd0f8c57cd46f625946.jpg,0023ab6a4537fd7d956a37fa59ddd8de,stop/stop522,87,0.4549,
tag,11.v282i.yolov8_all_walk/train/fluffy-cat-stands-wooden-table_jpg.rf.77de49acf1a021d710108665ddacf4b5.jpg,20992ab2c8cbd443f0e52d8381a725a1,stop/stop_56,0,0.4546,
tag,11.v282i.yolov8_all_walk/train/dog-looking-away_jpg.rf.2f5494637c0742dd6917b2e6ffdeaf29.jpg,4de7068f24c10e51cffe70c4d2c40a67,stop/stop_112,3,0.4545,
tag,11.v282i.yolov8_train_scratch/train/1-36-_mp4-0008_jpg.rf.a0ade044f05d139bf48f9469942a0a70.jpg,5ef06d8e68d2d9e42dd8682dcbc9eea5,stop/stop535,15,0.4545,
tag,11.v282i.yolov8_train_scratch/train/1-21-_mp4-0001_jpg.rf.eef5cbae06e15093df96f213c1a5ea7c.jpg,3cf5b221398399de05f504ca9ef5ae56,shake/shake_15,63,0.4543,
tag,11.v282i.yolov8_all_walk/train/tortoiseshell-stand-concrete-floor-with-tile-old-house_jpg.rf.58de1c88aafa8dafda953567a5ba7a14.jpg,0c7ddc5d526c42e4262741f6fa15c78d,shake/shake_103,21,0.4538,
tag,11.v282i.yolov8_all_walk/valid/close-up-cat-looking-away-1-_jpg.rf.ea6b581232ab054286216d7b49ad30ab.jpg,82ec9c72d744de484717dd2e5d34a17e,walk/walk34,108,0.4538,
tag,11.v282i.yolov8_all_walk/train/black-cat-runs-across-road_jpg.rf.a22c47530b742e9c2938c09f04c9d2e2.jpg,284776caad0fdd3dbd80ea35040bb9ac,walk/walk25,543,0.4531,
tag,11.v282i.yolov8_train_lick/train/5_mp4-0016_jpg.rf.93c1d478f819e11bcda3facc0d6d7a63.jpg,b6636797bf1396541e367c5403f30fd5,scratch/scratch_39,111,0.4531,
tag,11.v282i.yolov8_all_walk/train/pexels-robbif-34153130_jpg.rf.92128486b9fa6cc5da76eea72b9bd8fe.jpg,ce3e05b62b23d0a672ec3268a4e5ade3,scratch/scratch_38,162,0.4530,
tag,11.v282i.yolov8_all_walk/train/cats-that-walk-by-themselves_jpg.rf.cb2785d1520c562d2a934c29fb216752.jpg,b6445eed38606033c8b4c362ecd2255f,walk/walk21,51,0.4527,
tag,11.v282i.yolov8_stop/train/6_mp4-0008_jpg.rf.20e1c71348cdacd3d3890eaafbd016f7.jpg,8ebc2910d1b0f4b1064a34db69726bde,scratch/scratch_36,84,0.4527,
tag,11.v282i.yolov8_train_lick/train/lick12-2_png.rf.331549bdd523e8da5e0ac68d1b315815.jpg,73a0ef838d23e385378bccd49ef278d3,stop/stop_146,57,0.4526,
tag,11.v282i.yolov8_all_walk/train/low-section-cat-walking-street_jpg.rf.dfd88284b1b0af5cdd7268b7aad5104a.jpg,8fa0f49c4de33bd764a92d08c3d26c7c,shake/shake_19,57,0.4521,
tag,11.v282i.yolov8_all_walk/train/high-angle-view-cat-walking-street_jpg.rf.4f215ae279d9ee613d546ac4c6fd63d7.jpg,ad426354f6363ecbb7354a29477da549,lick/lick_39,207,0.4520,
tag,11.v282i.yolov8_all_walk/train/portrait-beautiful-white-brown-cat_jpg.rf.0eb2ebd31b1b5654a5bb1d8405b02960.jpg,cc595735d7c75bd9803fc18e0fbcdbe7,scratch/scratch_5,135,0.4520,
tag,11.v282i.yolov8_all_walk/train/pexels-robbif-34153130_jpg.rf.45425654ec2f9c92cc3110169dd6fb8b.jpg,23b4407d9f70b95251ca6765e264a82b,scratch/scratch_38,162,0.4518,
tag,11.v282i.yolov8_all_walk/train/pexels-kaipro-29434722_jpg.rf.91c5455e6d33e79874888e276b8c1a9c.jpg,7c20174037e80c5b62d36844c68ae399,scratch/scratch_50,54,0.4517,
tag,11.v282i.yolov8_train_lick/train/lick16-1_png.rf.5e05e31d497be418784a90c77054a71f.jpg,b44c0bddaf243f6269c1458ccdf37b9f,scratch/scratch_36,54,0.4516,
tag,11.v282i.yolov8_all_walk/valid/portrait-cat-standing-outdoors-2-_jpg.rf.83ba20b534aaf20b497358cd6fb43266.jpg,af16fec5fa86d32800bc516b46d2ea32,shake/shake_18,57,0.4514,
tag,11.v282i.yolov8_all_walk/train/homeless-stray-cats-begging-food-winter-problem-homeless-stray-abandoned-animals-concept-shelter-stray-cats-problem-stray-animals-concept-shelter-cats-1-_jpg.rf.947cfc0a36ad2ff29324364ef92ab7e3.jpg,24388f2ed39c13a9995b1d80f9bef7d6,scratch/scratch_30,24,0.4512,
tag,11.v282i.yolov8_all_walk/valid/portrait-cat-standing-outdoors_jpg.rf.c126cc03e19ed6666ca4d2ebd6fcb321.jpg,da16cfbf3c54e641d8660bfd2e8818b2,shake/shake_8,57,0.4511,
tag,11.v282i.yolov8_all_walk/train/andy-luo-P-vs_R1_W0I-unsplash_jpg.rf.5adb1da3ade97dbbb7937b77a45bf64e.jpg,3ab767b5c8ee3dc59c3203d61cd9fb9b,lick/lick_121,93,0.4508,
tag,11.v282i.yolov8_all_walk/train/cat-2803491_640_jpg.rf.cc1370ce202dcee495460fed534d384c.jpg,de4ee93ead44ac65b7e9fcb3e7659ca8,stop/stop539,87,0.4508,
tag,11.v282i.yolov8_all_walk/train/dl314-lin-iV4l2lIRNdc-unsplash_jpg.rf.ccb539d8280f86fd52167670ad927043.jpg,233b601b9ecf685e9e6abf00045ef142,stop/stop_161,27,0.4507,
tag,11.v282i.yolov8_all_walk/train/istockphoto-1134051610-612x612_jpg.rf.a46033bd6f576a805fc8a08b0ff794f5.jpg,07d375aa6988a8a1d0d3ed6d3c146415,stop/stop_51,51,0.4506,
tag,11.v282i.yolov8_all_walk/valid/selective-focus-shot-beautiful-cat-stone-surface_jpg.rf.99fb86f8770fdf583a6e89e9439403fa.jpg,3fe9c10f6737f24fa265628be008028c,stop/stop_116,9,0.4506,
tag,11.v282i.yolov8_all_walk/train/faruk-melik-cevik-HeKREcXK1Lo-unsplash_jpg.rf.8363f12ef241dbefcbf6f64ed626274e.jpg,02cc90377412bedf34b31e7c8ffca49a,shake/shake_64,222,0.4505,
tag,11.v282i.yolov8_all_walk/train/white-spotted-cat-walking-dirty-asphalt_jpg.rf.01560db67dde9e6b4d3e2fac4677f38f.jpg,237d83d346ebc802ecb7a305e6463279,lick/lick_69,156,0.4504,
tag,11.v282i.yolov8_all_walk/train/beautiful-black-stray-cat-street_jpg.rf.83db315e9c980562c14edac69500ef63.jpg,f806748176fcd49749274e297b41351e,lick/lick_7_hq,258,0.4503,
tag,11.v282i.yolov8_all_walk/train/beautiful-purebred-bengal-cat-domestic-animal-pets-white-interior-with-bright-pink-armchair_jpg.rf.2e48bc5afa880dfb8b01f33fa45f3569.jpg,674c715072836a0993d965ec473c2ed1,walk/walk25,102,0.4503,
tag,11.v282i.yolov8_all_walk/valid/beautiful-gray-red-kitty-sidewalk-green-grass_jpg.rf.718424fb8b68980ae94926ee48f3725e.jpg,5a6bdea68d411f876b1e68107f3c7aee,stop/stop532,60,0.4501,
tag,11.v282i.yolov8_stop/train/9_mp4-0007_jpg.rf.a9aa0f54c624da40c3442a074060a747.jpg,362910f21c8a8ce93b76f5aa05d5d103,walk/walk25,138,0.4499,
tag,11.v282i.yolov8_all_walk/train/side-view-cat-walking-road-3-_jpg.rf.c9888858747de73db1972eb550913c93.jpg,4477f0b6c2eab86f4f40bc5e3c3553ec,shake/shake_73,189,0.4495,
tag,11.v282i.yolov8_all_walk/train/istockphoto-1174852053-612x612_jpg.rf.1d23a36306c823b07c4ef2ec7c9434d1.jpg,5e7d121c0ef657bf9c9d875c1c545684,walk/walk28,48,0.4493,
tag,11.v282i.yolov8_all_walk/valid/careful-cat-walking-outdoor-leaves-autumn-park-portrait-cat-watching-camera_jpg.rf.20a2e45e09e6ca03da49118d5779b09c.jpg,1c3a5918e75f7a0d8e8b2bc281b9f2dc,scratch/scratch_13,120,0.4493,
tag,11.v282i.yolov8_train_lick/train/22-1-_mp4-0015_jpg.rf.7d82a6b20ce6a91c66fa13ed857a73f3.jpg,6d37194a1adb5d83576aa8d418408187,walk/walk29,99,0.4491,
tag,11.v282i.yolov8_train_scratch/train/GettyImages-948947216_mov-0000_jpg.rf.2b0c3fc45678415b25fff050dcd2a19a.jpg,18c9d5bb6d6c3a044a4e128f6125e38f,scratch/scratch_36,18,0.4488,
tag,11.v282i.yolov8_all_walk/train/portrait-cat-5-_jpg.rf.1002b4e5bb5e5491dcf5f9c58baa71a2.jpg,aa088fbdd65e187b4bbd2acb3a59326f,walk/walk15,69,0.4487,
tag,11.v282i.yolov8_train_scratch/train/scratch275724_mp4-0005_jpg.rf.0259a4ef584bc55878b33ebc7e26c410.jpg,c96b6d974645f215b50f1207a900f7f2,walk/walk25,483,0.4486,
tag,11.v282i.yolov8_all_walk/train/1-42-_jpg.rf.ce47288a054f589b4b36799610b1847b.jpg,d82fa688fafaa92bd710162f5011c19b,shake/shake_35,87,0.4484,
tag,11.v282i.yolov8_all_walk/train/pexels-aleksandr-nadyojin-2954845-4492149_jpg.rf.3af38787cca063df8eb8ae4ba80b2eb1.jpg,bd20a57791c959e758a16e8c1e261a8b,walk/walk3,255,0.4484,
tag,11.v282i.yolov8_all_walk/valid/young-stray-cat-street-city_jpg.rf.ffd0d28521111ef2265fffaf083e18f1.jpg,9d9d05aa579f09949dc680f0ed94ff86,stop/stop_131,15,0.4477,
tag,11.v282i.yolov8_all_walk/train/keytion-ybJnrHmKEaQ-unsplash_jpg.rf.2a1a170895a1769d9dc20259249a09d5.jpg,2f4b5b9944868cf6bd9501a6b887162f,stop/stop_157,0,0.4472,
tag,11.v282i.yolov8_all_walk/valid/old-red-cat-walks-around-puddle-cloudy-summer-day_jpg.rf.92e0da29674d930d996a47579ddd19b4.jpg,03a87e553b6c85a2c2bb87eb308deb41,walk/walk29,0,0.4470,
tag,11.v282i.yolov8_all_walk/train/Screenshot_46_png.rf.aae26316ac6f2b43d0d31094f2289383.jpg,0ea014068f4891715118fba22956c968,stop/stop_110,3,0.4466,
tag,11.v282i.yolov8_train_lick/train/5_mp4-0009_jpg.rf.3f5ec5acdd7ea14a3a6712ed88ba4fa4.jpg,4d129824554558cee9e2939369400267,lick/lick_3_hq,60,0.4465,
tag,11.v282i.yolov8_all_walk/train/red-white-homeless-cat-beige-background-1-_jpg.rf.638d77568ee868b65f9c8d224349948e.jpg,052e2389fb7275afc114e0942a898d5f,stop/stop539,0,0.4461,
tag,11.v282i.yolov8_all_walk/train/close-up-cat-3-_jpg.rf.7d931417af80da5d21461b28ed0e3872.jpg,718a85a61d1e4a6d1420ca2f05e77074,lick/lick_1,57,0.4460,
tag,11.v282i.yolov8_all_walk/valid/cute-gray-striped-cat-standing-outdoors-summer-street_jpg.rf.47d9534af20a98da47207bf480045716.jpg,b119dddb7e0d4a3e733a72fe23e9036c,shake/shake_4,201,0.4460,
tag,11.v282i.yolov8_all_walk/train/-2025-11-29-214214_png.rf.fbc58e5ee77956b96b08b5a3fa4b7c02.jpg,59daacd8c09229ccb08b3d984c121ee6,stop/stop533,54,0.4448,
tag,11.v282i.yolov8_all_walk/train/side-view-cat-3-_jpg.rf.9c1f162544c14754f623228c932c38eb.jpg,d2aaa4f888d7697820eb3f1294f73c8c,shake/shake_9,42,0.4446,
tag,11.v282i.yolov8_all_walk/train/close-up-cat-1-_jpg.rf.ae206d7249525bbf4c6a6803ddac4e53.jpg,978daa212d375203a8545200220f129d,walk/walk34,75,0.4442,
tag,11.v282i.yolov8_all_walk/train/portrait-cat-street_jpg.rf.c11e4418d89aa4044f31ac47c1e32c71.jpg,b92f8cf85e3b1c7de150ebd8c1cb717e,stop/stop533,3,0.4442,
tag,11.v282i.yolov8_train_lick/train/1_mp4-0030_jpg.rf.3177500dfc696f48629e09f418235e3c.jpg,1e9c56bc0acf393e76ca9eecf7c40065,stop/stop_130,21,0.4437,
tag,11.v282i.yolov8_stop/train/6_mp4-0000_jpg.rf.42f0a343d22bbe53f421a9a5951eda9d.jpg,e6e1adfc99533eae6cfac277f9bac305,stop/stop520,105,0.4437,
tag,11.v282i.yolov8_all_walk/train/full-length-horse-standing-pier_jpg.rf.044a492cea0635d1fe0effd04e3da355.jpg,27a7f376dda738ef76daf34dbe30a900,lick/lick_13,78,0.4433,
tag,11.v282i.yolov8_all_walk/valid/there-is-cat-that-is-standing-ledge_jpg.rf.181bd5275403c29b64c6696e8a484883.jpg,035e6e17761b738510578d02c62d3e81,stop/stop_149,6,0.4432,
tag,11.v282i.yolov8_all_walk/train/cat-country-yard_jpg.rf.df6533c669b14fe8984c82a00963c590.jpg,a37ac2a6a62a5c6b60b2cb040861dcce,scratch/scratch_53,81,0.4430,
tag,11.v282i.yolov8_all_walk/train/cutest-pet-cats-stand-looking-somethings_jpg.rf.4ca25599a3110733e8f9877fde904f26.jpg,6e537f4363a6c6e5c8cd74efbc874ce1,walk/walk19,75,0.4428,
tag,11.v282i.yolov8_all_walk/train/high-angle-view-dog-sand-beach_jpg.rf.dd5f1d36b00353453f5ce93d4a8d968e.jpg,da5030479475de84f1e46ad64daf9d8f,scratch/scratch_18,9,0.4428,
tag,11.v282i.yolov8_train_scratch/train/24-5-_mp4-0004_jpg.rf.dfe9b204a14cf451765579d69aa79bff.jpg,a15b9b986a628b8918c0a53262a3daf4,scratch/scratch_50,63,0.4428,
tag,11.v282i.yolov8_train_lick/train/3_mp4-0012_jpg.rf.94b831440a1cc3e7d970cfd7f861bf94.jpg,08a246aa99fbddad58eceb8f5dfc3994,lick/lick_7_hq,48,0.4427,
tag,11.v282i.yolov8_all_walk/train/istockphoto-495519624-612x612_jpg.rf.67c719ed3f564d56eb4e66ee28e60674.jpg,1e136ecd114723c8308d138c78735b59,walk/walk3,228,0.4424,
tag,11.v282i.yolov8_all_walk/train/istockphoto-2247566388-612x612_jpg.rf.4f3a73f1972cc23731f9d1a48c1fdebc.jpg,c87cf117de2e4c860fcb313d388f7cee,scratch/scratch_53,81,0.4423,
tag,11.v282i.yolov8_all_walk/train/portrait-cat-sitting-floor_jpg.rf.3a97aa60d4a7456f1770281bedac0c8e.jpg,a83b6433208360acf0b46eb2b18f32ce,walk/walk15,69,0.4423,
tag,11.v282i.yolov8_all_walk/train/pexels-sava-savov-445034768-15602771_jpg.rf.1ff94e5e10c409fd15b41a297d8e8b97.jpg,896ecce7cee9492579fd58d5a5da3deb,lick/lick_11,171,0.4414,
tag,11.v282i.yolov8_all_walk/valid/high-angle-view-cat-walking-footpath_jpg.rf.8116ce32a637c0c559b74a28fe0df26b.jpg,1e0067adccaefc53cb043e41415cfe97,shake/shake_79,84,0.4413,
tag,11.v282i.yolov8_all_walk/train/cat_62_jpg.rf.8283d92f241471abf461d0a78a10859d.jpg,f093186fb2ef5fe2006ed219ec6b2c8e,walk/walk18,21,0.4412,
tag,11.v282i.yolov8_all_walk/train/beautiful-young-bengal-cat-garden_jpg.rf.aedc7c48e52d2677f42de3b6aa3a6b68.jpg,ca177a6c129e02dcf455de0199925f16,scratch/scratch_13,108,0.4410,
tag,11.v282i.yolov8_train_lick/train/1-2-_mp4-0013_jpg.rf.94649ba33e98aafaaa799bba4387705b.jpg,8cbb2c800f75d9402e83dc33b53f13c1,lick/lick_2_hq,207,0.4410,
tag,11.v282i.yolov8_train_lick/train/5_mp4-0013_jpg.rf.167729ceb839ad792db2fa4406ce6321.jpg,068df0244fd55e0c4e2820238f9d09c5,lick/lick_39,222,0.4409,
tag,11.v282i.yolov8_all_walk/train/side-view-horse-field_jpg.rf.9f0690a8b4cade4878c275dcd45b5cea.jpg,ecab77038f63cc1b9be82a225aa15746,scratch/scratch_25,153,0.4405,
tag,11.v282i.yolov8_all_walk/train/pexels-sn-che-3918651-12377820_jpg.rf.bac17017525622b581f9e5c778b9d5c5.jpg,4bc29f277ee18d04325131244fc00c3a,shake/shake_79,87,0.4403,
tag,11.v282i.yolov8_all_walk/train/full-length-cat-5-_jpg.rf.89fbf907d77d44bca627f0850dcbdf00.jpg,64f49f93f68cc76a4fd256f34474c508,walk/walk25,315,0.4402,
tag,11.v282i.yolov8_all_walk/valid/cat-standing-footpath_jpg.rf.411a68d765aa7d0cb392d6f289b4d3e8.jpg,6ca17807305dad27d6fe574c944502d4,walk/walk25,141,0.4402,
tag,11.v282i.yolov8_all_walk/train/elegant-siamese-cat-profile-yellow-background_jpg.rf.8eb66519a72e9c1e8c9560ece00bc83f.jpg,70009ac311db003b2d4a7ab403d9c5ab,stop/stop520,42,0.4400,
tag,11.v282i.yolov8_all_walk/train/tiger-pattern-kitten-walking-field_jpg.rf.b08d1df3ae42a1c6d4f9902bd3c82881.jpg,65d6e3ddc6f9a55d52202a9c227f81f4,stop/stop517,99,0.4396,
tag,11.v282i.yolov8_all_walk/valid/side-view-cat-pigeons_jpg.rf.00b006a1e0267b6e3146f69617e3cd7b.jpg,8967decf1095ea1cdb82974e2dd1a712,shake/shake_92,75,0.4396,
tag,11.v282i.yolov8_all_walk/train/birman-cat-studio_jpg.rf.fa1aa898234dcfcacd49f6930e8e9ffd.jpg,455bc779b282b48c057a7326fae25b71,shake/shake_72,75,0.4394,
tag,11.v282i.yolov8_all_walk/valid/high-angle-view-cat-street_jpg.rf.62ab30ddf25d57dbd793b478305d731f.jpg,02bf1d7366b0a388563d61f89db0fa8d,shake/shake_8,42,0.4394,
tag,11.v282i.yolov8_train_scratch/train/1-36-_mp4-0005_jpg.rf.de93972f3a585670da7e29b4ee117915.jpg,6ce8f8c0a648e900ad5aaa6fe14e8945,stop/stop535,18,0.4389,
tag,11.v282i.yolov8_all_walk/valid/cat-portrait-close-up-looking-you-from-fence_jpg.rf.822aea35e27d12afca282e89cd7fec9d.jpg,c44a8aba08c77ec8589677f67608c1c6,walk/walk25,456,0.4388,
tag,11.v282i.yolov8_all_walk/train/cat-lying-down-road_jpg.rf.013a296fa56c732a5949c6dd3c989384.jpg,8854a938fae0e1c19b19b0a453dac7e0,scratch/scratch_39,48,0.4384,
tag,11.v282i.yolov8_all_walk/train/abyssinian-cat-home-with-her-owner-home-beautiful-purebred-short-haired-kitten-2-_jpg.rf.065fb928781d3517e2c5fe7bd503b7d0.jpg,c07dd4e1d127a9efdd7f5d00630c962a,stop/stop_95,48,0.4383,
tag,11.v282i.yolov8_train_lick/train/5_mp4-0015_jpg.rf.5e715ea4e470461fae3625a849fe195a.jpg,5d874607972e71ea812bb17aeb877c91,lick/lick_3_hq,60,0.4382,
tag,11.v282i.yolov8_train_lick/train/lick9-5_png.rf.eb0c3220ef04a73fc6e066448bb76678.jpg,51fe92a4c86b9f8e7891583d9ea355e2,shake/shake_8,0,0.4380,
tag,11.v282i.yolov8_train_scratch/train/1-36-_mp4-0009_jpg.rf.51b94ba7d7aa6033c75a2047ed500321.jpg,51fc0a5eb11ecfdd31a090d766c521ed,stop/stop535,12,0.4380,
tag,11.v282i.yolov8_all_walk/valid/view-cat-table_jpg.rf.358c21ad279a51aadea5010962672f07.jpg,8721ff205bb9127321529b756ca0fecf,scratch/scratch_14,237,0.4379,
tag,11.v282i.yolov8_train_scratch/train/GettyImages-948947216_mov-0001_jpg.rf.36413554fde89ab45901536c3e5cf32c.jpg,e5a1954688ebd9b8e8b9fd7032567b64,shake/shake_72,51,0.4378,
tag,11.v282i.yolov8_all_walk/train/olga-zakharchenko-7zZRz3-yeEs-unsplash_jpg.rf.acf44aad5c47d02dbe16a5a139d8485c.jpg,1ddd7b7781d43a8f8a33a29950b9992f,walk/walk10,66,0.4370,
tag,11.v282i.yolov8_all_walk/train/cute-curious-gray-white-kitten_jpg.rf.3390b9685743b23ac1d14820cad65014.jpg,ff71e06ecd9a740b6bd00a09cd2d7802,scratch/scratch_13,108,0.4365,
tag,11.v282i.yolov8_stop/train/videomp__mp4-0000_jpg.rf.66839dde9d5cfdf4ec5926f4f1545648.jpg,e90d00f132c228d30d845835cf3ee496,scratch/scratch_19,60,0.4363,
tag,11.v282i.yolov8_all_walk/train/pets-domestic-animals-concept-cute-cat-wearing-collar-walking-street-1-_jpg.rf.731ebe5896c729512fb9730da5190c83.jpg,ec32d599ef897a409321a58bb9534383,stop/stop_51,30,0.4361,
tag,11.v282i.yolov8_all_walk/train/portrait-scottish-fold-shorthair-cat-colored-wall_jpg.rf.3550a5a7e7e4cff71bccd3131e052515.jpg,c6f1810692391a7fbcb38916a1896e6c,stop/stop_144,9,0.4361,
tag,11.v282i.yolov8_stop/train/52457-12-_mp4-0036_jpg.rf.4779f80187f0577d62bed09d26772d20.jpg,912724b7a22685db45c63360e34e16f7,shake/shake_47,48,0.4359,
tag,11.v282i.yolov8_all_walk/valid/fluffy-domestic-tabby-cat-walks-outside-warm-sunny-summer-day_jpg.rf.4dbbe4e5a4a4cfb2f4bc306b4375f350.jpg,54cfc9c37fdd93e7cf12a04dfc15373f,walk/walk24,21,0.4358,
tag,11.v282i.yolov8_all_walk/train/shorthaired-cat-stands-cork-floor-curiously-looking-camera_jpg.rf.f50241b98b4d942aaf6f8370b1a905c1.jpg,33d749df8f1a3b40bdea08ab4f705214,shake/shake_75,228,0.4353,
tag,11.v282i.yolov8_all_walk/train/close-up-cat-staring-with-attitude-preparing-jump-1-_jpg.rf.413995849fbbe22da28eb578484e643c.jpg,6ae7ae8a5050c12557cae7af1640f2d8,walk/walk4,96,0.4352,
tag,11.v282i.yolov8_all_walk/train/cat-walking-outdoors-1-_jpg.rf.5194c508009a1ce52adecbd369b392d6.jpg,2cdd51e5602f8151bd609e681bad8c33,stop/stop539,15,0.4351,
tag,11.v282i.yolov8_all_walk/train/black-cat-walking-minimalist-white-room-with-soft-natural-light-shadows_jpg.rf.7500b5c80b89fe1cf9e388eb5f7ba758.jpg,85d446c4a6c76bdf0685bfca14f3c62c,walk/walk25,84,0.4350,
tag,11.v282i.yolov8_all_walk/train/close-up-abandoned-cat-mammal-feline-animal_jpg.rf.f70758a26e733688fe02e844e9def68c.jpg,858415fa398e59d848e9f1c3b594428f,stop/stop_141,15,0.4345,
tag,11.v282i.yolov8_all_walk/train/cat-looking-away-2-_jpg.rf.7bbc168dc5386dc4c56ca5d147a2a741.jpg,ea09eb1a36872d105cb3f573e6f3a9ee,walk/walk14,0,0.4344,
tag,11.v282i.yolov8_all_walk/train/gray-cat-with-pattern-yard-domestic-cat-realistic-photo-countryside_jpg.rf.56f2180e41cbdb8c51feb3f95065a8f3.jpg,70a7c1c07f0391d6397ee7ec6657938d,stop/stop_162,45,0.4343,
tag,11.v282i.yolov8_all_walk/train/full-length-cat-sitting-field_jpg.rf.cefff34aab8a2d7b3b288181e9ee3d91.jpg,f4ff6b784ee27fa0caee41cc43c87449,shake/shake_20,51,0.4338,
tag,11.v282i.yolov8_train_lick/train/3_mp4-0011_jpg.rf.c07656700d4609ccdc41fb20fa4c2f4a.jpg,875a93a14e5c9643ef33baab6fa8da5d,lick/lick_7_hq,48,0.4338,
tag,11.v282i.yolov8_all_walk/train/istockphoto-122179924-612x612_jpg.rf.1b599256069095b5212b39d1bfa941ef.jpg,1a6bc09e4609c37bc5541e504e42c882,stop/stop534,24,0.4324,
tag,11.v282i.yolov8_stop/train/1-2-_mp4-0000_jpg.rf.a55c719323f1c764daef2d341ce0d8f7.jpg,646a7508286dd786ece6658126154fdb,walk/walk28,27,0.4315,
tag,11.v282i.yolov8_all_walk/train/portrait-cat-12-_jpg.rf.525639df69f08af8e8a1338b55176818.jpg,1551c0ee30b5a143fdc880b9a75b1d68,lick/lick_51,201,0.4304,
tag,11.v282i.yolov8_all_walk/train/cat-walks-along-trail-against-backdrop-mountain-moses-egypt-4-_jpg.rf.dda95c4947d44d09643b3b10d295dd64.jpg,b6902c9ec5baddb2c2043bd04f092c1d,stop/stop528,69,0.4294,
tag,11.v282i.yolov8_train_lick/train/5_mp4-0009_jpg.rf.8c2bd0182e63e8d4aaa1113c189e8983.jpg,a8e72526f015116c793e0a033d5e765e,lick/lick_39,222,0.4294,
tag,11.v282i.yolov8_all_walk/train/cat-against-wall_jpg.rf.c0e9eac2209010badfd9e311cb8eba57.jpg,56e8d36e7e0fb6e881a284eef22846de,walk/walk27,0,0.4288,
tag,11.v282i.yolov8_all_walk/train/cat-walking-courtyard-house_jpg.rf.f48cd94f36edec85aae3b5f4c0a2eed2.jpg,8eb5e0952a564d8b6fe625975e8d43db,walk/walk3,246,0.4283,
tag,11.v282i.yolov8_all_walk/train/jakub-neskora-Gv1DdtgjGBA-unsplash_jpg.rf.3c659310bd608991df052ea725edb979.jpg,599e5955572e4422be0b81bc30906dae,lick/lick_25,402,0.4281,
tag,11.v282i.yolov8_train_scratch/train/scratch275724_mp4-0003_jpg.rf.8349fec4d6d92037a21cdad104308758.jpg,8bca179c8ff17e9af09a35cedd172618,lick/lick_51,189,0.4281,
tag,11.v282i.yolov8_all_walk/train/high-angle-view-cat-field_jpg.rf.7fb84e0e5862df14aff8fb486379dc0b.jpg,aa3e5fa875c92e595daa8c572b9a2fd5,walk/walk3,141,0.4275,
tag,11.v282i.yolov8_train_lick/train/1-2-_mp4-0016_jpg.rf.f1eb9dbe9364b30d251c837691948e1e.jpg,293b67234009b06682cbf1b125ceec58,scratch/scratch_11,198,0.4274,
tag,11.v282i.yolov8_all_walk/train/photo-1708274563273-beb322f46921_jpg.rf.be1e9ec0882e26982c240c85fb6121dd.jpg,cf54b3d72eba4eef074b127e05a3698b,lick/lick_25,402,0.4270,
tag,11.v282i.yolov8_all_walk/train/emilio-geremia-PwH5_CM9V9w-unsplash_jpg.rf.9d9ae0c146e25ba62ad745adc13d2bff.jpg,622655bef521f82aebfcb97fa698066e,scratch/scratch_13,81,0.4268,
tag,11.v282i.yolov8_all_walk/train/young-bengal-cat-walks-around-room_jpg.rf.6e3a59e5c54b40a56cdede4f695f171b.jpg,7d394b31d0be49994503387f7023a5d3,stop/stop_90,54,0.4268,
tag,11.v282i.yolov8_stop/train/1-2-_mp4-0007_jpg.rf.703bf379239c1af976cd1a42e892e106.jpg,e12b8c741e688a3df845d4bad88ea940,scratch/scratch_11,198,0.4264,
tag,11.v282i.yolov8_train_lick/train/1-2-_mp4-0012_jpg.rf.93eaac9a7313c382d23a973d66a810e3.jpg,ae74f79bde688a9b0f2f1c5d34a1a69f,scratch/scratch_11,183,0.4261,
tag,11.v282i.yolov8_train_lick/train/3_mp4-0006_jpg.rf.95044aa16586c452ddd8480c8a5e7fdc.jpg,440848eb4d847b24693051484e25f022,lick/lick_22,180,0.4261,
tag,11.v282i.yolov8_all_walk/train/frightened-black-cat-garden_jpg.rf.4a93fd22d14c09fb08800266f2b2bcd8.jpg,5ec8705b1842ecf364ce5ae6d802a54c,stop/stop505,3,0.4260,
tag,11.v282i.yolov8_all_walk/valid/red-cat-is-walking-cobbles-old-city_jpg.rf.da0bc15c89d2c2c0451730c84f0648a4.jpg,abb0a7e763147ef2d47d0cf28d9b7f5b,lick/lick_11,180,0.4260,
tag,11.v282i.yolov8_all_walk/train/istockphoto-1088401474-612x612_jpg.rf.1163cc9f1468c1280723b97a3bbbfb96.jpg,f90c2d3bfb1c42527f2135198cdec5fc,stop/stop_55,24,0.4259,
tag,11.v282i.yolov8_all_walk/train/cat-looking-away-while-sitting-outdoors_jpg.rf.68e35137f79eb259f45fd45966a41f3f.jpg,ff175e84b5590636beaccad0d1f2e400,shake/shake_5,24,0.4257,
tag,11.v282i.yolov8_all_walk/train/cat-looking-away-street_jpg.rf.ad383b7519c93865f851f5d6b1163b51.jpg,2beb21c62cdc1f0aff9921f8ab00f421,stop/stop521,0,0.4256,
tag,11.v282i.yolov8_all_walk/valid/small-ginger-kitten-walking-sidewalk-city_jpg.rf.dc050dfc4bf136155b23affaf272e076.jpg,f654d329eace259e3c5f316ff7563ce6,shake/shake_16,237,0.4256,
tag,11.v282i.yolov8_train_lick/train/1-2-_mp4-0009_jpg.rf.7113702b7a52f8915ed8e9819f1d4f50.jpg,09cf3ed8f679c287d9778119e6a24af7,scratch/scratch_14,150,0.4256,
tag,11.v282i.yolov8_all_walk/train/tabby-cat-crossing-road_jpg.rf.d36a99dc46dba8b857a533d8fd727408.jpg,3ae15a0b5602c0a9ed08489387f7dab3,shake/shake_46,6,0.4254,
tag,11.v282i.yolov8_all_walk/train/cat-4232979_640_jpg.rf.93959f482393f73f57169f1bf841b56c.jpg,13af38b8306c71de2f1db0667c5c9ecf,walk/walk18,0,0.4251,
tag,11.v282i.yolov8_all_walk/train/side-view-black-cat-field_jpg.rf.9e97e224cc86097516c5e3109dab24b4.jpg,d53da0e3e9dd488116e0bb84492ea74b,shake/shake_73,36,0.4251,
tag,11.v282i.yolov8_all_walk/train/20250911_112646909_iOS_jpg.rf.4eddaaec122dfdc649ca5b86db3dc67a.jpg,eeb0f633a78d73579d496c6c09f2d708,shake/shake_5,75,0.4249,
tag,11.v282i.yolov8_all_walk/train/portrait-cat-lying-grass-1-_jpg.rf.774866a693ba3071a4a876cc2cc245ac.jpg,c16f9673346c711f9779b1eab213390c,shake/shake_31,54,0.4244,
tag,11.v282i.yolov8_all_walk/train/cat-standing-grass_jpg.rf.92abbc6893e011e14e171acfc2ef199b.jpg,c93101d709a8af8cafe628ae136d9412,lick/lick_11,48,0.4240,
tag,11.v282i.yolov8_all_walk/train/pexels-raymond-petrik-1448389535-35008390_jpg.rf.e8ba1ee85f065dbe13db4240439e0734.jpg,3e2a92b163d21116ceabbebf6e64131a,lick/lick_116,147,0.4237,
tag,11.v282i.yolov8_all_walk/train/emiliano-vittoriosi-skl54C1HhNU-unsplash_jpg.rf.7792ca5292ef0578626cb370757975a4.jpg,04ff2506ad574f0f0c2e577dce296bb7,lick/lick_3_hq,3,0.4235,
tag,11.v282i.yolov8_all_walk/valid/white-spotted-cat-is-standing-roof-house_jpg.rf.28ad7df26f50009c23e9ec1ba31a115e.jpg,58b629732ce9dcef090e23c8735b22dc,scratch/scratch_65,27,0.4234,
tag,11.v282i.yolov8_train_lick/train/1-2-_mp4-0010_jpg.rf.90ae5deccde27e03dfb4ec9d6d039fcc.jpg,1285d9aa4330cd52ecc1222c78b404ec,scratch/scratch_11,198,0.4229,
tag,11.v282i.yolov8_all_walk/train/this-is-photo-orange-tabby-cat-standing-sidewalk_jpg.rf.4e8e9a8e1860b57c0fa981a097d5fd4a.jpg,230d579a5cef80a9a70ca75ab2e22d47,lick/lick_116,0,0.4224,
tag,11.v282i.yolov8_all_walk/train/cat-standing-fence_jpg.rf.30bc78845a68223abb713b885d33847b.jpg,f5f93132c72815391ac5c8cf14d8784c,stop/stop_104,21,0.4221,
tag,11.v282i.yolov8_train_scratch/test/scratch7811_mp4-0009_jpg.rf.d71da7b903d7855014e6fc10ffca85f4.jpg,aa6d6fb389f12bbe2f0ba5bb29f2c54d,shake/shake_56,72,0.4221,
tag,11.v282i.yolov8_all_walk/train/cat-walking-street_jpg.rf.000d33f6924386fe9114b2452aaa202e.jpg,b71a5fdc1ee6d69a8b8f75abbb2eefc8,scratch/scratch_30,210,0.4217,
tag,11.v282i.yolov8_all_walk/train/cat-looking-away-against-clear-sky_jpg.rf.5dfc9b14c27d76f23171f4a89902e931.jpg,ea60dd90def63ff753bc6a9605ee164d,stop/stop540,63,0.4216,
tag,11.v282i.yolov8_train_lick/train/5_mp4-0007_jpg.rf.e1d8e120db3c83cb22ee1b30beaabd14.jpg,baa1edf930b5946315cdc88e61c33976,lick/lick_39,222,0.4213,
tag,11.v282i.yolov8_all_walk/train/portrait-cat-standing-against-white-background_jpg.rf.05a6253c98bf6e58b9d07be3773baca0.jpg,f9d7c1f06ad256b364b135e35137d7c7,scratch/scratch_50,84,0.4211,
tag,11.v282i.yolov8_train_lick/train/lick9-2_png.rf.c8ef64b7a0f208f394901bfcd496af67.jpg,30bce0bdfd4de4454c26b0a16d5f0e21,shake/shake_8,33,0.4208,
tag,11.v282i.yolov8_all_walk/train/beige-kitten-1-_jpg.rf.aaf2adb8cb7d1a56c4a8d8a797b4fbca.jpg,23cf80038c1fca65d7e24b5d683fb0c4,stop/stop_90,21,0.4204,
tag,11.v282i.yolov8_all_walk/train/wren-meinberg-AL2-t0GrSko-unsplash_jpg.rf.573a1a42e7199989ce9878f04ac481be.jpg,e4f1b95148f912d65f50a3930692fc22,shake/shake_35,204,0.4203,
tag,11.v282i.yolov8_all_walk/train/big-red-cat-his-shadow-sunny-spring-morning-moscow-region-russia_jpg.rf.c2162c77dbfa4ae809c5fba5ec5f50b1.jpg,0784699b9d7b64f4de2bbc6798db04a0,lick/lick_102,66,0.4202,
tag,11.v282i.yolov8_all_walk/train/closeup-gray-feline-mammal-animal-walking-sidewalk_jpg.rf.d904763836cceecdf592d57ca8791302.jpg,c1a3c1cad3d0bba5aae66d3b51778c56,stop/stop517,3,0.4202,
tag,11.v282i.yolov8_all_walk/train/cat-walking-gravel-road-with-sign-that-says-cat_jpg.rf.6cda645d337e707f6c669b404e3416a8.jpg,ff8c064dc70ee14490ec75aa4fab7b8c,walk/walk25,90,0.4199,
tag,11.v282i.yolov8_all_walk/train/white-cat-walks-garden-sunny-spring-day-1-_jpg.rf.31faff012292b39f4659c37cfd87726b.jpg,db5b27a17c3b61eb58d80d2fc4b38dfb,scratch/scratch_65,33,0.4199,
tag,11.v282i.yolov8_all_walk/train/stray-cat-exploring-quiet-urban-street-sunny-afternoon_jpg.rf.cf4e72363a35c26a0dc0cd303da6210c.jpg,ab9d2210215b72dc1367dd51529fc01a,stop/stop521,33,0.4198,
tag,11.v282i.yolov8_all_walk/train/domestic-cat-walking-outdoors-pebbles-path-countryside_jpg.rf.38f9f3e295fa9dc21539b923836a41b3.jpg,b9cba9387874f280bcc261da1a18379c,stop/stop_162,6,0.4191,
tag,11.v282i.yolov8_all_walk/valid/cat-dog-shadow_jpg.rf.78b86445617929a7aa098267892eaa5e.jpg,7cfa2d4aa565eed447c36dcf7ccab1c4,scratch/scratch_11,0,0.4188,
tag,11.v282i.yolov8_stop/train/5_mp4-0002_jpg.rf.d3e9a494e26e2a198e68646c96ae2535.jpg,b1749081cd4d8310364608086e60bed6,lick/lick_3_hq,60,0.4179,
tag,11.v282i.yolov8_all_walk/valid/red-kitten-lies-gray-blanket-looking-around-interestedly-wants-play-with-silver-confetti_jpg.rf.4c685d4b90eef59446ba4f1f2e73db95.jpg,fee5e44e60cbbac718db26bc48a20177,scratch/scratch_38,171,0.4177,
tag,11.v282i.yolov8_all_walk/train/33057441863_cc1dc58477_o_jpg.rf.3b10ff5b91f0a79b5abd5e3b29fd136f.jpg,8e94cd381489db25d5b314af22d69c78,walk/walk25,195,0.4175,
tag,11.v282i.yolov8_all_walk/valid/portrait-cat-walking-town_jpg.rf.c8c22fa0747e5ab586b8d682796bc76c.jpg,77780485f0e931a8a71e121bd5c8dfae,scratch/scratch_54,225,0.4173,
tag,11.v282i.yolov8_all_walk/train/pexels-sam-suthar-2147706291-30901659_jpg.rf.5ea8a5b688276bc2b7b29c2c4726fb44.jpg,3aff7898b08157fc02c226a001cc487f,stop/stop_127,0,0.4172,
tag,11.v282i.yolov8_train_lick/train/2_mp4-0008_jpg.rf.1e2287954dfcb4bf5b256194cb60caf1.jpg,f754bb5d92320fc8df361ff0aed064dd,shake/shake_8,33,0.4167,
tag,11.v282i.yolov8_train_lick/train/3_mp4-0007_jpg.rf.6a13f5d31f18ad0940305487a443600a.jpg,854cddf545f7efde2e2ecd32bd4ac9c9,lick/lick_7_hq,297,0.4167,
tag,11.v282i.yolov8_all_walk/train/cat-3391507_jpg.rf.9f984102b02512add902edf6edb6cd86.jpg,3c31328504d36e8a262c072421e4da3a,shake/shake_72,51,0.4165,
tag,11.v282i.yolov8_all_walk/train/cat-looking-away-road-city-1-_jpg.rf.23410279d0547dd185dd3cc203d28291.jpg,09b67d06034788cec62ddf74c0cdda52,shake/shake_40,123,0.4158,
tag,11.v282i.yolov8_all_walk/train/portrait-cat-13-_jpg.rf.b4e510f70e8c79ffb52b3915bf90ef17.jpg,6fb917e1abffda2e9319928669f49c07,walk/walk24,93,0.4156,
tag,11.v282i.yolov8_train_scratch/test/scratch7811_mp4-0008_jpg.rf.4a3b717534e74d2ec13a3e0ece7583be.jpg,af35a69d19e2e2f688e77ba85befcca8,shake/shake_56,72,0.4154,
tag,11.v282i.yolov8_all_walk/train/kitten-street_jpg.rf.c63cf2f0220414705e4354bfb32c3e7a.jpg,0048e5df2355f92610d13b058f7ef76e,stop/stop532,60,0.4153,
tag,11.v282i.yolov8_all_walk/valid/beautiful-cat-port-homeless-cat-port-1-_jpg.rf.0d3f8f4214013b0fccb8242c573bea17.jpg,6ce7c3553856d02e2886a850c0dc4e89,walk/walk29,9,0.4150,
tag,11.v282i.yolov8_train_lick/train/lick15-2_png.rf.2e78c22b2c6310075f155279b8cfa91d.jpg,2a78bae5a6553bae38fb56e55cbd3158,shake/shake_8,33,0.4150,
tag,11.v282i.yolov8_all_walk/train/full-length-dog-field_jpg.rf.57cda0a56b41ed15f228252d2d210840.jpg,4bea62dcfc6f1ad7ef4297dbbf2b151e,walk/walk9,6,0.4142,
tag,11.v282i.yolov8_all_walk/train/side-view-cat_jpg.rf.99396ae68cd294ac912db5ef95d1e6fe.jpg,0f0faa793e46bfea685346f1af45f5bd,walk/walk3,111,0.4138,
tag,11.v282i.yolov8_all_walk/valid/curious-british-shorthair-cat-sits-near-kitchen-sink-modern-comfortable-kitchen-interior-1-_jpg.rf.a135c898d1e2ededeb10d291d9beb3dd.jpg,b547c64fa411b95651fe8de3d2326d0b,stop/stop_149,21,0.4129,
tag,11.v282i.yolov8_all_walk/train/portrait-cat-sitting-retaining-wall_jpg.rf.0238a87556293a92d4fb5087b8e224cb.jpg,2bc2f8ee8634f054d180039dc15fc1ef,walk/walk25,297,0.4128,
tag,11.v282i.yolov8_train_lick/train/lick9-4_png.rf.30d4c208e59eff4cf3516b19004213cc.jpg,68fbc64e3e3b36477120831461fb123f,shake/shake_8,0,0.4127,
tag,11.v282i.yolov8_train_lick/train/5_mp4-0010_jpg.rf.c49054283f21bfe1b9d71f1781a56db8.jpg,d556957597f727128dc0601ae808fb9d,lick/lick_39,222,0.4126,
tag,11.v282i.yolov8_train_scratch/train/scratch275724_mp4-0004_jpg.rf.b4ed599f5ce4f31eee3a97ffb6499c32.jpg,7c61d9a82b8f993bb78854dd5f621020,walk/walk25,483,0.4124,
tag,11.v282i.yolov8_all_walk/train/side-view-cat-road-2-_jpg.rf.e30c3a9801d79675f980602b553c3690.jpg,5012e34f6d4af6f55069855f0c9ae8e1,shake/shake_15,48,0.4123,
tag,11.v282i.yolov8_all_walk/train/cat-is-standing-couch-with-brown-basket-it_jpg.rf.cfb54f9add903329f5ca2f081d2063e2.jpg,ecb45ef18658c0e4c6df8da0199e8d01,walk/walk26,255,0.4122,
tag,11.v282i.yolov8_train_lick/train/5_mp4-0022_jpg.rf.15062c21016ba146670c4842e43cd90f.jpg,27919a69940889538e594b22a3438216,lick/lick_39,222,0.4122,
tag,11.v282i.yolov8_train_lick/train/10_mp4-0019_jpg.rf.b7f67400a96e286eaf74d3dc317edc8f.jpg,200f0ab41faa352efdf74877b3249ed2,lick/lick_101,72,0.4114,
tag,11.v282i.yolov8_all_walk/valid/cute-stray-cat-concept-charity-animal-welfare_jpg.rf.3ea82ecd0c2134321d8935d54b6119cf.jpg,ace345847e7e63230f6b4ce9ac092da2,stop/stop532,30,0.4110,
tag,11.v282i.yolov8_stop/train/scratch11-1_png.rf.588b1180277169120876f34958bd8664.jpg,28c2b5c96247b7449cd552e0830dddb2,scratch/scratch_19,60,0.4109,
tag,11.v282i.yolov8_all_walk/train/cat-rubbing-against-leaf-plant-garden_jpg.rf.09185a7565183cb321917cc6bbbd9f6f.jpg,f45531085156aa013ee25fa2f37b9e74,lick/lick_68,237,0.4108,
tag,11.v282i.yolov8_stop/train/1-2-_mp4-0009_jpg.rf.bf48008b6fa9592282a495c094617a27.jpg,256605de86aa517ba25422f61dea7122,scratch/scratch_11,198,0.4105,
tag,11.v282i.yolov8_train_lick/train/lick9-1_png.rf.b0bf64f37511517cd794ce26eb17d676.jpg,3c9327b52a55b7211938c48cebb9a00d,shake/shake_8,30,0.4100,
tag,11.v282i.yolov8_all_walk/train/istockphoto-1358719970-612x612_jpg.rf.aad63d2403e899a7b93d88d5ec90b44f.jpg,88083a00bf06e97971a18d51270dbb58,walk/walk3,255,0.4094,
tag,11.v282i.yolov8_all_walk/train/about-shin-jV-SWhl7eHM-unsplash_jpg.rf.17791185875bb2bc8811c4ad9ab9b02e.jpg,e4ae3114c6361734b928b850f03ca480,lick/lick_123,75,0.4088,
tag,11.v282i.yolov8_train_lick/train/lick9-3_png.rf.de896421e8169fec45bf72c9295e0ed8.jpg,c806135d53aa528a1aac03f7155a456d,shake/shake_8,0,0.4088,
tag,11.v282i.yolov8_all_walk/train/studio-photography-american-shorthair-cat-colored-backgrounds-2-_jpg.rf.90a7ca52096dce399296a70ccf1f7236.jpg,7064b61c69cf02db77ce7f03dbed5651,scratch/scratch_30,195,0.4081,
tag,11.v282i.yolov8_train_lick/train/10_mp4-0015_jpg.rf.522667b0cba72b9780672294ffe45457.jpg,fdea8a9af185344d74f6c553d63d4aae,stop/stop_104,27,0.4081,
tag,11.v282i.yolov8_all_walk/train/portrait-cat-19-_jpg.rf.70ed3a528e5423bc5cae5cbd12401e40.jpg,a69ba291d2f7ef14def4f60ff1372d79,shake/shake_19,0,0.4080,
tag,11.v282i.yolov8_all_walk/train/side-view-cat-11-_jpg.rf.42c1b6ba2ffd5b180dff03ffdd5be6c7.jpg,2a7449b88f53ec1c7b2b7946ca18f285,stop/stop521,117,0.4079,
tag,11.v282i.yolov8_all_walk/train/portrait-cat-wall_jpg.rf.5cc287cc33b3d75c760068534d7afcc0.jpg,aa8731bed87956d94726dd7e94ac1782,lick/lick_104,186,0.4076,
tag,11.v282i.yolov8_train_scratch/train/24-3-_mp4-0004_jpg.rf.1eaccdd423968fd8eae02dcce830f43c.jpg,757113cdbf98e2e7f3ab49074b8952f0,walk/walk18,60,0.4073,
tag,11.v282i.yolov8_all_walk/train/istockphoto-137858785-612x612_jpg.rf.65b718fed42665357ee0b8beea96144c.jpg,d15a90d35509cd2aa3dda24d98117368,stop/stop_149,6,0.4069,
tag,11.v282i.yolov8_all_walk/valid/lovely-kitten-portrait-abyssinian-cat-home-interior_jpg.rf.f96f6d0c8dd4bc4a2f48d83ee7b534d8.jpg,b88ba86d177eeee3abd3a2f7f64091b6,lick/lick_39,60,0.4062,
tag,11.v282i.yolov8_all_walk/valid/cute-cat-with-harness-grass_jpg.rf.78a7cbd737af0678832ef2477b03957c.jpg,b1b8eaa2d3cbf75a69083826e3627810,shake/shake_35,87,0.4058,
tag,11.v282i.yolov8_train_scratch/train/24-3-_mp4-0005_jpg.rf.df43057f4eb4625170d4be614c6d0f6a.jpg,ec56a21ffbc1148e9047684e0ae8d643,walk/walk18,63,0.4055,
tag,11.v282i.yolov8_train_scratch/test/scratch7811_mp4-0003_jpg.rf.2cf6ceacce0ec806dd51464706e60811.jpg,0872f06f8a577b7623bc0e0611814ff4,shake/shake_56,69,0.4052,
tag,11.v282i.yolov8_all_walk/train/fluffy-cat-wooden-fence-spring-day-adorable-bokeh-with-green-leaves-rural-cat_jpg.rf.d12e79a84b0e2336c52cf7d9b82bb63c.jpg,13c844d32d33950852ff19ddcb3c04c7,stop/stop_141,30,0.4049,
tag,11.v282i.yolov8_all_walk/train/red-cat-dirt-road_jpg.rf.50cd65eaa73fd2369b7ee041201a25d3.jpg,5d80115175dad7ffd6a72b98303212e2,stop/stop_55,0,0.4049,
tag,11.v282i.yolov8_stop/train/2_mp4-0000_jpg.rf.7066818bbcf94db01874bf8bb2cf6eae.jpg,3af59ae6eeeb6c2bde55794e65fbc731,shake/shake_8,54,0.4049,
tag,11.v282i.yolov8_all_walk/train/street-grey-cat-1-_jpg.rf.d103e94e214e7846904bd47450e40980.jpg,b43f1f4b9357c088cb4122dabbf251b6,shake/shake_18,57,0.4047,
tag,11.v282i.yolov8_all_walk/valid/cat-outdoors-2-_jpg.rf.71f37cf9b9c4ac780cdce3819ce917f5.jpg,ab1ea21aff0ae05f06544855f7e6c735,stop/stop530,0,0.4040,
tag,11.v282i.yolov8_all_walk/valid/abyssinian-young-cat-play-near-house-plant-beautiful-purebred-short-haired-kitten_jpg.rf.abd2ed645539bda7f698fd2756bf9bee.jpg,f8be933996bbb15513d6c2a74619d349,lick/lick_105,132,0.4039,
tag,11.v282i.yolov8_train_lick/train/2_mp4-0007_jpg.rf.825a7615c4a73d9ee7b8bee18e6d6f6c.jpg,44119c673041d2cbeace0872566ffe23,shake/shake_8,30,0.4035,
tag,11.v282i.yolov8_all_walk/train/cat-looking-away-street-city_jpg.rf.2904b2338c92fac38f964ace2668e59c.jpg,3f86b5fc81e18ae38132848b238d510e,walk/walk25,483,0.4033,
tag,11.v282i.yolov8_train_scratch/train/videomp__mp4-0005_jpg.rf.0425570b2d7f271a9a7f9cf49e96590a.jpg,de8efb6a4ecdfb5776e1063e2610224c,shake/shake_56,27,0.4032,
tag,11.v282i.yolov8_all_walk/train/cat-walks-courtyard-house_jpg.rf.5a307f623eb112691814a99b54f4788a.jpg,5b64eb22f8b001109b4148053e532331,walk/walk9,36,0.4028,
tag,11.v282i.yolov8_all_walk/valid/cute-ginger-abyssinian-cat-go-eating-meal-from-pink-bowl-with-food-wooden-kitchen-table_jpg.rf.012c8908d85be9f794ead13291baff15.jpg,53ae4217812b2dc1ec13c2c6628da864,shake/shake_64,24,0.4028,
tag,11.v282i.yolov8_train_scratch/train/scratch11-2_png.rf.f3084aae218fe79e5edf7167ca6b2261.jpg,cea3b24cab87ad426eb06a044897f305,shake/shake_56,27,0.4025,
tag,11.v282i.yolov8_all_walk/train/portrait-cat-sitting-outdoors_jpg.rf.38d446367b700da0d0b2e93f5c47463e.jpg,857bc5bcca964810dc64f2ef89edb9fd,shake/shake_9,54,0.4022,
tag,11.v282i.yolov8_all_walk/valid/portrait-black-cat_jpg.rf.e63cadb557676fc95f4dc685af08a415.jpg,fa091d1655628bb1b12268e918999533,stop/stop_162,0,0.4018,
tag,11.v282i.yolov8_all_walk/train/karina-g-SoVLZCNDweA-unsplash_jpg.rf.a6225d15bddf3af7bee3411df1ea73f3.jpg,51f26be7c33f3127fb96cb8ebb2db69f,walk/walk25,375,0.4012,
tag,11.v282i.yolov8_all_walk/valid/big-cat-with-white-black-orange-fur-walks-around-garden-cat-hunt_jpg.rf.7a8bcccca1bee6059351260931c30351.jpg,9a95de9f2cdcab6c4938206ef03b15c7,scratch/scratch_65,90,0.4006,
tag,11.v282i.yolov8_all_walk/train/big-red-cat-walk-promenade_jpg.rf.2459ea52d3684491ddd3e1012b07ed5d.jpg,694753267487ac236356e9d070a16a61,stop/stop_44,33,0.4004,
tag,11.v282i.yolov8_all_walk/train/Screenshot_20_png.rf.6a5cada4139f0b6a337744682435c7a6.jpg,aeabb6a5143e83cad4f7e6dce046ebb0,scratch/scratch_39,72,0.3999,
tag,11.v282i.yolov8_train_scratch/train/scratch11-3_png.rf.a3a79177f616e6b828ca26f41cf51e14.jpg,825b71aade9440dd3d5722852cc14ada,shake/shake_56,27,0.3998,
tag,11.v282i.yolov8_train_scratch/train/24-3-_mp4-0009_jpg.rf.dd6ebe1cb679f754afd8c429da7a751a.jpg,e71460d9009532d4207a9cd4e557eb38,walk/walk18,63,0.3994,
tag,11.v282i.yolov8_train_lick/train/6_mp4-0007_jpg.rf.0af1c2df393629cc41a6117c8aa1b854.jpg,c3874a6ea5764c8d6524a27235d74366,stop/stop_80,54,0.3993,
tag,11.v282i.yolov8_stop/train/5_mp4-0000_jpg.rf.09700e35898900a7b27368de3867169b.jpg,49e8c461e6893d63bd0067033f8d09e9,lick/lick_3_hq,60,0.3991,
tag,11.v282i.yolov8_all_walk/train/portrait-cat-wall_jpg.rf.90a4a6b61eda8d2df0661fe524cdb767.jpg,5f714dabc35d6250b22833cf6c0f053d,stop/stop_141,6,0.3986,
tag,11.v282i.yolov8_all_walk/train/cat-street-1-_jpg.rf.11fcfcbeac5195af1a31672c3fa01848.jpg,a82e9543437da1969f651873f9981f31,shake/shake_43,36,0.3984,
tag,11.v282i.yolov8_train_scratch/test/scratch7811_mp4-0007_jpg.rf.d277967a1922a3278cc00b77ad6c9d58.jpg,90464e87faf06dd266a270e2389d3672,shake/shake_56,72,0.3981,
tag,11.v282i.yolov8_all_walk/valid/portrait-cat-11-_jpg.rf.af36491763e2fcfc4d941ca3bd998bc4.jpg,52684db1e6e543bb94437cb2e5ca1f24,walk/walk25,438,0.3974,
tag,11.v282i.yolov8_all_walk/train/cat-street_jpg.rf.1100cb2e15e1af22a16df1367c0e5220.jpg,168f03fc63ab09ebe20170ccda3ae4b1,walk/walk3,234,0.3972,
tag,11.v282i.yolov8_all_walk/train/20250815_085937589_iOS_jpg.rf.12fe4763bfa50c953761f277aefb4cf4.jpg,4041cc8a33180ecbf86c1efd00558541,scratch/scratch_18,6,0.3971,
tag,11.v282i.yolov8_all_walk/train/white-cat-stands-wooden-table-looks-up-cat-toy-1-_jpg.rf.3c15bfc90625b34f57d2fd33d14d1c0a.jpg,3803e20a5dbdf9ee9bfdb6b8a4efcfab,stop/stop_146,57,0.3971,
tag,11.v282i.yolov8_all_walk/valid/stray-cat-are-searching-food-street-cat_jpg.rf.18855fbec166ed0b1af78e5ebb76d3b4.jpg,5c822beab17b6cb54398e3ef80536fe4,shake/shake_36,234,0.3971,
tag,11.v282i.yolov8_all_walk/train/white-cat-stands-front-cat-toy_jpg.rf.130da1b0b66c7c4e272ca075be78e19e.jpg,a1758f3c8b97b1c51cbe182c46f5b737,shake/shake_2,39,0.3968,
tag,11.v282i.yolov8_all_walk/train/cat-standing-outdoors_jpg.rf.3c52e321df5c4f2d22b91dbeed712e0c.jpg,28acabcf60c3805f2d294274561758d6,shake/shake_46,0,0.3965,
tag,11.v282i.yolov8_all_walk/train/homeless-hungry-sick-white-cat-outside-walking_jpg.rf.0888817b4db244808390f11745982054.jpg,1723a943185d4e90018c923996bc806a,stop/stop_140,3,0.3959,
tag,11.v282i.yolov8_all_walk/train/black-tabby-cat-walks-top-fence-late-day-light-balance-dexterity-street-cat-1-_jpg.rf.820bacc429c85e6eafaf01a57f042d33.jpg,29ea10ff672b41a89b333f13a6771d7a,walk/walk3,234,0.3958,
tag,11.v282i.yolov8_all_walk/valid/homeless-cat-seeking-food-into-forest-wild-animal-walking-into-woods_jpg.rf.b8f00d86c9a504feea554c4420420f15.jpg,e97731e2b840cc3bc5cde2233e16a366,walk/walk25,30,0.3958,
tag,11.v282i.yolov8_all_walk/train/home-cat-with-red-collar-outside-house-door-snowfall-sunny-winter-day_jpg.rf.3b63cfc179ad1f6e08038c4fd026d53f.jpg,c1a9c8e304ed92f8d7a8e4f6bd2ccc57,scratch/scratch_18,27,0.3957,
tag,11.v282i.yolov8_train_lick/train/5_mp4-0002_jpg.rf.5be311709f11d259e4333db5790fdada.jpg,699de1663dcbeb7e77898d719a3edad3,lick/lick_39,222,0.3956,
tag,11.v282i.yolov8_all_walk/train/cat-walking-road_jpg.rf.f5d843df3accb1ae1076db5b1f7e3001.jpg,789b5302ca514d4d5d46fdf9334fa13b,walk/walk29,105,0.3951,
tag,11.v282i.yolov8_all_walk/train/istockphoto-2244108930-640x640_jpg.rf.b2cc224d95caadd3553cb9ad675a79d9.jpg,2f5a58ce0628a087f9a65dd2e1543cdc,stop/stop516,42,0.3948,
tag,11.v282i.yolov8_all_walk/train/homeless-kittens-kind-people-feed-homeless-animals_jpg.rf.d07cdc9d3638be0baaa8015651493cf2.jpg,c3d3c498b4aae8623ecda4a941a582bd,shake/shake_8,15,0.3947,
tag,11.v282i.yolov8_all_walk/train/ginger-cat-wooden-walkway-with-thai-architecture-background_jpg.rf.6269f3eb346997f8520089398bfebb1e.jpg,3c900ebf8022774524e320d2d9b1423d,shake/shake_51,183,0.3944,
tag,11.v282i.yolov8_all_walk/train/portrait-tabby-cat_jpg.rf.0fc9d70b9e404cf38e1f4b00811a8b2b.jpg,7392170cd26f07f4614abe7a3ecf2343,walk/walk26,123,0.3938,
tag,11.v282i.yolov8_all_walk/train/side-view-cat-looking-away_jpg.rf.844a1d5488baed07084a073e817311d6.jpg,18b61de06525490a1533680425b634b0,scratch/scratch_57,177,0.3935,
tag,11.v282i.yolov8_all_walk/train/close-up-dog-home_jpg.rf.5215fbfb60819850600fe17b6c54e6b5.jpg,adbc63bce395ebbb70b4ed91ffb473fe,shake/shake_71,117,0.3934,
tag,11.v282i.yolov8_all_walk/valid/threecolor-cat-goes-along-road_jpg.rf.5f0c92e2dedaf872db44106fa43a186b.jpg,c0016328194498c213eeaca4d99d6dca,shake/shake_39,69,0.3931,
tag,11.v282i.yolov8_all_walk/valid/side-view-cat-standing-land_jpg.rf.80f458e191c8c841dad0ca3060102408.jpg,b98fe0571f24c5965427b3f1007451d0,stop/stop540,120,0.3929,
tag,11.v282i.yolov8_all_walk/valid/full-length-ginger-walking-street_jpg.rf.784059fe98140a1a94c9e13a6f8802a0.jpg,90b8c6a44361d144a2769cb5db225b0b,stop/stop_116,27,0.3922,
tag,11.v282i.yolov8_train_scratch/test/scratch7811_mp4-0002_jpg.rf.bb06c77eb3bc3c5aef7b97514a6174aa.jpg,6af36d2f8813bfb032ea124c7304e229,shake/shake_56,54,0.3917,
tag,11.v282i.yolov8_all_walk/train/dl314-lin-7HC7DzdNW7E-unsplash_jpg.rf.f3977357a0c8478773410cae6dd19f5a.jpg,c2be4dd6c02d8a2899ee342672384439,shake/shake_43,42,0.3915,
tag,11.v282i.yolov8_all_walk/train/cat-reflected-white-floor_jpg.rf.74a3f57eb85f195e69d5126868200796.jpg,13e2f28af8e3dfb5825da4099b26fad7,lick/lick_22,180,0.3906,
tag,11.v282i.yolov8_all_walk/valid/-2025-11-29-214510_png.rf.2e21a88b30b88eea077b2d803e8b7d2b.jpg,a45323506452d552c3a0268329da44e3,stop/stop_157,54,0.3905,
tag,11.v282i.yolov8_train_scratch/train/1-21-_mp4-0007_jpg.rf.853e26e3d0f92705f4843f18fbccbb7e.jpg,a494b2737712b9391ce7fbd07d1d345a,shake/shake_15,0,0.3903,
tag,11.v282i.yolov8_all_walk/train/rebecca-johnsen-G3uwjIgU7Ig-unsplash-1-_jpg.rf.666dedc8b98007b2ed73bc5f626e5295.jpg,9bf3a00786d12b0703623ce017fc0ece,shake/shake_64,57,0.3898,
tag,11.v282i.yolov8_all_walk/valid/cat-looking-away-field_jpg.rf.037f92ebe7bc30f0ee9db1e0593a9784.jpg,619c5842f566c2252590c62c16c993b8,scratch/scratch_10,33,0.3893,
tag,11.v282i.yolov8_train_scratch/train/videomp__mp4-0009_jpg.rf.af844e343bc4ddb1f670a281fc9f0f21.jpg,c6579144d5ce9cea0fc7315b24a908f6,stop/stop521,0,0.3890,
tag,11.v282i.yolov8_all_walk/train/sanjai-john-hp-8sgP4NYFBCk-unsplash_jpg.rf.a181cdb01613c1dee757d5a5799b9671.jpg,e5d798008a1385d4b7eb7ea4f5084d00,shake/shake_15,0,0.3878,
tag,11.v282i.yolov8_train_scratch/train/10-17-_mp4-0007_jpg.rf.2d87047bfc0d59e1bdd41aa171cb9bd1.jpg,0e6dba440e171e29c1dae60f7959e7eb,stop/stop_118,9,0.3873,
tag,11.v282i.yolov8_all_walk/train/portrait-cat-9-_jpg.rf.8cfb4d91f1fcb3f064a84de40afbfb9c.jpg,45f77c565cc90ed7fd095390caab20ff,walk/walk10,0,0.3872,
tag,11.v282i.yolov8_train_scratch/train/24-5-_mp4-0001_jpg.rf.8a2eb5b0b19c72bcf34c481bb7cb752b.jpg,1cede96dd3483247362e5b5e827272f3,scratch/scratch_50,54,0.3872,
tag,11.v282i.yolov8_stop/train/scratch11-4_png.rf.6cbcd577a8da8aeebb8d5e2455d659cf.jpg,f1e65ec41cdc23d0b3e791bb2382f82f,shake/shake_56,27,0.3872,
tag,11.v282i.yolov8_all_walk/train/low-angle-view-cat-footpath-1-_jpg.rf.4e618649ef8e62399d8b122f675ca606.jpg,8ca6400fe39226f0172878af1a1d6905,stop/stop521,3,0.3871,
tag,11.v282i.yolov8_stop/train/24-3-_mp4-0000_jpg.rf.f27f220c8089c079fc496eede79f020e.jpg,8a626260bad20805d449290ed242fcb7,walk/walk18,48,0.3871,
tag,11.v282i.yolov8_all_walk/train/-2025-11-29-215031_png.rf.e8dc81f617ac41933dcb214d58a773e3.jpg,9eac5d729b1401f42b13dfd25f013e06,stop/stop_56,6,0.3870,
tag,11.v282i.yolov8_train_scratch/test/scratch7811_mp4-0005_jpg.rf.7fda35d5caab89bdb74d540156b552e2.jpg,34aa9c8c03640e2ab70cdfffa852abfa,lick/lick_12,84,0.3868,
tag,11.v282i.yolov8_all_walk/valid/cat-looking-away-1-_jpg.rf.47a3f2646e86494ac8f3a5873dabbbc5.jpg,9c1a9eaae6c3a42aec2f04a121501368,lick/lick_26_hq,303,0.3866,
tag,11.v282i.yolov8_all_walk/valid/cat-field_jpg.rf.25e4837840727812e68229cbc1d9bcaf.jpg,18e4c66a08ece15fefbe8c04031b5220,lick/lick_44,66,0.3864,
tag,11.v282i.yolov8_train_scratch/train/24-3-_mp4-0006_jpg.rf.7127516b33ce004c396d7fbe59b64157.jpg,495003fd97b79f655ea849e23cb40f09,walk/walk18,63,0.3864,
tag,11.v282i.yolov8_train_scratch/train/videomp__mp4-0008_jpg.rf.4e36d5d72a3d84cdaeebf3fb9cddb939.jpg,96fa83df7a464e74df8647c31676873a,stop/stop521,0,0.3857,
tag,11.v282i.yolov8_all_walk/train/cat-sitting-road_jpg.rf.d388c1116025d46e5d2a474dbfd211ac.jpg,dcfc33295c67b1b681fd0b9fe2e8c3fb,shake/shake_13,36,0.3846,
tag,11.v282i.yolov8_all_walk/train/curious-british-shorthair-cat-sits-near-kitchen-sink-modern-comfortable-kitchen-interior-2-_jpg.rf.440513030d844ea52353a98e24a99f3e.jpg,38085e49e8acdba7564a2a1adf44aac2,walk/walk3,249,0.3839,
tag,11.v282i.yolov8_all_walk/train/cat-standing-against-white-background_jpg.rf.e614e34f64f2480a7892e9883133638f.jpg,2df57e2431a6296cee9a59ffa7c136ad,shake/shake_64,12,0.3833,
tag,11.v282i.yolov8_train_scratch/train/videomp__mp4-0006_jpg.rf.728ab96a2364cc0f5650fc950c8124d9.jpg,6c434ea560bcf1ae353a189b6c99325b,shake/shake_56,27,0.3832,
tag,11.v282i.yolov8_all_walk/train/cat-standing-road_jpg.rf.dfa5a45a668cade2fa2d618fafc64cf3.jpg,b7638aa4abf6c4ed853de08194ba85b0,stop/stop_162,0,0.3831,
tag,11.v282i.yolov8_all_walk/train/istockphoto-1186146841-612x612_jpg.rf.2416a980877dae3ff564e568519ea2ac.jpg,9190b23f1960fbc21ed6464817e0ea6a,stop/stop_157,3,0.3827,
tag,11.v282i.yolov8_all_walk/train/side-view-giraffe-standing-field-forest_jpg.rf.c158dc3aa090cf72941bc94dce559fe5.jpg,bf17c282de548d7c172f23ac900111b8,lick/lick_39,144,0.3823,
tag,11.v282i.yolov8_all_walk/valid/pet-water-dispenser-with-automatic-gravity-refill_jpg.rf.2f3a11c12c86734cee7292ec971d773d.jpg,1e6cbb0eab93f0a32796475ff5955d91,stop/stop521,0,0.3818,
tag,11.v282i.yolov8_stop/train/6_mp4-0000_jpg.rf.f20f0780128625ed133d55f9a8cd459d.jpg,ac83d94254a48c1e2a01133c95b56a92,stop/stop535,99,0.3816,
tag,11.v282i.yolov8_all_walk/train/cute-domestic-cat-rural-landscapes_jpg.rf.4179bd91e152e9d09d4cfb1202815bdd.jpg,b79c98e54315b05371f5eb5a59b79653,stop/stop532,12,0.3810,
tag,11.v282i.yolov8_train_lick/train/52457-12-_mp4-0026_jpg.rf.9c460e438ae80d236a050655c6bef59b.jpg,14d39a963ca4f2ae7afbe7429bffdd19,walk/walk29,69,0.3806,
tag,11.v282i.yolov8_all_walk/valid/old-gray-homeless-cat-walks-along-old-stone-pavement-with-stones-various-shapes-side-view_jpg.rf.77958afac87e8e2a6aa8db58fa6d1bcc.jpg,de0131c3211929161d65e3d8034b36cd,walk/walk25,564,0.3800,
tag,11.v282i.yolov8_train_lick/train/52457-12-_mp4-0024_jpg.rf.c9a0cd25767b562d77f40500ab4be95c.jpg,3bf82e21a1832c9da68b17330003c852,walk/walk29,69,0.3796,
tag,11.v282i.yolov8_all_walk/train/cat-looking-away-1-_jpg.rf.26185c94a309399e45e515b6424309fc.jpg,25e1ca54eca3ff3830e9b67c1f415401,stop/stop_119,36,0.3795,
tag,11.v282i.yolov8_train_scratch/train/videomp__mp4-0007_jpg.rf.c168c5fdc640bb02de8b01d2d46ef467.jpg,775809daf709f6ce4cb24aa166588785,shake/shake_56,27,0.3789,
tag,11.v282i.yolov8_all_walk/valid/pexels-izafi-25540942_jpg.rf.5b7ea36788ef605fd14ac5bcbc7714c2.jpg,21fb0473a9ca66bc5d49af3ac65cb43b,shake/shake_46,39,0.3784,
tag,11.v282i.yolov8_all_walk/train/cat-standing-rock-1-_jpg.rf.b2fec94cae0ea1f25ec476de950da72d.jpg,7f930491057af44024312f2c50b89df0,walk/walk17,39,0.3782,
tag,11.v282i.yolov8_train_scratch/test/scratch7811_mp4-0001_jpg.rf.f6acfae42060a984fd87d59f5fd2d4bf.jpg,3fc3b21957a87271f61d774d853a196d,shake/shake_56,39,0.3778,
tag,11.v282i.yolov8_train_scratch/test/scratch7811_mp4-0006_jpg.rf.b822138323c8aa62de27c4f47726176c.jpg,ab505a2214438d3f32064d8e771401e9,shake/shake_56,72,0.3774,
tag,11.v282i.yolov8_all_walk/train/homeless-ginger-cat-runs-along-sidewalk-life-pets-urban-environment-1-_jpg.rf.443c85e76d1af10410c7cc7f03d69e4d.jpg,10e8cc33945c98d05bbe58fd39020608,lick/lick_39,222,0.3773,
tag,11.v282i.yolov8_all_walk/train/elegant-oriental-shorthair-cat_jpg.rf.02e471ecc94231ae9ca5ecd0ad505db8.jpg,4c99f1315d66a9e0ec27add39216edcd,shake/shake_71,51,0.3769,
tag,11.v282i.yolov8_all_walk/train/bengal-kitten-studio-1-_jpg.rf.66f128632a2c5587f28303a6d59d9958.jpg,8f7dba6bd17b3a6bfbf8880db33c1e8e,stop/stop_90,54,0.3768,
tag,11.v282i.yolov8_train_scratch/test/scratch7811_mp4-0000_jpg.rf.baffa1fb441b63301490fea40d5ffeeb.jpg,b499ed8383de6581ebac167253ef791e,shake/shake_56,30,0.3754,
tag,11.v282i.yolov8_all_walk/valid/salvador-bahia-brazil-january-21-2015-cats-are-seen-graves-campo-santo-cemetery-city-salvador-bahia_jpg.rf.1c4d3cb74b4d710330f00da38c356d31.jpg,8ec7f3e82ce36d59df8de2605ab72612,lick/lick_3_hq,459,0.3750,
tag,11.v282i.yolov8_train_scratch/train/scratch_54_mp4-0007_jpg.rf.09c22786617e536d629579c1200a023b.jpg,557133023d9d71ffc81a83888ba1f209,lick/lick_105,6,0.3746,
tag,11.v282i.yolov8_train_scratch/train/10-17-_mp4-0008_jpg.rf.2d0133894251c58525447757e8923a7e.jpg,22e4cfa46edd7d926a5645056f9ec89f,stop/stop_118,0,0.3741,
tag,11.v282i.yolov8_train_lick/train/1-7-_mp4-0010_jpg.rf.f5a991463e8a7e79d27367b5d03b0982.jpg,3b1a12420fd891318b7a02a9eb6883fe,stop/stop_161,24,0.3739,
tag,11.v282i.yolov8_all_walk/valid/portrait-cute-tricolor-cat-walking-street_jpg.rf.c8674e738c44f0ec138ca3a30375ab4c.jpg,e7d3dff13a165ffe38474c31d7ee135d,stop/stop502,0,0.3737,
tag,11.v282i.yolov8_train_lick/train/52457-12-_mp4-0016_jpg.rf.e15eeb3badda736d7efd0da12c2a61a7.jpg,869e007760a95b9c3390552038839ecf,walk/walk29,69,0.3731,
tag,11.v282i.yolov8_all_walk/train/portrait-cat-walking-footpath_jpg.rf.10ea63b5fb415593920792aee4e59b27.jpg,bb23cfa254edd334e149b98c3b12b382,stop/stop_90,54,0.3721,
tag,11.v282i.yolov8_train_lick/train/1-7-_mp4-0008_jpg.rf.cf69843ace5fd64da86bf97e7ceb9c0c.jpg,101342ba799c2d6e48d8eb25553cfa9b,stop/stop_161,24,0.3720,
tag,11.v282i.yolov8_all_walk/valid/cat-grass_jpg.rf.1a62b8be8234dfa4685711e73df3e66c.jpg,e5e01dc504fab673b636e615c106892f,shake/shake_65,69,0.3717,
tag,11.v282i.yolov8_all_walk/valid/side-view-dog-standing-against-sea_jpg.rf.adf6a750e7e65d9cdcd7a43d55bf6173.jpg,eb81377b0ee283326d339abdfc3c44db,shake/shake_71,0,0.3711,
tag,11.v282i.yolov8_train_lick/train/52457-12-_mp4-0015_jpg.rf.b7531b05ee01c75935be0947decf38d6.jpg,6069daf39ac2b3846a551fdee256884f,walk/walk29,69,0.3709,
tag,11.v282i.yolov8_all_walk/train/low-section-cat-standing-footpath-by-street_jpg.rf.5b233a50f866a62f3325085b7e4458e1.jpg,3f4a185b61fa5edf0e0e6ba658bc69ed,stop/stop505,3,0.3694,
tag,11.v282i.yolov8_all_walk/train/side-view-cat-walking-rock-1-_jpg.rf.5e47a95a7ac87c5056d60ece0d81abb7.jpg,20433f22bc82454ab7fb4ed927e4340b,stop/stop531,84,0.3694,
tag,11.v282i.yolov8_all_walk/train/portrait-cat-tiled-floor_jpg.rf.08eec40ed9c3b1e6d8fcf42a5b5b23ea.jpg,47adbfa004d2f9e6a7235bcc371e717a,stop/stop_142,33,0.3678,
tag,11.v282i.yolov8_all_walk/train/side-view-birds-street_jpg.rf.b9760296081e12d48932a92cabffef72.jpg,784c7715e18efbc8e353b095ef202371,walk/walk18,0,0.3675,
tag,11.v282i.yolov8_train_lick/train/2_mp4-0007_jpg.rf.4789627ea6c30f847772a9591fde37ee.jpg,d60d51a40cda2ace8c01f3fb95250c15,shake/shake_99,51,0.3670,
tag,11.v282i.yolov8_train_lick/train/2_mp4-0008_jpg.rf.6218a39ba4b5ec559cf09bb51196a201.jpg,970637bd50cc96bc502176c8093f3c27,stop/stop_157,18,0.3666,
tag,11.v282i.yolov8_all_walk/valid/white-spotted-cat-winter-road-asphalt_jpg.rf.fd4b0e80ebd8bb90a9005dd467cccabe.jpg,546af6d4db68e9be05b7bd3966ed0d8d,stop/stop_115,54,0.3665,
tag,11.v282i.yolov8_all_walk/train/white-brown-cat-walking-street_jpg.rf.6b4e6997e97adc5e0da542cf0cfb072a.jpg,e2d343d706942405ce34043c4603648c,lick/lick_2_hq,96,0.3661,
tag,11.v282i.yolov8_all_walk/train/cat-sitting-table_jpg.rf.42574a3c1926d26b3e466131c4c2ea0b.jpg,1638d06c757c6037dfb70aa15e21696e,scratch/scratch_46,30,0.3645,
tag,11.v282i.yolov8_all_walk/train/white-cat-walks-yard-close-up_jpg.rf.93a2f60a302fe6981bad6ecf4d5de597.jpg,ecbdd591614f34eb08876ec09308b235,lick/lick_44,153,0.3642,
tag,11.v282i.yolov8_all_walk/train/portrait-cat-standing-outdoors-2-_jpg.rf.9c94b45e2f93923819d2646942484f2d.jpg,95affdc03a36310d6b757056370ad0ad,stop/stop_51,33,0.3631,
tag,11.v282i.yolov8_all_walk/train/studio-photography-american-shorthair-cat-colored-backgrounds-1-_jpg.rf.3cb44945e056f93d38a9cb98fbaa5d93.jpg,799b230c05980018cd215b10a7ff4a57,shake/shake_36,42,0.3627,
tag,11.v282i.yolov8_all_walk/train/portrait-cat-11-_jpg.rf.71607caf42b410f3f8fcd2a3174439c4.jpg,2d8e78920b4b09199632c0b2381a8637,stop/stop542,72,0.3626,
tag,11.v282i.yolov8_all_walk/valid/cat-field-cut-wheat_jpg.rf.cd37518fe7fc67e55187894a7bab7a25.jpg,775e314ae57966dadb71734d552287e0,stop/stop520,39,0.3620,
tag,11.v282i.yolov8_train_lick/train/The_video_duration_must_be_exa-1-_mp4-0009_jpg.rf.fa7981c4f3f13e714182e8eefb56d062.jpg,5ad55de261bc5593ad518b17edeb48c3,stop/stop_56,60,0.3619,
tag,11.v282i.yolov8_all_walk/train/stray-cat-urban-brown-striped-cat_jpg.rf.67b652f0029da708afaa04c3a117bbde.jpg,313d51636edb0558f02fda578db03057,stop/stop_112,54,0.3618,
tag,11.v282i.yolov8_all_walk/valid/cute-cat-table_jpg.rf.64e284a646d89250c8e79d38e2c0a479.jpg,a8a189811c8d8fcf102bfcfb5aab4977,lick/lick_44,231,0.3618,
tag,11.v282i.yolov8_train_lick/train/2_mp4-0021_jpg.rf.f0e2300bff1ae5d130e1570428b30fe7.jpg,5b3f5fdc1d5b83e8e43abae26a5eccfd,lick/lick_5_hq,282,0.3617,
tag,11.v282i.yolov8_train_lick/train/2_mp4-0014_jpg.rf.8b8051a6acbc16bfea5df5f21d2f8f74.jpg,e28353e7e954140c45eb9d10a4b61621,stop/stop_157,0,0.3611,
tag,11.v282i.yolov8_all_walk/test/view-two-dogs_jpg.rf.e9661dc3c201dcd3aa8c0da5d458c571.jpg,e8b4603fdd60d7d809d87b7d619e5b47,shake/shake_5,54,0.3606,
tag,11.v282i.yolov8_train_lick/train/1-1-_mp4-0014_jpg.rf.25ea03eee4c245361dd24d1f822f86fd.jpg,8cc60214bebc589746b9423ebf81f3c2,shake/shake_8,183,0.3606,
tag,11.v282i.yolov8_train_scratch/train/scratch_54_mp4-0005_jpg.rf.1860499247734b334ac6fbdb0818328c.jpg,5b41de38a5f9e9fdd539d4027c0dad45,lick/lick_105,15,0.3605,
tag,11.v282i.yolov8_all_walk/train/stray-cat-walking-streets_jpg.rf.c38f0ff5e991ce1daffed11e01a94d5b.jpg,4f6e6276338ef81e4c58e30730bf9f67,lick/lick_13,72,0.3600,
tag,11.v282i.yolov8_train_lick/train/1-7-_mp4-0017_jpg.rf.1a705050700e131b61367416849da875.jpg,2e02660ee45b02932b929c20738a699a,stop/stop_161,24,0.3600,
tag,11.v282i.yolov8_all_walk/train/portrait-cute-beautiful-kitten-as-domestic-animal_jpg.rf.cf19e874d7a6b79c5c2f6a309a37827d.jpg,fcc50d3c966c9d160f9254511cd34b4c,shake/shake_104,36,0.3599,
tag,11.v282i.yolov8_train_scratch/train/1-21-_mp4-0006_jpg.rf.f50cff7c71412491205c04cc63fe8224.jpg,575dbca3385fed5511dbed15fdb91aab,stop/stop_104,9,0.3597,
tag,11.v282i.yolov8_train_scratch/train/scratch_54_mp4-0006_jpg.rf.ef0206165e4e0a400d6f1ceb78ba58ce.jpg,1698a7de693b889184d98e05c71518a0,shake/shake_70,60,0.3596,
tag,11.v282i.yolov8_all_walk/train/portrait-cat-street-1-_jpg.rf.972e5c7dae9ef8965c000991efcdbf81.jpg,83f7512599e825c68c669cc317127fc6,scratch/scratch_53,9,0.3593,
tag,11.v282i.yolov8_all_walk/train/small-orange-stray-cat-walking-red-rocks-mountainous-landscape-background_jpg.rf.ebcbbcf26b5c1ee3d279a5288e66ad16.jpg,66373e7d47d39e3daab6778259ff60f9,stop/stop528,51,0.3585,
tag,11.v282i.yolov8_train_lick/train/1-7-_mp4-0018_jpg.rf.e746d69bdfe293aae7b56b526f5059f1.jpg,71bf01950305849441585984daf0f9f4,stop/stop_161,24,0.3583,
tag,11.v282i.yolov8_all_walk/train/portrait-cat-10-_jpg.rf.3dc3bc1c5498cc0211808d29b492eda0.jpg,33d095763aa267fc5cd153248fabea3c,shake/shake_70,42,0.3582,
tag,11.v282i.yolov8_train_scratch/train/24-3-_mp4-0022_jpg.rf.a72dbc9f6eb375ea018deac1cfbd93a0.jpg,987f876b45673f9e51f319931baed41d,walk/walk18,60,0.3578,
tag,11.v282i.yolov8_all_walk/train/dog-looking-away-outdoors_jpg.rf.11b52e7b3b83e210508daf95ea67061c.jpg,2662661809c2dc7ae0d3bb474f97e524,lick/lick_13,66,0.3577,
tag,11.v282i.yolov8_all_walk/train/white-orange-black-cat-fluffy-cat-go-away-outdoors_jpg.rf.094d15b708dc2dff2961ed9e4b4d2b20.jpg,643ffffdf98ea740606bbb490e35a9a6,scratch/scratch_30,216,0.3577,
tag,11.v282i.yolov8_train_scratch/train/1-21-_mp4-0005_jpg.rf.09ab8957cb3e5971b77ebca2d8d36042.jpg,bfa52880e89891736080888aef11c701,shake/shake_25,177,0.3571,
tag,11.v282i.yolov8_train_lick/train/2_mp4-0011_jpg.rf.e8d04eeb7c36ff5f674b73fb74cee75d.jpg,574125c9f826ed0b4b7d85efe620992b,lick/lick_5_hq,282,0.3570,
tag,11.v282i.yolov8_all_walk/train/20250502_115511722_iOS_jpg.rf.a926214013e1c6e857d1eebcf49e98f3.jpg,79f7eccf72ce84e5396ebccbf9611e40,shake/shake_46,0,0.3569,
tag,11.v282i.yolov8_train_lick/train/1-1-_mp4-0010_jpg.rf.2a583405a0df2b5ace70470345ddf1d2.jpg,04d2e937ec80f1629fd21f027afa44b9,shake/shake_8,183,0.3567,
tag,11.v282i.yolov8_all_walk/train/marisca-kadharmestan-wjsBdqGydDY-unsplash_jpg.rf.543fecfc474fdc1481de7f74d710ac3c.jpg,3605042b0299a38cd1cc9986a3ca72d3,stop/stop_173,0,0.3563,
tag,11.v282i.yolov8_all_walk/train/gray-cat-walks-past-bride-groom-blurred-background_jpg.rf.1c9a261d747c19a24f8ea433aa55704d.jpg,cde87a2b1269d0d9989ff3f32786d715,lick/lick_13,6,0.3558,
tag,11.v282i.yolov8_train_scratch/train/scratch_60_mp4-0009_jpg.rf.5e07d32a56ee5ff1a3ab14ea6d133ce2.jpg,22810ea49b1f48eb434dd7c88f2bdb65,walk/walk5,93,0.3557,
tag,11.v282i.yolov8_train_lick/train/2_mp4-0015_jpg.rf.cb4d89ef0261aab04a31591c0b59bdc3.jpg,e76ca25961831bf5ef9b60cb7d5301d1,stop/stop_157,0,0.3537,
tag,11.v282i.yolov8_train_lick/train/2_mp4-0008_jpg.rf.93e647ce213f4615f061dedee55596f4.jpg,419f58f2e5c79239510dde1ead38a868,lick/lick_5_hq,282,0.3533,
tag,11.v282i.yolov8_all_walk/valid/side-view-cat-looking-away-2-_jpg.rf.09f496ec021500bf24745a655175ab62.jpg,82c8a0e13c97c34c007c48a2b1bc27d8,walk/walk26,369,0.3530,
tag,11.v282i.yolov8_train_scratch/train/10-17-_mp4-0006_jpg.rf.07c02adbcae3d4cf9aba53fcfdf14dfc.jpg,cf9736137da071332b9ca6bb505d84d9,stop/stop_118,0,0.3528,
tag,11.v282i.yolov8_all_walk/train/cat-6126675_640_jpg.rf.7e2ebf6587776c8ff9da95522c97d8bf.jpg,9a5768caa7b14ae93ea89a8d6bd1e4a4,shake/shake_64,36,0.3522,
tag,11.v282i.yolov8_all_walk/train/lonely-alone-street-stray-cat_jpg.rf.8ca181f9ff9879b1c635a23f00f128c8.jpg,a6be620e3f0e6234af84d54948afe57d,walk/walk26,57,0.3514,
tag,11.v282i.yolov8_train_lick/train/2_mp4-0009_jpg.rf.74cc30284fbe154ac4342d14f79fb8b0.jpg,6a6f8806b253a21809a356973db980d4,lick/lick_12,57,0.3506,
tag,11.v282i.yolov8_train_lick/train/1-1-_mp4-0007_jpg.rf.222ac56c8da689129266cd8990075ce4.jpg,87110c99e79ebbde5213d89bccce39e1,shake/shake_8,183,0.3502,
tag,11.v282i.yolov8_all_walk/train/portrait-cat-17-_jpg.rf.5c403681a41d2adf4261496195cc556d.jpg,e922905463a562e284bed219ee97a5dd,shake/shake_4,0,0.3494,
tag,11.v282i.yolov8_train_lick/train/1-7-_mp4-0007_jpg.rf.66803e1b71f1094a28c2b09ca5daacdd.jpg,86aebeca4413dc6d2db658711d0bc1ee,stop/stop_161,24,0.3493,
tag,11.v282i.yolov8_train_lick/train/2_mp4-0008_jpg.rf.80c5e58ce2efc41aa6eec9d5134fd437.jpg,a9e2a29bab4b7c3a5c8294585982280a,lick/lick_12,57,0.3480,
tag,11.v282i.yolov8_all_walk/train/cat-walking-road_jpg.rf.117ac53ac3b61d492eb6c365b28a8838.jpg,283872c4e91f8b6b59c7ed740832515d,shake/shake_75,201,0.3474,
tag,11.v282i.yolov8_all_walk/train/100-13-_png.rf.fdc90ca1e14dd080f106b79cc13481fd.jpg,123c7737e396b4ea36d2035642ae40f6,walk/walk23,111,0.3469,
tag,11.v282i.yolov8_train_lick/train/2_mp4-0022_jpg.rf.29e4fb6dd3f3654fee449a15063a91a9.jpg,1253167efc09a14b613aef8820096263,stop/stop_80,54,0.3469,
tag,11.v282i.yolov8_train_lick/train/2_mp4-0009_jpg.rf.515259e7a0e749538e41c724ecd438b8.jpg,5a7cfb29939fa35d41ca665c74f34e40,lick/lick_5_hq,276,0.3468,
tag,11.v282i.yolov8_all_walk/train/cat-walking-by-plants_jpg.rf.66c6adf255ec62dd71c2af53e9ae3194.jpg,4c1fb450ebc5d2c1d08ed6c40299a51f,shake/shake_77,36,0.3456,
tag,11.v282i.yolov8_all_walk/train/beautiful-ginger-tabby-cat-living-room-home-space-text-kitchen-background-cute-pet-concept-cat-sitting-floor-home-copy-space-close-up-adorable-domestic-pet_jpg.rf.13fd988c9a2486674708c366fdcaa3f0.jpg,51bb50554e2c8b9a73fbd39dd2da4c7d,stop/stop_80,39,0.3455,
tag,11.v282i.yolov8_train_lick/train/2_mp4-0020_jpg.rf.9ab894688d7e134a068b9848062a2bb6.jpg,b6a710350a31a339f2956879b7465620,lick/lick_12,54,0.3436,
tag,11.v282i.yolov8_all_walk/valid/high-angle-view-cat-standing-field_jpg.rf.81522d8e67d4069c4036b65813502cce.jpg,671f4c75bf02a9b44f18d0c76d82d5e3,lick/lick_39,207,0.3427,
tag,11.v282i.yolov8_train_scratch/train/6_mp4-0000_jpg.rf.522c43f3e0ffced4fb5876cf08779cb6.jpg,d027c9c90945415527fd005ea3a6d6a0,lick/lick_22,180,0.3427,
tag,11.v282i.yolov8_all_walk/valid/old-town-tbilisi-with-colorful-streets-facades_jpg.rf.9e07fdc795e98c8044d3574ffbbe8468.jpg,7c5b39cae84a74101bf2fb001e0c124f,lick/lick_27_hq,174,0.3424,
tag,11.v282i.yolov8_all_walk/train/portrait-cat-floor-2-_jpg.rf.ff11236d19267ef63b49535e84acd1aa.jpg,863cbe4781f0685eaa204b43669b7832,stop/stop509,0,0.3403,
tag,11.v282i.yolov8_all_walk/train/cat-is-standing-stack-books-table-1-_jpg.rf.4fb02741946b8265b82603e39a65afa5.jpg,777d7725f6e06d626dd64ecbb772f715,stop/stop_55,0,0.3396,
tag,11.v282i.yolov8_train_lick/train/2_mp4-0027_jpg.rf.67bc3f6d37855fe751d683fc1518cf33.jpg,4b465cf3b31613b1152a154cd1ea7d0f,walk/walk24,15,0.3387,
tag,11.v282i.yolov8_all_walk/train/side-view-cat-1-_jpg.rf.6cf734c041fa5abef48675fa73eee48b.jpg,b43b24df0c54e0685d830b7eeeb16be7,walk/walk11,96,0.3365,
tag,11.v282i.yolov8_all_walk/train/cat-small-village-close-sana-yemen_jpg.rf.823b5bafa4a4d828eeacfebe7aed78fc.jpg,0198c32c9d52deb231e3a86cd4eddd67,walk/walk3,264,0.3356,
tag,11.v282i.yolov8_stop/train/2_mp4-0000_jpg.rf.be08bc1d104f55ada095ce38a24388e5.jpg,a8441af22478e95015baeb9e9d1317cc,shake/shake_60,54,0.3354,
tag,11.v282i.yolov8_all_walk/train/cat-standing-field_jpg.rf.5f9f51b2a7c035f11a4e823a1a24201b.jpg,cae983eb88411dfd59f27f517118f0fa,walk/walk4,78,0.3346,
tag,11.v282i.yolov8_all_walk/train/funny-cat-with-white-chest-paws-gray-spotted-back-is-walking-along-hood-red-car-portrait-wild-cat-homeless-cats-streets-tbilisi-high-quality-photo-1-_jpg.rf.d3ecc3248637dc2e2a35cd36d92b0243.jpg,461d774fc02934aa1eadc60ade922d07,stop/stop_161,0,0.3339,
tag,11.v282i.yolov8_train_lick/train/2_mp4-0011_jpg.rf.52e9b66b3d5c66a40c94bbfac6952906.jpg,e1a9d148102f55a71f98dbdb86f89775,lick/lick_12,54,0.3337,
tag,11.v282i.yolov8_train_scratch/train/scratch_60_mp4-0007_jpg.rf.afbe26b6e053b622c95f487131d2cac4.jpg,78a1b5c0710735104d3ac09cde56739e,stop/stop_142,36,0.3315,
tag,11.v282i.yolov8_stop/train/1-7-_mp4-0000_jpg.rf.c3b8d34801865efdd1bc9845130acd39.jpg,4d3f3f520f2abff59ec2c87fff051ed6,stop/stop_161,24,0.3311,
tag,11.v282i.yolov8_all_walk/train/ginger-cat-stands-steps-looks-into-camera-streets-city-lindos-island-rhodes-greek-islands-dodecanese-archipelago-holidays-travel-around-islands_jpg.rf.59b07b4ac9a7cb1dec2f930bce339fde.jpg,1dc10c09ea52ab3edab50ebd3b8382ff,stop/stop_56,0,0.3302,
tag,11.v282i.yolov8_all_walk/train/cat-street-1-_jpg.rf.cefa0fa9686e3467d1780d5799bdab15.jpg,9f27b50afe01757780ca04c61ff970ac,lick/lick_25,465,0.3282,
tag,11.v282i.yolov8_all_walk/train/view-cat-1-_jpg.rf.fee96a117a25b47dfaf75ae6c2f7384e.jpg,48d24f4ebc76543265790839b9da37d7,stop/stop521,0,0.3263,
tag,11.v282i.yolov8_all_walk/train/portrait-cat-sitting-table_jpg.rf.fd8dc01dcf0aecd22443bfc202bbf536.jpg,0240cac065a953196b5f8c901e611502,walk/walk11,0,0.3257,
tag,11.v282i.yolov8_all_walk/train/pexels-nihat-kucuk-2152425147-34196695_jpg.rf.8e082321146e03a088e09f6934d00ecc.jpg,f8ffa937475fb9b04965d080ed3fd1a6,lick/lick_28_hq,369,0.3241,
tag,11.v282i.yolov8_stop/train/1-1-_mp4-0003_jpg.rf.0b9c849b6c18756e374792e406b383bb.jpg,91deb24b80ce0cb00015999619cdccd4,lick/lick_39,165,0.3235,
tag,11.v282i.yolov8_train_scratch/train/10-17-_mp4-0004_jpg.rf.6abdf74d4d9af263786e335f1bb3aece.jpg,38cb5d6ee392e682747bff25617a0306,walk/walk24,48,0.3223,
tag,11.v282i.yolov8_train_lick/train/The_video_duration_must_be_exa-1-_mp4-0013_jpg.rf.f4212127580c5f08850c236853b57acf.jpg,5412ef00b41409eca6f4d8535471d8fb,stop/stop_56,60,0.3222,
tag,11.v282i.yolov8_train_scratch/train/scratch_54_mp4-0002_jpg.rf.5df41136488082b8242a8efbd1b70d85.jpg,05feccd38f883349988a334bdeff98b3,stop/stop_25,0,0.3222,
tag,11.v282i.yolov8_all_walk/train/cat-5175438_1920_jpg.rf.f585c0142e3629e7b8e51c63cdb53345.jpg,6671cedddbc6fb373e52a233eb1851ff,scratch/scratch_53,75,0.3209,
tag,11.v282i.yolov8_all_walk/train/cat-5175438_640_jpg.rf.8c322a2ddaad09aebe6d02ac4e0f1589.jpg,04d1c9b56e46e3eb0fe3eec139e2ae1e,scratch/scratch_53,75,0.3202,
tag,11.v282i.yolov8_all_walk/train/cat-1225500_640_jpg.rf.a02d9ccb22947e9812c88b28e44708f5.jpg,e84dd0a6b176bc65121e784b4e4b5c10,lick/lick_28_hq,336,0.3178,
tag,11.v282i.yolov8_train_scratch/train/scratch_55_mp4-0011_jpg.rf.e51d9c018ce2d9d5a7274a738b66a7b2.jpg,118c7c6c6bb34c1917118274be8b877b,walk/walk29,108,0.3151,
tag,11.v282i.yolov8_all_walk/train/view-cat-balancing-railing_jpg.rf.1acd820091fc5f0ae94020ed3e432b4b.jpg,95ac544b4ff6eaba92681e4793d75cf0,stop/stop533,27,0.3132,
tag,11.v282i.yolov8_all_walk/train/cats-floor_jpg.rf.f9e6b42a1d7bbcfd8cdf816c37ced1f1.jpg,74e3d1e5827829e3ae9ce51bebd40853,walk/walk26,111,0.3096,
tag,11.v282i.yolov8_all_walk/train/portrait-cat-15-_jpg.rf.3d4ec26a6bc1fb081d845f12e413853c.jpg,62720698b56251549da53f36e619d60d,walk/walk3,159,0.3079,
tag,11.v282i.yolov8_all_walk/train/pexels-orhanveliakbaba-15147081_jpg.rf.cae50bf48b110189df9e3ac0ad1c58e4.jpg,6529bfab61d32d5fd1d3e5ad6a925e3c,shake/shake_15,39,0.3071,
tag,11.v282i.yolov8_train_scratch/train/10-17-_mp4-0000_jpg.rf.6c55dae3321efed39af343deda6bdd61.jpg,e79a98914e608944f172d19066c2bdae,walk/walk24,48,0.3066,
tag,11.v282i.yolov8_train_scratch/train/6_mp4-0010_jpg.rf.8c6bc12766f5b5624a11a7bf6186a70c.jpg,847961511ddb91067509d7e11740709d,walk/walk25,267,0.3026,
tag,11.v282i.yolov8_train_lick/train/11_mp4-0009_jpg.rf.a9bfa6c5d9cf15132c9edf043c57aba2.jpg,393b12788341201373c2b6afdebb7683,stop/stop_33,24,0.2992,
tag,11.v282i.yolov8_stop/train/2_mp4-0000_jpg.rf.aa8655ecd24254538c249826ff3c3db1.jpg,7a85ac659967f74e30940c83f07540f0,lick/lick_5_hq,327,0.2940,
tag,11.v282i.yolov8_train_scratch/train/scratch_55_mp4-0009_jpg.rf.f6531d0291ae46f46aa5c6f50f9eace4.jpg,7e0c452c5cbb7c536d22e90e1086fb5c,walk/walk19,18,0.2908,
tag,11.v282i.yolov8_stop/train/The_video_duration_must_be_exa-1-_mp4-0001_jpg.rf.905784fd748786aa1cc8810db4787ac5.jpg,8b02f82f5f70a2aa48a9c2efd84510b2,stop/stop_131,15,0.2906,
tag,11.v282i.yolov8_train_lick/train/The_video_duration_must_be_exa-19-_mp4-0008_jpg.rf.899327a97f4d01a4df4867437467d517.jpg,3019ca5e88f645cbf46d3d42405759f4,shake/shake_64,12,0.2904,
tag,11.v282i.yolov8_train_lick/train/The_video_duration_must_be_exa-19-_mp4-0000_jpg.rf.e980e48655592724c3bf456e7a66e8e5.jpg,aa1a6eda3fd375b3c106f398d43256b8,shake/shake_64,12,0.2867,
tag,11.v282i.yolov8_train_lick/train/11_mp4-0010_jpg.rf.54b97d8861a0fd511579af981ca31239.jpg,0475dbabfe0558b5f261dcbe6cebfb16,stop/stop_33,24,0.2861,
tag,11.v282i.yolov8_train_scratch/train/6_mp4-0004_jpg.rf.ad934fcfee4a535a061c8ae4f7429fa4.jpg,dec673eac1cac021002d3a0da2ecef89,walk/walk25,264,0.2820,
tag,11.v282i.yolov8_all_walk/train/rafael-garcin-JZOyAKldM4k-unsplash_jpg.rf.714f6e50eeecbca8a566ac6d4958fcf3.jpg,8e11ad3cb4abe243731953af7fd41ab8,shake/shake_51,48,0.2808,
tag,11.v282i.yolov8_all_walk/train/closeup-shot-european-shorthair-common-cat-blurred-background_jpg.rf.491e5c2c886d07607722403059694fc8.jpg,ac9ed5ca1e6838ff8416aacb813c14ff,lick/lick_6_hq,435,0.2806,
tag,11.v282i.yolov8_all_walk/train/cute-sweet-little-cat_jpg.rf.ebfce5caa3e3e5d8955e9c7c0230acd2.jpg,15dfe1388e877c20014e254ac4ae1d0c,stop/stop_115,3,0.2796,
tag,11.v282i.yolov8_all_walk/valid/black-white-homeless-cat-walking-outdoor_jpg.rf.3199ed9235f8bbbb01ae6eefda1c2287.jpg,8bae93810e8358156b54537be37fe160,shake/shake_43,0,0.2737,
tag,11.v282i.yolov8_train_lick/train/The_video_duration_must_be_exa-19-_mp4-0007_jpg.rf.281153fa010d2e05a8c87b1b97d482c6.jpg,5c40d3b8d4b9f366d6f0a46f5247aafa,shake/shake_64,12,0.2735,
tag,11.v282i.yolov8_all_walk/train/cat-walks-wooden-floor-with-black-circle-wall-it_jpg.rf.c1341d76d81e092752a74011f863499a.jpg,3f6fd9107e3ec651a0760688d9c768bb,shake/shake_16,57,0.2733,
tag,11.v282i.yolov8_all_walk/valid/beautiful-gray-white-cat-with-yellow-eyes-roof_jpg.rf.97e3b8c83a20a93fea62847341155728.jpg,63cb3401b9b3db558129a00abc1ae190,shake/shake_72,51,0.2732,
tag,11.v282i.yolov8_all_walk/train/high-angle-portrait-cat-standing-footpath_jpg.rf.d1ddd60a9951cb431e75dcd3aaad102b.jpg,f3a7f21134e02b77c252a8e7c6a698ee,shake/shake_64,42,0.2693,
tag,11.v282i.yolov8_train_scratch/train/6_mp4-0006_jpg.rf.ab0566e4ee6675f3e967ff535a91b5dc.jpg,82c40be276caac5c35c6e04350ab85b5,shake/shake_4,210,0.2668,
tag,11.v282i.yolov8_train_lick/train/The_video_duration_must_be_exa-19-_mp4-0009_jpg.rf.1193d50629e5af32eedf8e072f26e588.jpg,2ab9fbffb3bd948cba3ef04be1870269,shake/shake_64,15,0.2636,
tag,11.v282i.yolov8_train_scratch/train/6_mp4-0005_jpg.rf.0c770035d194b3fd7e40e05ad28ad045.jpg,0eaa3b13cf724b7b9f1c71a377812622,walk/walk25,267,0.2634,
tag,11.v282i.yolov8_train_lick/train/The_video_duration_must_be_exa-1-_mp4-0018_jpg.rf.ef21e4c64553646959c8da8e0e099fbe.jpg,1f50614e901bc24ee0e8bc596e08bd0f,stop/stop_56,60,0.2630,
tag,11.v282i.yolov8_train_lick/train/11_mp4-0000_jpg.rf.daf0e7bbc551cdd02ada7147cc0192c6.jpg,f26d2130ce0e258f24eb26071f47e6a7,stop/stop_33,24,0.2622,
tag,11.v282i.yolov8_all_walk/train/cat-walking-footpath-4-_jpg.rf.770f7a2fb08eadd0d1c44e0026826392.jpg,a9afa97cb21611c65fc81be67b91c65f,shake/shake_71,3,0.2578,
tag,11.v282i.yolov8_stop/train/2_mp4-0001_jpg.rf.70174399d34c5d3279c8b5c820c0a1ec.jpg,5582be61c2c036f9e445d1db9db07842,stop/stop526,81,0.2573,
tag,11.v282i.yolov8_all_walk/train/cat-lying-road_jpg.rf.1e0ed6374a891a69f48892969fcd9caa.jpg,f5a5df0d132b8c8c7c1c4f9f6ae6af5f,shake/shake_35,69,0.2554,
tag,11.v282i.yolov8_train_scratch/train/6_mp4-0009_jpg.rf.ee530d8326f59f927fee6c02187f158a.jpg,9c33fde5153cb1ffed1a7a69ab677df3,stop/stop_35,12,0.2492,
tag,11.v282i.yolov8_all_walk/train/orange-striped-cat-stand-ground-he-is-hunting-nature_jpg.rf.934a834dda01e7b713f08e1483ea4dc6.jpg,e4ac6c8aa6fa4ff336e09b8f525cd196,shake/shake_38,21,0.2351,
