video_idx,video_path,playback_pass,frame_step,source_fps,model_input_fps,frame,processed_frame,processed_frame_global,time_sec,left_ear_x,left_ear_y,right_ear_x,right_ear_y,distance_px,distance_norm,ray_end_x,ray_end_y,ray_norm_x,ray_norm_y,lick_zone,lick_axis_score,lick_lateral_score,nearest_target_label,nearest_target_t,limb_hit_any,limb_hit_labels,limb_hit_fl_frame,limb_hit_fr_frame,limb_hit_hl_frame,limb_hit_hr_frame,limb_entry_count_fl,limb_entry_count_fr,limb_entry_count_hl,limb_entry_count_hr,target_entry_count,tail_entry_count,lick_time_body_sec,lick_time_fl_sec,lick_time_fr_sec,lick_time_hl_sec,lick_time_hr_sec,lick_time_tail_sec,lick_sec_per_hit_body,lick_sec_per_hit_fl,lick_sec_per_hit_fr,lick_sec_per_hit_hl,lick_sec_per_hit_hr,lick_sec_per_hit_tail,lick_pref_pct_body,lick_pref_pct_fl,lick_pref_pct_fr,lick_pref_pct_hl,lick_pref_pct_hr,lick_pref_pct_tail,nose_detected,gaze_forward_norm,gaze_lateral_norm,gaze_angle_deg,face_state_cat,face_state_raw,face_state,state_stability,valid
1,C:\Users\homec\OneDrive\圖片\貓咪圖像資料集\白貓舔舐測試\lick_28.mp4,0,1,25.0,25.0,1,1,1,0.04,737.25,342.9375,489.0,341.4375,248.254532,0.38636647,-174.9306,1002.3937,0.0,0.929002,FR,,,FR,65.358746,1,FR,0,1,0,0,0,1,0,0,0,0,0.0,0.0,0.04,0.0,0.0,0.0,,,0.04,,,,0.0,0.0,100.0,0.0,0.0,0.0,1,0.7483,-0.2566,-18.93,FRONT_LEFT,FACING_CAMERA,FACING_CAMERA,1.0,1
1,C:\Users\homec\OneDrive\圖片\貓咪圖像資料集\白貓舔舐測試\lick_28.mp4,0,1,25.0,25.0,2,2,2,0.08,740.625,346.5,488.25,343.125,252.397566,0.39641076,-72.2784,1097.2984,0.0,1.0,FR,,,FR,59.333011,1,FR,0,1,0,0,0,1,0,0,0,0,0.0,0.0,0.08,0.0,0.0,0.0,,,0.08,,,,0.0,0.0,100.0,0.0,0.0,0.0,1,0.7487,-0.2393,-17.73,FRONT_LEFT,FACING_CAMERA,FACING_CAMERA,1.0,1
1,C:\Users\homec\OneDrive\圖片\貓咪圖像資料集\白貓舔舐測試\lick_28.mp4,0,1,25.0,25.0,3,3,3,0.12,736.5,354.75,483.0,348.375,253.580146,0.40096709,109.6583,1231.2202,0.057143,1.0,FR,,,FR,53.165781,1,FR,0,1,0,0,0,1,0,0,0,0,0.0,0.0,0.12,0.0,0.0,0.0,,,0.12,,,,0.0,0.0,100.0,0.0,0.0,0.0,1,0.7412,-0.2072,-15.62,FRONT_LEFT,FACING_CAMERA,FACING_CAMERA,1.0,1
1,C:\Users\homec\OneDrive\圖片\貓咪圖像資料集\白貓舔舐測試\lick_28.mp4,0,1,25.0,25.0,4,4,4,0.16,741.375,350.625,479.25,354.375,262.151823,0.42050756,306.1453,1302.4606,0.159534,1.0,FR,,,FR,51.913983,1,FR,0,1,0,0,0,1,0,0,0,0,0.0,0.0,0.16,0.0,0.0,0.0,,,0.16,,,,0.0,0.0,100.0,0.0,0.0,0.0,1,0.7341,-0.1742,-13.35,FRONT_LEFT,FACING_CAMERA,FACING_CAMERA,1.0,1
1,C:\Users\homec\OneDrive\圖片\貓咪圖像資料集\白貓舔舐測試\lick_28.mp4,0,1,25.0,25.0,5,5,5,0.2,742.875,348.375,480.0,367.5,263.569784,0.42688925,470.2253,1335.6639,0.245037,1.0,FR,,,FR,55.642662,1,FR,0,1,0,0,0,1,0,0,0,0,0.0,0.0,0.2,0.0,0.0,0.0,,,0.2,,,,0.0,0.0,100.0,0.0,0.0,0.0,1,0.7157,-0.1468,-11.59,FRONT_LEFT,FACING_CAMERA,FACING_CAMERA,1.0,1
1,C:\Users\homec\OneDrive\圖片\貓咪圖像資料集\白貓舔舐測試\lick_28.mp4,0,1,25.0,25.0,6,6,6,0.24,738.75,346.875,480.0,382.125,261.140049,0.42651243,619.1954,1344.0801,0.322666,1.0,FR,,,FR,58.909348,1,FR,0,1,0,0,0,1,0,0,0,0,0.0,0.0,0.24,0.0,0.0,0.0,,,0.24,,,,0.0,0.0,100.0,0.0,0.0,0.0,1,0.6969,-0.117,-9.53,FRONT_LEFT,FACING_CAMERA,FACING_CAMERA,1.0,1
1,C:\Users\homec\OneDrive\圖片\貓咪圖像資料集\白貓舔舐測試\lick_28.mp4,0,1,25.0,25.0,7,7,7,0.28,733.875,349.5,483.75,400.125,255.196799,0.42219997,720.8264,1335.4162,0.375626,1.0,FR,,,FR,53.432458,1,FR,0,1,0,0,0,1,0,0,0,0,0.0,0.0,0.28,0.0,0.0,0.0,,,0.28,,,,0.0,0.0,100.0,0.0,0.0,0.0,1,0.6875,-0.0861,-7.14,FRONT_LEFT,FACING_CAMERA,FACING_CAMERA,1.0,1
1,C:\Users\homec\OneDrive\圖片\貓咪圖像資料集\白貓舔舐測試\lick_28.mp4,0,1,25.0,25.0,8,8,8,0.32,731.625,349.125,480.75,417.75,260.09163,0.431056,844.6085,1318.9457,0.440129,1.0,FR,,,FR,62.22639,1,FR,0,1,0,0,0,1,0,0,0,0,0.0,0.0,0.32,0.0,0.0,0.0,,,0.32,,,,0.0,0.0,100.0,0.0,0.0,0.0,1,0.6582,-0.0649,-5.63,FRONT_LEFT,FACING_CAMERA,FACING_CAMERA,1.0,1
1,C:\Users\homec\OneDrive\圖片\貓咪圖像資料集\白貓舔舐測試\lick_28.mp4,0,1,25.0,25.0,9,9,9,0.36,731.25,348.75,483.0,419.625,258.169185,0.42506534,904.1293,1309.4702,0.471146,1.0,FR,,,FR,71.920006,1,FR,0,1,0,0,0,1,0,0,0,0,0.0,0.0,0.36,0.0,0.0,0.0,,,0.36,,,,0.0,0.0,100.0,0.0,0.0,0.0,1,0.6311,-0.0624,-5.65,FRONT_LEFT,FACING_CAMERA,FACING_CAMERA,1.0,1
1,C:\Users\homec\OneDrive\圖片\貓咪圖像資料集\白貓舔舐測試\lick_28.mp4,0,1,25.0,25.0,10,10,10,0.4,727.875,342.75,484.5,420.75,255.568759,0.41981457,952.3903,1292.1724,0.496295,1.0,FR,,,FR,76.50891,1,FR,0,1,0,0,0,1,0,0,0,0,0.0,0.0,0.4,0.0,0.0,0.0,,,0.4,,,,0.0,0.0,100.0,0.0,0.0,0.0,1,0.615,-0.0607,-5.64,FRONT_LEFT,FACING_CAMERA,FACING_CAMERA,1.0,1
1,C:\Users\homec\OneDrive\圖片\貓咪圖像資料集\白貓舔舐測試\lick_28.mp4,0,1,25.0,25.0,11,11,11,0.44,725.25,339.5625,493.5,420.0,245.312564,0.40220605,997.4312,1322.7167,0.519766,1.0,FR,,,FR,79.98426,1,FR,0,1,0,0,0,1,0,0,0,0,0.0,0.0,0.44,0.0,0.0,0.0,,,0.44,,,,0.0,0.0,100.0,0.0,0.0,0.0,1,0.597,-0.0585,-5.6,FACING_CAMERA,FACING_CAMERA,FACING_CAMERA,1.0,1
1,C:\Users\homec\OneDrive\圖片\貓咪圖像資料集\白貓舔舐測試\lick_28.mp4,0,1,25.0,25.0,12,12,12,0.48,723.75,337.6875,496.5,419.25,241.443583,0.3951362,1015.5375,1313.0566,0.529201,1.0,FR,,,FR,81.565184,1,FR,0,1,0,0,0,1,0,0,0,0,0.0,0.0,0.48,0.0,0.0,0.0,,,0.48,,,,0.0,0.0,100.0,0.0,0.0,0.0,1,0.5874,-0.0601,-5.84,FRONT_LEFT,FACING_CAMERA,FACING_CAMERA,1.0,1
1,C:\Users\homec\OneDrive\圖片\貓咪圖像資料集\白貓舔舐測試\lick_28.mp4,0,1,25.0,25.0,13,13,13,0.52,723.375,337.125,496.5,419.25,241.281539,0.39602179,1018.6708,1310.5791,0.530834,1.0,FR,,,FR,81.110331,1,FR,0,1,0,0,0,1,0,0,0,0,0.0,0.0,0.52,0.0,0.0,0.0,,,0.52,,,,0.0,0.0,100.0,0.0,0.0,0.0,1,0.5866,-0.0573,-5.58,FACING_CAMERA,FACING_CAMERA,FACING_CAMERA,1.0,1
1,C:\Users\homec\OneDrive\圖片\貓咪圖像資料集\白貓舔舐測試\lick_28.mp4,0,1,25.0,25.0,14,14,14,0.56,721.875,336.9375,494.25,418.5,241.796572,0.39715136,1031.664,1302.6961,0.537605,1.0,FR,,,FR,80.956835,1,FR,0,1,0,0,0,1,0,0,0,0,0.0,0.0,0.56,0.0,0.0,0.0,,,0.56,,,,0.0,0.0,100.0,0.0,0.0,0.0,1,0.5846,-0.0527,-5.16,FACING_CAMERA,FACING_CAMERA,FACING_CAMERA,1.0,1
1,C:\Users\homec\OneDrive\圖片\貓咪圖像資料集\白貓舔舐測試\lick_28.mp4,0,1,25.0,25.0,15,15,15,0.6,720.375,337.5,499.5,418.125,235.130084,0.38667635,1058.904,1289.9833,0.5518,1.0,FR,,,FR,81.465525,1,FR,0,1,0,0,0,1,0,0,0,0,0.0,0.0,0.6,0.0,0.0,0.0,,,0.6,,,,0.0,0.0,100.0,0.0,0.0,0.0,1,0.5734,-0.0482,-4.8,FACING_CAMERA,FACING_CAMERA,FACING_CAMERA,1.0,1
1,C:\Users\homec\OneDrive\圖片\貓咪圖像資料集\白貓舔舐測試\lick_28.mp4,0,1,25.0,25.0,16,16,16,0.64,714.75,336.375,505.5,421.5,225.902253,0.37205146,1090.4327,1274.2236,0.56823,1.0,FR,,,FR,82.269502,1,FR,0,1,0,0,0,1,0,0,0,0,0.0,0.0,0.64,0.0,0.0,0.0,,,0.64,,,,0.0,0.0,100.0,0.0,0.0,0.0,1,0.5612,-0.0402,-4.1,FACING_CAMERA,FACING_CAMERA,FACING_CAMERA,1.0,1
1,C:\Users\homec\OneDrive\圖片\貓咪圖像資料集\白貓舔舐測試\lick_28.mp4,0,1,25.0,25.0,17,17,17,0.68,704.625,332.0625,510.0,434.25,219.820781,0.36162554,1174.9614,1224.9487,0.612278,1.0,FR,,,FR,94.592728,1,FR,0,1,0,0,0,1,0,0,0,0,0.0,0.0,0.68,0.0,0.0,0.0,,,0.68,,,,0.0,0.0,100.0,0.0,0.0,0.0,1,0.528,-0.0369,-3.99,FACING_CAMERA,FACING_CAMERA,FACING_CAMERA,1.0,1
1,C:\Users\homec\OneDrive\圖片\貓咪圖像資料集\白貓舔舐測試\lick_28.mp4,0,1,25.0,25.0,18,18,18,0.72,690.375,330.375,516.75,439.5,205.070491,0.33605412,1219.118,1191.4976,0.635288,1.0,FR,,,FR,99.392372,1,FR,0,1,0,0,0,1,0,0,0,0,0.0,0.0,0.72,0.0,0.0,0.0,,,0.72,,,,0.0,0.0,100.0,0.0,0.0,0.0,1,0.51,-0.044,-4.93,FACING_CAMERA,FACING_CAMERA,FACING_CAMERA,1.0,1
1,C:\Users\homec\OneDrive\圖片\貓咪圖像資料集\白貓舔舐測試\lick_28.mp4,0,1,25.0,25.0,19,19,19,0.76,676.5,330.5625,519.75,459.375,202.887217,0.33298096,1285.1318,1140.6755,0.669688,1.0,NO_TARGET,,,NO_TARGET,,0,,0,0,0,0,0,1,0,0,0,0,0.0,0.0,0.72,0.0,0.0,0.0,,,0.72,,,,0.0,0.0,100.0,0.0,0.0,0.0,1,0.4939,-0.0471,-5.44,FACING_CAMERA,FACING_CAMERA,FACING_CAMERA,1.0,1
1,C:\Users\homec\OneDrive\圖片\貓咪圖像資料集\白貓舔舐測試\lick_28.mp4,0,1,25.0,25.0,20,20,20,0.8,659.25,330.75,510.75,487.125,215.651085,0.35574213,1340.4118,1084.2298,0.698495,1.0,NO_TARGET,,,NO_TARGET,,0,,0,0,0,0,0,1,0,0,0,0,0.0,0.0,0.72,0.0,0.0,0.0,,,0.72,,,,0.0,0.0,100.0,0.0,0.0,0.0,1,0.5017,-0.0522,-5.94,FACING_CAMERA,FACING_CAMERA,FACING_CAMERA,1.0,1
1,C:\Users\homec\OneDrive\圖片\貓咪圖像資料集\白貓舔舐測試\lick_28.mp4,0,1,25.0,25.0,21,21,21,0.84,652.875,332.625,508.5,489.75,213.383238,0.35283864,1326.5411,1096.0086,0.691267,1.0,NO_TARGET,,,NO_TARGET,,0,,0,0,0,0,0,1,0,0,0,0,0.0,0.0,0.72,0.0,0.0,0.0,,,0.72,,,,0.0,0.0,100.0,0.0,0.0,0.0,1,0.5209,-0.052,-5.7,FACING_CAMERA,FACING_CAMERA,FACING_CAMERA,1.0,1
1,C:\Users\homec\OneDrive\圖片\貓咪圖像資料集\白貓舔舐測試\lick_28.mp4,0,1,25.0,25.0,22,22,22,0.88,651.75,334.125,508.5,490.125,211.793679,0.35062713,1292.9093,1130.3366,0.673741,1.0,FR,,,FR,93.137413,1,FR,0,1,0,0,0,2,0,0,0,0,0.0,0.0,0.76,0.0,0.0,0.0,,,0.38,,,,0.0,0.0,100.0,0.0,0.0,0.0,1,0.5384,-0.0428,-4.55,FACING_CAMERA,FACING_CAMERA,FACING_CAMERA,1.0,1
1,C:\Users\homec\OneDrive\圖片\貓咪圖像資料集\白貓舔舐測試\lick_28.mp4,0,1,25.0,25.0,23,23,23,0.92,654.0,337.125,507.0,503.25,221.825417,0.36777233,1288.1127,1141.4782,0.671242,1.0,FR,,,FR,90.783983,1,FR,0,1,0,0,0,2,0,0,0,0,0.0,0.0,0.8,0.0,0.0,0.0,,,0.4,,,,0.0,0.0,100.0,0.0,0.0,0.0,1,0.5439,-0.0348,-3.66,FACING_CAMERA,FACING_CAMERA,FACING_CAMERA,1.0,1
1,C:\Users\homec\OneDrive\圖片\貓咪圖像資料集\白貓舔舐測試\lick_28.mp4,0,1,25.0,25.0,24,24,24,0.96,648.375,337.5,501.0,505.875,223.76222,0.37023799,1292.6888,1130.5887,0.673626,1.0,FR,,,FR,90.453222,1,FR,0,1,0,0,0,2,0,0,0,0,0.0,0.0,0.84,0.0,0.0,0.0,,,0.42,,,,0.0,0.0,100.0,0.0,0.0,0.0,1,0.5472,-0.0382,-3.99,FACING_CAMERA,FACING_CAMERA,FACING_CAMERA,1.0,1
1,C:\Users\homec\OneDrive\圖片\貓咪圖像資料集\白貓舔舐測試\lick_28.mp4,0,1,25.0,25.0,25,25,25,1.0,639.375,337.125,492.75,514.125,229.843187,0.37910785,1295.0246,1121.1651,0.674843,1.0,FR,,,FR,87.638162,1,FR,0,1,0,0,0,2,0,0,0,0,0.0,0.0,0.88,0.0,0.0,0.0,,,0.44,,,,0.0,0.0,100.0,0.0,0.0,0.0,1,0.5541,-0.0356,-3.68,FACING_CAMERA,FACING_CAMERA,FACING_CAMERA,1.0,1
1,C:\Users\homec\OneDrive\圖片\貓咪圖像資料集\白貓舔舐測試\lick_28.mp4,0,1,25.0,25.0,26,26,26,1.04,627.0,337.5,491.25,519.0,226.650199,0.37292188,1303.7538,1104.851,0.679392,1.0,FR,,,FR,83.906209,1,FR,0,1,0,0,0,2,0,0,0,0,0.0,0.0,0.92,0.0,0.0,0.0,,,0.46,,,,0.0,0.0,100.0,0.0,0.0,0.0,1,0.5626,-0.043,-4.37,FACING_CAMERA,FACING_CAMERA,FACING_CAMERA,1.0,1
1,C:\Users\homec\OneDrive\圖片\貓咪圖像資料集\白貓舔舐測試\lick_28.mp4,0,1,25.0,25.0,27,27,27,1.08,609.0,340.125,489.75,528.0,222.525455,0.3646399,1326.3276,1071.0153,0.691156,0.9926,FR,,,FR,82.088361,1,FR,0,1,0,0,0,2,0,0,0,0,0.0,0.0,0.96,0.0,0.0,0.0,,,0.48,,,,0.0,0.0,100.0,0.0,0.0,0.0,1,0.5653,-0.0466,-4.71,FACING_CAMERA,FACING_CAMERA,FACING_CAMERA,1.0,1
1,C:\Users\homec\OneDrive\圖片\貓咪圖像資料集\白貓舔舐測試\lick_28.mp4,0,1,25.0,25.0,28,28,28,1.12,592.875,339.0,489.75,519.375,207.77369,0.33719561,1317.5982,1064.681,0.686607,0.986729,FR,,,FR,77.422178,1,FR,0,1,0,0,0,2,0,0,0,0,0.0,0.0,1.0,0.0,0.0,0.0,,,0.5,,,,0.0,0.0,100.0,0.0,0.0,0.0,1,0.5757,-0.061,-6.04,FRONT_LEFT,FACING_CAMERA,FACING_CAMERA,1.0,1
1,C:\Users\homec\OneDrive\圖片\貓咪圖像資料集\白貓舔舐測試\lick_28.mp4,0,1,25.0,25.0,29,29,29,1.16,584.25,332.625,465.75,529.875,230.108263,0.37180925,1328.0946,1030.1008,0.692076,0.954681,FR,,,FR,80.918192,1,FR,0,1,0,0,0,2,0,0,0,0,0.0,0.0,1.04,0.0,0.0,0.0,,,0.52,,,,0.0,0.0,100.0,0.0,0.0,0.0,1,0.5959,-0.0771,-7.37,FRONT_LEFT,FACING_CAMERA,FACING_CAMERA,1.0,1
1,C:\Users\homec\OneDrive\圖片\貓咪圖像資料集\白貓舔舐測試\lick_28.mp4,0,1,25.0,25.0,30,30,30,1.2,600.0,324.9375,447.75,516.375,244.598403,0.3948858,1250.1523,1108.5662,0.65146,1.0,FR,,,FR,70.602688,1,FR,0,1,0,0,0,2,0,0,0,0,0.0,0.0,1.08,0.0,0.0,0.0,,,0.54,,,,0.0,0.0,100.0,0.0,0.0,0.0,1,0.6366,-0.088,-7.87,FRONT_LEFT,FACING_CAMERA,FACING_CAMERA,1.0,1
1,C:\Users\homec\OneDrive\圖片\貓咪圖像資料集\白貓舔舐測試\lick_28.mp4,0,1,25.0,25.0,31,31,31,1.24,624.75,320.625,443.25,483.375,243.782306,0.39627754,1099.9106,1225.1427,0.573169,1.0,FR,,,FR,53.169586,1,FR,0,1,0,0,0,2,0,0,0,0,0.0,0.0,1.12,0.0,0.0,0.0,,,0.56,,,,0.0,0.0,100.0,0.0,0.0,0.0,1,0.6752,-0.0865,-7.3,FRONT_LEFT,FACING_CAMERA,FACING_CAMERA,1.0,1
1,C:\Users\homec\OneDrive\圖片\貓咪圖像資料集\白貓舔舐測試\lick_28.mp4,0,1,25.0,25.0,32,32,32,1.28,652.5,321.0,446.25,452.25,244.47009,0.39650958,975.6548,1282.0382,0.508418,1.0,FR,,,FR,47.928453,1,FR,0,1,0,0,0,2,0,0,0,0,0.0,0.0,1.16,0.0,0.0,0.0,,,0.58,,,,0.0,0.0,100.0,0.0,0.0,0.0,1,0.6826,-0.0901,-7.52,FRONT_LEFT,FACING_CAMERA,FACING_CAMERA,1.0,1
1,C:\Users\homec\OneDrive\圖片\貓咪圖像資料集\白貓舔舐測試\lick_28.mp4,0,1,25.0,25.0,33,33,33,1.32,675.375,327.0,448.5,427.125,247.986454,0.39956689,864.6421,1319.9698,0.450569,1.0,FR,,,FR,49.979785,1,FR,0,1,0,0,0,2,0,0,0,0,0.0,0.0,1.2,0.0,0.0,0.0,,,0.6,,,,0.0,0.0,100.0,0.0,0.0,0.0,1,0.6858,-0.0969,-8.05,FRONT_LEFT,FACING_CAMERA,FACING_CAMERA,1.0,1
1,C:\Users\homec\OneDrive\圖片\貓咪圖像資料集\白貓舔舐測試\lick_28.mp4,0,1,25.0,25.0,34,34,34,1.36,689.625,329.8125,449.25,412.875,254.321685,0.40846634,773.7416,1340.3453,0.4032,1.0,FR,,,FR,52.960365,1,FR,0,1,0,0,0,2,0,0,0,0,0.0,0.0,1.24,0.0,0.0,0.0,,,0.62,,,,0.0,0.0,100.0,0.0,0.0,0.0,1,0.6926,-0.0995,-8.17,FRONT_LEFT,FACING_CAMERA,FACING_CAMERA,1.0,1
1,C:\Users\homec\OneDrive\圖片\貓咪圖像資料集\白貓舔舐測試\lick_28.mp4,0,1,25.0,25.0,35,35,35,1.4,703.125,340.5,457.5,402.375,253.298552,0.40684263,678.2809,1356.8848,0.353455,1.0,FR,,,FR,54.406795,1,FR,0,1,0,0,0,2,0,0,0,0,0.0,0.0,1.28,0.0,0.0,0.0,,,0.64,,,,0.0,0.0,100.0,0.0,0.0,0.0,1,0.7022,-0.0935,-7.58,FRONT_LEFT,FACING_CAMERA,FACING_CAMERA,1.0,1
1,C:\Users\homec\OneDrive\圖片\貓咪圖像資料集\白貓舔舐測試\lick_28.mp4,0,1,25.0,25.0,36,36,36,1.44,709.5,348.375,460.5,396.0,253.513591,0.40845315,603.5034,1363.2753,0.314488,1.0,FR,,,FR,53.761387,1,FR,0,1,0,0,0,2,0,0,0,0,0.0,0.0,1.32,0.0,0.0,0.0,,,0.66,,,,0.0,0.0,100.0,0.0,0.0,0.0,1,0.7194,-0.0918,-7.27,FRONT_LEFT,FACING_CAMERA,FACING_CAMERA,1.0,1
1,C:\Users\homec\OneDrive\圖片\貓咪圖像資料集\白貓舔舐測試\lick_28.mp4,0,1,25.0,25.0,37,37,37,1.48,714.0,354.0,461.25,392.25,255.627903,0.41302368,555.6086,1365.6345,0.28953,1.0,FR,,,FR,50.942674,1,FR,0,1,0,0,0,2,0,0,0,0,0.0,0.0,1.36,0.0,0.0,0.0,,,0.68,,,,0.0,0.0,100.0,0.0,0.0,0.0,1,0.7322,-0.09,-7.01,FRONT_LEFT,FACING_CAMERA,FACING_CAMERA,1.0,1
1,C:\Users\homec\OneDrive\圖片\貓咪圖像資料集\白貓舔舐測試\lick_28.mp4,0,1,25.0,25.0,38,38,38,1.52,715.125,361.875,463.5,388.875,253.069438,0.40860268,497.6295,1364.1593,0.259317,1.0,FR,,,FR,49.408151,1,FR,0,1,0,0,0,2,0,0,0,0,0.0,0.0,1.4,0.0,0.0,0.0,,,0.7,,,,0.0,0.0,100.0,0.0,0.0,0.0,1,0.7451,-0.0925,-7.08,FRONT_LEFT,FACING_CAMERA,FACING_CAMERA,1.0,1
1,C:\Users\homec\OneDrive\圖片\貓咪圖像資料集\白貓舔舐測試\lick_28.mp4,0,1,25.0,25.0,39,39,39,1.56,716.625,368.25,465.0,386.25,252.267994,0.40773902,446.6033,1359.7487,0.232727,1.0,FR,,,FR,46.459638,1,FR,0,1,0,0,0,2,0,0,0,0,0.0,0.0,1.44,0.0,0.0,0.0,,,0.72,,,,0.0,0.0,100.0,0.0,0.0,0.0,1,0.757,-0.0966,-7.27,FRONT_LEFT,FACING_CAMERA,FACING_CAMERA,1.0,1
1,C:\Users\homec\OneDrive\圖片\貓咪圖像資料集\白貓舔舐測試\lick_28.mp4,0,1,25.0,25.0,40,40,40,1.6,719.625,375.75,468.0,381.75,251.696525,0.40646431,385.262,1349.6294,0.200762,1.0,FR,,,FR,46.351663,1,FR,0,1,0,0,0,2,0,0,0,0,0.0,0.0,1.48,0.0,0.0,0.0,,,0.74,,,,0.0,0.0,100.0,0.0,0.0,0.0,1,0.7658,-0.1023,-7.61,FRONT_LEFT,FACING_CAMERA,FACING_CAMERA,1.0,1
1,C:\Users\homec\OneDrive\圖片\貓咪圖像資料集\白貓舔舐測試\lick_28.mp4,0,1,25.0,25.0,41,41,41,1.64,722.625,382.5,472.5,377.25,250.180091,0.40302157,318.3292,1332.8329,0.165883,1.0,FR,,,FR,47.075062,1,FR,0,1,0,0,0,2,0,0,0,0,0.0,0.0,1.52,0.0,0.0,0.0,,,0.76,,,,0.0,0.0,100.0,0.0,0.0,0.0,1,0.7737,-0.1078,-7.93,FRONT_LEFT,FACING_CAMERA,FACING_CAMERA,1.0,1
1,C:\Users\homec\OneDrive\圖片\貓咪圖像資料集\白貓舔舐測試\lick_28.mp4,0,1,25.0,25.0,42,42,42,1.68,725.625,385.875,474.75,375.0,251.110596,0.40306519,264.412,1315.0329,0.137786,1.0,FR,,,FR,49.393418,1,FR,0,1,0,0,0,2,0,0,0,0,0.0,0.0,1.56,0.0,0.0,0.0,,,0.78,,,,0.0,0.0,100.0,0.0,0.0,0.0,1,0.7768,-0.1161,-8.5,FRONT_LEFT,FACING_CAMERA,FACING_CAMERA,1.0,1
1,C:\Users\homec\OneDrive\圖片\貓咪圖像資料集\白貓舔舐測試\lick_28.mp4,0,1,25.0,25.0,43,43,43,1.72,728.25,387.0,477.0,371.625,251.71999,0.40402205,210.5225,1292.1762,0.109704,1.0,FR,,,FR,49.916867,1,FR,0,1,0,0,0,2,0,0,0,0,0.0,0.0,1.6,0.0,0.0,0.0,,,0.8,,,,0.0,0.0,100.0,0.0,0.0,0.0,1,0.7836,-0.1271,-9.22,FRONT_LEFT,FACING_CAMERA,FACING_CAMERA,1.0,1
1,C:\Users\homec\OneDrive\圖片\貓咪圖像資料集\白貓舔舐測試\lick_28.mp4,0,1,25.0,25.0,44,44,44,1.76,728.625,388.125,479.25,370.5,249.997062,0.40153964,155.9619,1269.0591,0.081272,1.0,FR,,,FR,49.890245,1,FR,0,1,0,0,0,2,0,0,0,0,0.0,0.0,1.64,0.0,0.0,0.0,,,0.82,,,,0.0,0.0,100.0,0.0,0.0,0.0,1,0.7953,-0.1357,-9.69,FRONT_LEFT,FACING_CAMERA,FACING_CAMERA,1.0,1
1,C:\Users\homec\OneDrive\圖片\貓咪圖像資料集\白貓舔舐測試\lick_28.mp4,0,1,25.0,25.0,45,45,45,1.8,727.5,389.625,478.5,369.75,249.791945,0.40171321,146.1818,1264.9272,0.076176,1.0,FR,,,FR,47.031665,1,FR,0,1,0,0,0,2,0,0,0,0,0.0,0.0,1.68,0.0,0.0,0.0,,,0.84,,,,0.0,0.0,100.0,0.0,0.0,0.0,1,0.8001,-0.1349,-9.57,FRONT_LEFT,FACING_CAMERA,FACING_CAMERA,1.0,1
1,C:\Users\homec\OneDrive\圖片\貓咪圖像資料集\白貓舔舐測試\lick_28.mp4,0,1,25.0,25.0,46,46,46,1.84,721.5,391.5,475.5,372.375,246.742306,0.39770175,181.0516,1286.4091,0.094347,1.0,FR,,,FR,37.16904,1,FR,0,1,0,0,0,2,0,0,0,0,0.0,0.0,1.72,0.0,0.0,0.0,,,0.86,,,,0.0,0.0,100.0,0.0,0.0,0.0,1,0.8069,-0.1182,-8.33,FRONT_LEFT,FACING_CAMERA,FACING_CAMERA,1.0,1
1,C:\Users\homec\OneDrive\圖片\貓咪圖像資料集\白貓舔舐測試\lick_28.mp4,0,1,25.0,25.0,47,47,47,1.88,718.5,395.25,472.5,378.0,246.60406,0.39933746,205.0352,1303.0689,0.106845,1.0,FR,,,FR,30.753923,1,FR,0,1,0,0,0,2,0,0,0,0,0.0,0.0,1.76,0.0,0.0,0.0,,,0.88,,,,0.0,0.0,100.0,0.0,0.0,0.0,1,0.8149,-0.1048,-7.33,FRONT_LEFT,FACING_CAMERA,FACING_CAMERA,1.0,1
1,C:\Users\homec\OneDrive\圖片\貓咪圖像資料集\白貓舔舐測試\lick_28.mp4,0,1,25.0,25.0,48,48,48,1.92,714.75,395.25,467.25,381.375,247.888615,0.40110828,226.9282,1315.5578,0.118253,1.0,FR,,,FR,28.841364,1,FR,0,1,0,0,0,2,0,0,0,0,0.0,0.0,1.8,0.0,0.0,0.0,,,0.9,,,,0.0,0.0,100.0,0.0,0.0,0.0,1,0.8157,-0.0987,-6.9,FRONT_LEFT,FACING_CAMERA,FACING_CAMERA,1.0,1
1,C:\Users\homec\OneDrive\圖片\貓咪圖像資料集\白貓舔舐測試\lick_28.mp4,0,1,25.0,25.0,49,49,49,1.96,713.25,394.5,464.25,382.5,249.288989,0.40381665,249.2108,1325.0069,0.129865,1.0,FR,,,FR,27.081635,1,FR,0,1,0,0,0,2,0,0,0,0,0.0,0.0,1.84,0.0,0.0,0.0,,,0.92,,,,0.0,0.0,100.0,0.0,0.0,0.0,1,0.8161,-0.0907,-6.34,FRONT_LEFT,FACING_CAMERA,FACING_CAMERA,1.0,1
1,C:\Users\homec\OneDrive\圖片\貓咪圖像資料集\白貓舔舐測試\lick_28.mp4,0,1,25.0,25.0,50,50,50,2.0,713.25,394.5,462.75,381.75,250.824266,0.40657254,277.5497,1334.6728,0.144632,1.0,FR,,,FR,22.750393,1,FR,0,1,0,0,0,2,0,0,0,0,0.0,0.0,1.88,0.0,0.0,0.0,,,0.94,,,,0.0,0.0,100.0,0.0,0.0,0.0,1,0.8129,-0.0817,-5.74,FRONT_LEFT,FACING_CAMERA,FACING_CAMERA,1.0,1
1,C:\Users\homec\OneDrive\圖片\貓咪圖像資料集\白貓舔舐測試\lick_28.mp4,0,1,25.0,25.0,51,51,51,2.04,714.375,395.625,462.75,382.5,251.967074,0.4086723,295.6823,1341.1934,0.154081,1.0,FR,,,FR,23.019114,1,FR,0,1,0,0,0,2,0,0,0,0,0.0,0.0,1.92,0.0,0.0,0.0,,,0.96,,,,0.0,0.0,100.0,0.0,0.0,0.0,1,0.8075,-0.0764,-5.4,FRONT_LEFT,FACING_CAMERA,FACING_CAMERA,1.0,1
1,C:\Users\homec\OneDrive\圖片\貓咪圖像資料集\白貓舔舐測試\lick_28.mp4,0,1,25.0,25.0,52,52,52,2.08,718.875,395.625,466.5,379.5,252.889613,0.40960235,261.6502,1327.1084,0.136347,1.0,FR,,,FR,25.623079,1,FR,0,1,0,0,0,2,0,0,0,0,0.0,0.0,1.96,0.0,0.0,0.0,,,0.98,,,,0.0,0.0,100.0,0.0,0.0,0.0,1,0.8113,-0.0821,-5.78,FRONT_LEFT,FACING_CAMERA,FACING_CAMERA,1.0,1
1,C:\Users\homec\OneDrive\圖片\貓咪圖像資料集\白貓舔舐測試\lick_28.mp4,0,1,25.0,25.0,53,53,53,2.12,721.125,396.375,472.5,373.125,249.709738,0.40283805,209.0256,1302.3302,0.108924,1.0,FR,,,FR,30.629772,1,FR,0,1,0,0,0,2,0,0,0,0,0.0,0.0,2.0,0.0,0.0,0.0,,,1.0,,,,0.0,0.0,100.0,0.0,0.0,0.0,1,0.8132,-0.0951,-6.67,FRONT_LEFT,FACING_CAMERA,FACING_CAMERA,1.0,1
1,C:\Users\homec\OneDrive\圖片\貓咪圖像資料集\白貓舔舐測試\lick_28.mp4,0,1,25.0,25.0,54,54,54,2.16,724.875,397.5,477.75,367.5,248.939281,0.40093669,146.7256,1268.8875,0.076459,1.0,FR,,,FR,35.250191,1,FR,0,1,0,0,0,2,0,0,0,0,0.0,0.0,2.04,0.0,0.0,0.0,,,1.02,,,,0.0,0.0,100.0,0.0,0.0,0.0,1,0.814,-0.1157,-8.09,FRONT_LEFT,FACING_CAMERA,FACING_CAMERA,1.0,1
1,C:\Users\homec\OneDrive\圖片\貓咪圖像資料集\白貓舔舐測試\lick_28.mp4,0,1,25.0,25.0,55,55,55,2.2,730.5,396.75,483.0,361.125,250.050776,0.40132159,100.5617,1236.9034,0.052403,1.0,FR,,,FR,40.517613,1,FR,0,1,0,0,0,2,0,0,0,0,0.0,0.0,2.08,0.0,0.0,0.0,,,1.04,,,,0.0,0.0,100.0,0.0,0.0,0.0,1,0.8115,-0.1322,-9.25,FRONT_LEFT,FACING_CAMERA,FACING_CAMERA,1.0,1
1,C:\Users\homec\OneDrive\圖片\貓咪圖像資料集\白貓舔舐測試\lick_28.mp4,0,1,25.0,25.0,56,56,56,2.24,731.25,398.25,489.0,358.5,245.489562,0.39376496,60.1565,1209.0806,0.031348,1.0,FR,,,FR,42.271888,1,FR,0,1,0,0,0,2,0,0,0,0,0.0,0.0,2.12,0.0,0.0,0.0,,,1.06,,,,0.0,0.0,100.0,0.0,0.0,0.0,1,0.8162,-0.1386,-9.64,FRONT_LEFT,FACING_CAMERA,FACING_CAMERA,1.0,1
1,C:\Users\homec\OneDrive\圖片\貓咪圖像資料集\白貓舔舐測試\lick_28.mp4,0,1,25.0,25.0,57,57,57,2.28,724.875,397.5,492.0,355.125,236.698978,0.37941731,78.6577,1220.6832,0.040989,1.0,FR,,,FR,36.32377,1,FR,0,1,0,0,0,2,0,0,0,0,0.0,0.0,2.16,0.0,0.0,0.0,,,1.08,,,,0.0,0.0,100.0,0.0,0.0,0.0,1,0.8236,-0.1267,-8.74,FRONT_LEFT,FACING_CAMERA,FACING_CAMERA,1.0,1
1,C:\Users\homec\OneDrive\圖片\貓咪圖像資料集\白貓舔舐測試\lick_28.mp4,0,1,25.0,25.0,58,58,58,2.32,714.75,399.0,491.25,357.0,227.412071,0.3647099,117.0884,1248.4156,0.061015,1.0,FR,,,FR,27.539904,1,FR,0,1,0,0,0,2,0,0,0,0,0.0,0.0,2.2,0.0,0.0,0.0,,,1.1,,,,0.0,0.0,100.0,0.0,0.0,0.0,1,0.827,-0.1099,-7.57,FRONT_LEFT,FACING_CAMERA,FACING_CAMERA,1.0,1
1,C:\Users\homec\OneDrive\圖片\貓咪圖像資料集\白貓舔舐測試\lick_28.mp4,0,1,25.0,25.0,59,59,59,2.36,712.5,405.0,489.75,359.625,227.324555,0.36716807,162.9564,1277.8323,0.084917,1.0,FR,,,FR,17.909224,1,FR,0,1,0,0,0,2,0,0,0,0,0.0,0.0,2.24,0.0,0.0,0.0,,,1.12,,,,0.0,0.0,100.0,0.0,0.0,0.0,1,0.8351,-0.0863,-5.9,FRONT_LEFT,FACING_CAMERA,FACING_CAMERA,1.0,1
1,C:\Users\homec\OneDrive\圖片\貓咪圖像資料集\白貓舔舐測試\lick_28.mp4,0,1,25.0,25.0,60,60,60,2.4,714.375,414.375,489.0,362.25,231.324245,0.37282672,156.2298,1280.2289,0.081412,1.0,FR,,,FR,14.926443,1,FR,0,1,0,0,0,2,0,0,0,0,0.0,0.0,2.28,0.0,0.0,0.0,,,1.14,,,,0.0,0.0,100.0,0.0,0.0,0.0,1,0.8342,-0.08,-5.48,FRONT_LEFT,FACING_CAMERA,FACING_CAMERA,1.0,1
1,C:\Users\homec\OneDrive\圖片\貓咪圖像資料集\白貓舔舐測試\lick_28.mp4,0,1,25.0,25.0,61,61,61,2.44,715.5,421.5,490.5,363.0,232.480644,0.37446521,137.1763,1273.7009,0.071483,1.0,FR,,,FR,13.644641,1,FR,0,1,0,0,0,2,0,0,0,0,0.0,0.0,2.32,0.0,0.0,0.0,,,1.16,,,,0.0,0.0,100.0,0.0,0.0,0.0,1,0.8372,-0.0778,-5.31,FRONT_LEFT,FACING_CAMERA,FACING_CAMERA,1.0,1
1,C:\Users\homec\OneDrive\圖片\貓咪圖像資料集\白貓舔舐測試\lick_28.mp4,0,1,25.0,25.0,62,62,62,2.48,718.125,423.0,492.75,361.875,233.516929,0.37636068,128.247,1267.7869,0.06683,1.0,FR,,,FR,13.47559,1,FR,0,1,0,0,0,2,0,0,0,0,0.0,0.0,2.36,0.0,0.0,0.0,,,1.18,,,,0.0,0.0,100.0,0.0,0.0,0.0,1,0.8367,-0.0784,-5.36,FRONT_LEFT,FACING_CAMERA,FACING_CAMERA,1.0,1
1,C:\Users\homec\OneDrive\圖片\貓咪圖像資料集\白貓舔舐測試\lick_28.mp4,0,1,25.0,25.0,63,63,63,2.52,721.125,425.625,497.25,358.875,233.614165,0.37631264,105.7371,1252.7644,0.0551,1.0,FR,,,FR,13.900801,1,FR,0,1,0,0,0,2,0,0,0,0,0.0,0.0,2.4,0.0,0.0,0.0,,,1.2,,,,0.0,0.0,100.0,0.0,0.0,0.0,1,0.8395,-0.0797,-5.42,FRONT_LEFT,FACING_CAMERA,FACING_CAMERA,1.0,1
1,C:\Users\homec\OneDrive\圖片\貓咪圖像資料集\白貓舔舐測試\lick_28.mp4,0,1,25.0,25.0,64,64,64,2.56,723.0,426.0,502.5,350.25,233.148692,0.37605798,92.4093,1238.5325,0.048155,1.0,FR,,,FR,12.645049,1,FR,0,1,0,0,0,2,0,0,0,0,0.0,0.0,2.44,0.0,0.0,0.0,,,1.22,,,,0.0,0.0,100.0,0.0,0.0,0.0,1,0.8433,-0.0834,-5.65,FRONT_LEFT,FACING_CAMERA,FACING_CAMERA,1.0,1
1,C:\Users\homec\OneDrive\圖片\貓咪圖像資料集\白貓舔舐測試\lick_28.mp4,0,1,25.0,25.0,65,65,65,2.6,724.5,418.5,505.5,346.875,230.415148,0.37023128,73.8628,1220.0153,0.03849,1.0,FR,,,FR,20.473894,1,FR,0,1,0,0,0,2,0,0,0,0,0.0,0.0,2.48,0.0,0.0,0.0,,,1.24,,,,0.0,0.0,100.0,0.0,0.0,0.0,1,0.8313,-0.1041,-7.14,FRONT_LEFT,FACING_CAMERA,FACING_CAMERA,1.0,1
1,C:\Users\homec\OneDrive\圖片\貓咪圖像資料集\白貓舔舐測試\lick_28.mp4,0,1,25.0,25.0,66,66,66,2.64,729.0,405.375,506.25,342.0,231.590054,0.37203242,70.47,1207.0954,0.036722,1.0,FR,,,FR,28.181481,1,FR,0,1,0,0,0,2,0,0,0,0,0.0,0.0,2.52,0.0,0.0,0.0,,,1.26,,,,0.0,0.0,100.0,0.0,0.0,0.0,1,0.8222,-0.1212,-8.38,FRONT_LEFT,FACING_CAMERA,FACING_CAMERA,1.0,1
1,C:\Users\homec\OneDrive\圖片\貓咪圖像資料集\白貓舔舐測試\lick_28.mp4,0,1,25.0,25.0,67,67,67,2.68,734.25,399.375,507.0,339.0,235.133373,0.37621934,39.1482,1179.0221,0.0204,1.0,FR,,,FR,38.511927,1,FR,0,1,0,0,0,2,0,0,0,0,0.0,0.0,2.56,0.0,0.0,0.0,,,1.28,,,,0.0,0.0,100.0,0.0,0.0,0.0,1,0.8115,-0.1431,-10.0,FRONT_LEFT,FACING_CAMERA,FACING_CAMERA,1.0,1
1,C:\Users\homec\OneDrive\圖片\貓咪圖像資料集\白貓舔舐測試\lick_28.mp4,0,1,25.0,25.0,68,68,68,2.72,736.125,394.875,510.0,334.6875,233.997972,0.37248769,-12.9964,1133.2091,0.0,1.0,FR,,,FR,50.339022,1,FR,0,1,0,0,0,2,0,0,0,0,0.0,0.0,2.6,0.0,0.0,0.0,,,1.3,,,,0.0,0.0,100.0,0.0,0.0,0.0,1,0.8104,-0.1635,-11.4,FRONT_LEFT,FACING_CAMERA,FACING_CAMERA,1.0,1
1,C:\Users\homec\OneDrive\圖片\貓咪圖像資料集\白貓舔舐測試\lick_28.mp4,0,1,25.0,25.0,69,69,69,2.76,738.375,393.375,514.5,333.0,231.873147,0.36897082,-75.5881,1072.1296,0.0,0.993633,FR,,,FR,58.970745,1,FR,0,1,0,0,0,2,0,0,0,0,0.0,0.0,2.64,0.0,0.0,0.0,,,1.32,,,,0.0,0.0,100.0,0.0,0.0,0.0,1,0.8208,-0.1812,-12.45,FRONT_LEFT,FACING_CAMERA,FACING_CAMERA,1.0,1
1,C:\Users\homec\OneDrive\圖片\貓咪圖像資料集\白貓舔舐測試\lick_28.mp4,0,1,25.0,25.0,70,70,70,2.8,735.375,389.625,511.5,336.0,230.207854,0.36675735,-69.8621,1081.1574,0.0,1.0,FR,,,FR,53.321962,1,FR,0,1,0,0,0,2,0,0,0,0,0.0,0.0,2.68,0.0,0.0,0.0,,,1.34,,,,0.0,0.0,100.0,0.0,0.0,0.0,1,0.8274,-0.1771,-12.08,FRONT_LEFT,FACING_CAMERA,FACING_CAMERA,1.0,1
1,C:\Users\homec\OneDrive\圖片\貓咪圖像資料集\白貓舔舐測試\lick_28.mp4,0,1,25.0,25.0,71,71,71,2.84,729.75,385.125,501.75,336.375,233.153517,0.37226859,-19.1609,1133.8728,0.0,1.0,FR,,,FR,42.480807,1,FR,0,1,0,0,0,2,0,0,0,0,0.0,0.0,2.72,0.0,0.0,0.0,,,1.36,,,,0.0,0.0,100.0,0.0,0.0,0.0,1,0.8366,-0.1568,-10.62,FRONT_LEFT,FACING_CAMERA,FACING_CAMERA,1.0,1
1,C:\Users\homec\OneDrive\圖片\貓咪圖像資料集\白貓舔舐測試\lick_28.mp4,0,1,25.0,25.0,72,72,72,2.88,726.0,390.0,498.0,337.6875,233.924342,0.37478801,36.5447,1184.4976,0.019044,1.0,FR,,,FR,33.907504,1,FR,0,1,0,0,0,2,0,0,0,0,0.0,0.0,2.76,0.0,0.0,0.0,,,1.38,,,,0.0,0.0,100.0,0.0,0.0,0.0,1,0.8369,-0.1345,-9.13,FRONT_LEFT,FACING_CAMERA,FACING_CAMERA,1.0,1
1,C:\Users\homec\OneDrive\圖片\貓咪圖像資料集\白貓舔舐測試\lick_28.mp4,0,1,25.0,25.0,73,73,73,2.92,724.5,397.5,498.75,337.125,233.683981,0.37457223,25.4261,1180.3269,0.01325,1.0,FR,,,FR,29.454802,1,FR,0,1,0,0,0,2,0,0,0,0,0.0,0.0,2.8,0.0,0.0,0.0,,,1.4,,,,0.0,0.0,100.0,0.0,0.0,0.0,1,0.8427,-0.1302,-8.79,FRONT_LEFT,FACING_CAMERA,FACING_CAMERA,1.0,1
1,C:\Users\homec\OneDrive\圖片\貓咪圖像資料集\白貓舔舐測試\lick_28.mp4,0,1,25.0,25.0,74,74,74,2.96,728.625,400.875,501.75,336.375,235.865461,0.3789581,11.4776,1168.7224,0.005981,1.0,FR,,,FR,29.766069,1,FR,0,1,0,0,0,2,0,0,0,0,0.0,0.0,2.84,0.0,0.0,0.0,,,1.42,,,,0.0,0.0,100.0,0.0,0.0,0.0,1,0.8431,-0.1338,-9.02,FRONT_LEFT,FACING_CAMERA,FACING_CAMERA,1.0,1
1,C:\Users\homec\OneDrive\圖片\貓咪圖像資料集\白貓舔舐測試\lick_28.mp4,0,1,25.0,25.0,75,75,75,3.0,733.5,404.625,506.25,334.125,237.934471,0.38347178,13.5008,1167.4551,0.007035,1.0,FR,,,FR,30.628304,1,FR,0,1,0,0,0,2,0,0,0,0,0.0,0.0,2.88,0.0,0.0,0.0,,,1.44,,,,0.0,0.0,100.0,0.0,0.0,0.0,1,0.8402,-0.1324,-8.95,FRONT_LEFT,FACING_CAMERA,FACING_CAMERA,1.0,1
1,C:\Users\homec\OneDrive\圖片\貓咪圖像資料集\白貓舔舐測試\lick_28.mp4,0,1,25.0,25.0,76,76,76,3.04,740.25,407.25,510.75,328.5,242.635143,0.39102821,17.5631,1164.7653,0.009152,1.0,FR,,,FR,35.986909,1,FR,0,1,0,0,0,2,0,0,0,0,0.0,0.0,2.92,0.0,0.0,0.0,,,1.46,,,,0.0,0.0,100.0,0.0,0.0,0.0,1,0.8341,-0.1321,-9.0,FRONT_LEFT,FACING_CAMERA,FACING_CAMERA,1.0,1
1,C:\Users\homec\OneDrive\圖片\貓咪圖像資料集\白貓舔舐測試\lick_28.mp4,0,1,25.0,25.0,77,77,77,3.08,747.0,401.25,513.0,324.9375,246.12923,0.39489072,0.4511,1143.023,0.000235,1.0,FR,,,FR,48.395138,1,FR,0,1,0,0,0,2,0,0,0,0,0.0,0.0,2.96,0.0,0.0,0.0,,,1.48,,,,0.0,0.0,100.0,0.0,0.0,0.0,1,0.8184,-0.1493,-10.34,FRONT_LEFT,FACING_CAMERA,FACING_CAMERA,1.0,1
1,C:\Users\homec\OneDrive\圖片\貓咪圖像資料集\白貓舔舐測試\lick_28.mp4,0,1,25.0,25.0,78,78,78,3.12,751.125,399.0,519.75,321.0,244.168775,0.39193971,-23.1313,1115.585,0.0,1.0,FR,,,FR,56.446203,1,FR,0,1,0,0,0,2,0,0,0,0,0.0,0.0,3.0,0.0,0.0,0.0,,,1.5,,,,0.0,0.0,100.0,0.0,0.0,0.0,1,0.8098,-0.1659,-11.58,FRONT_LEFT,FACING_CAMERA,FACING_CAMERA,1.0,1
1,C:\Users\homec\OneDrive\圖片\貓咪圖像資料集\白貓舔舐測試\lick_28.mp4,0,1,25.0,25.0,79,79,79,3.16,754.125,396.0,524.25,320.8125,241.858793,0.38671923,-61.2807,1075.3203,0.0,0.99659,FR,,,FR,62.334122,1,FR,0,1,0,0,0,2,0,0,0,0,0.0,0.0,3.04,0.0,0.0,0.0,,,1.52,,,,0.0,0.0,100.0,0.0,0.0,0.0,1,0.7995,-0.1848,-13.02,FRONT_LEFT,FACING_CAMERA,FACING_CAMERA,1.0,1
1,C:\Users\homec\OneDrive\圖片\貓咪圖像資料集\白貓舔舐測試\lick_28.mp4,0,1,25.0,25.0,80,80,80,3.2,759.375,394.5,528.75,320.0625,242.340323,0.38593376,-109.3818,1018.298,0.0,0.943742,FR,,,FR,68.410888,1,FR,0,1,0,0,0,2,0,0,0,0,0.0,0.0,3.08,0.0,0.0,0.0,,,1.54,,,,0.0,0.0,100.0,0.0,0.0,0.0,1,0.7902,-0.2043,-14.49,FRONT_LEFT,FACING_CAMERA,FACING_CAMERA,1.0,1
1,C:\Users\homec\OneDrive\圖片\貓咪圖像資料集\白貓舔舐測試\lick_28.mp4,0,1,25.0,25.0,81,81,81,3.24,759.0,393.0,529.125,322.875,240.333167,0.38078004,-168.3505,948.4231,0.0,0.878983,FR,,,FR,76.158244,1,FR,0,1,0,0,0,2,0,0,0,0,0.0,0.0,3.12,0.0,0.0,0.0,,,1.56,,,,0.0,0.0,100.0,0.0,0.0,0.0,1,0.7914,-0.2201,-15.54,FRONT_LEFT,FACING_CAMERA,FACING_CAMERA,1.0,1
1,C:\Users\homec\OneDrive\圖片\貓咪圖像資料集\白貓舔舐測試\lick_28.mp4,0,1,25.0,25.0,82,82,82,3.28,759.0,392.25,532.125,320.0625,238.08255,0.37653069,-194.426,907.4385,0.0,0.841,NO_TARGET,,,NO_TARGET,,0,,0,0,0,0,0,2,0,0,0,0,0.0,0.0,3.12,0.0,0.0,0.0,,,1.56,,,,0.0,0.0,100.0,0.0,0.0,0.0,1,0.798,-0.2274,-15.9,FRONT_LEFT,FACING_CAMERA,FACING_CAMERA,1.0,1
1,C:\Users\homec\OneDrive\圖片\貓咪圖像資料集\白貓舔舐測試\lick_28.mp4,0,1,25.0,25.0,83,83,83,3.32,754.5,391.125,530.25,322.125,234.625366,0.37023893,-213.2458,884.1317,0.0,0.819399,NO_TARGET,,,NO_TARGET,,0,,0,0,0,0,0,2,0,0,0,0,0.0,0.0,3.12,0.0,0.0,0.0,,,1.56,,,,0.0,0.0,100.0,0.0,0.0,0.0,1,0.8061,-0.2284,-15.82,FRONT_LEFT,FACING_CAMERA,FACING_CAMERA,1.0,1
1,C:\Users\homec\OneDrive\圖片\貓咪圖像資料集\白貓舔舐測試\lick_28.mp4,0,1,25.0,25.0,84,84,84,3.36,754.125,384.75,525.0,321.5625,237.678198,0.37417215,-189.6946,922.5627,0.0,0.855016,NO_TARGET,,,NO_TARGET,,0,,0,0,0,0,0,2,0,0,0,0,0.0,0.0,3.12,0.0,0.0,0.0,,,1.56,,,,0.0,0.0,100.0,0.0,0.0,0.0,1,0.8021,-0.2229,-15.53,FRONT_LEFT,FACING_CAMERA,FACING_CAMERA,1.0,1
1,C:\Users\homec\OneDrive\圖片\貓咪圖像資料集\白貓舔舐測試\lick_28.mp4,0,1,25.0,25.0,85,85,85,3.4,749.25,390.0,516.75,321.75,242.310364,0.38452577,-110.949,1039.0438,0.0,0.962969,FR,,,FR,68.101305,1,FR,0,1,0,0,0,3,0,0,0,0,0.0,0.0,3.16,0.0,0.0,0.0,,,1.053333,,,,0.0,0.0,100.0,0.0,0.0,0.0,1,0.808,-0.192,-13.37,FRONT_LEFT,FACING_CAMERA,FACING_CAMERA,1.0,1
1,C:\Users\homec\OneDrive\圖片\貓咪圖像資料集\白貓舔舐測試\lick_28.mp4,0,1,25.0,25.0,86,86,86,3.44,742.125,381.75,505.5,323.625,243.659406,0.39056721,37.1479,1174.8823,0.019358,1.0,FR,,,FR,45.729398,1,FR,0,1,0,0,0,3,0,0,0,0,0.0,0.0,3.2,0.0,0.0,0.0,,,1.066667,,,,0.0,0.0,100.0,0.0,0.0,0.0,1,0.8162,-0.1484,-10.31,FRONT_LEFT,FACING_CAMERA,FACING_CAMERA,1.0,1
1,C:\Users\homec\OneDrive\圖片\貓咪圖像資料集\白貓舔舐測試\lick_28.mp4,0,1,25.0,25.0,87,87,87,3.48,743.625,385.875,504.0,327.9375,246.529703,0.39866056,93.5853,1216.5799,0.048768,1.0,FR,,,FR,35.000826,1,FR,0,1,0,0,0,3,0,0,0,0,0.0,0.0,3.24,0.0,0.0,0.0,,,1.08,,,,0.0,0.0,100.0,0.0,0.0,0.0,1,0.8197,-0.1267,-8.78,FRONT_LEFT,FACING_CAMERA,FACING_CAMERA,1.0,1
1,C:\Users\homec\OneDrive\圖片\貓咪圖像資料集\白貓舔舐測試\lick_28.mp4,0,1,25.0,25.0,88,88,88,3.52,744.75,386.625,504.0,332.0625,246.855482,0.39981566,94.4363,1219.1953,0.049211,1.0,FR,,,FR,35.444195,1,FR,0,1,0,0,0,3,0,0,0,0,0.0,0.0,3.28,0.0,0.0,0.0,,,1.093333,,,,0.0,0.0,100.0,0.0,0.0,0.0,1,0.8194,-0.126,-8.74,FRONT_LEFT,FACING_CAMERA,FACING_CAMERA,1.0,1
1,C:\Users\homec\OneDrive\圖片\貓咪圖像資料集\白貓舔舐測試\lick_28.mp4,0,1,25.0,25.0,89,89,89,3.56,745.125,387.375,505.5,332.25,245.883928,0.39969381,101.4196,1223.361,0.05285,1.0,FR,,,FR,33.745636,1,FR,0,1,0,0,0,3,0,0,0,0,0.0,0.0,3.32,0.0,0.0,0.0,,,1.106667,,,,0.0,0.0,100.0,0.0,0.0,0.0,1,0.8239,-0.1226,-8.46,FRONT_LEFT,FACING_CAMERA,FACING_CAMERA,1.0,1
1,C:\Users\homec\OneDrive\圖片\貓咪圖像資料集\白貓舔舐測試\lick_28.mp4,0,1,25.0,25.0,90,90,90,3.6,747.375,390.0,507.75,329.625,247.113903,0.40171311,92.3346,1216.3817,0.048116,1.0,FR,,,FR,35.106448,1,FR,0,1,0,0,0,3,0,0,0,0,0.0,0.0,3.36,0.0,0.0,0.0,,,1.12,,,,0.0,0.0,100.0,0.0,0.0,0.0,1,0.8245,-0.123,-8.49,FRONT_LEFT,FACING_CAMERA,FACING_CAMERA,1.0,1
1,C:\Users\homec\OneDrive\圖片\貓咪圖像資料集\白貓舔舐測試\lick_28.mp4,0,1,25.0,25.0,91,91,91,3.64,749.625,396.75,511.5,325.875,248.44875,0.40286391,79.9246,1208.0578,0.041649,1.0,FR,,,FR,37.012889,1,FR,0,1,0,0,0,3,0,0,0,0,0.0,0.0,3.4,0.0,0.0,0.0,,,1.133333,,,,0.0,0.0,100.0,0.0,0.0,0.0,1,0.8225,-0.1217,-8.42,FRONT_LEFT,FACING_CAMERA,FACING_CAMERA,1.0,1
1,C:\Users\homec\OneDrive\圖片\貓咪圖像資料集\白貓舔舐測試\lick_28.mp4,0,1,25.0,25.0,92,92,92,3.68,754.5,396.375,515.25,322.125,250.506736,0.405356,55.3736,1186.5092,0.028855,1.0,FR,,,FR,41.32746,1,FR,0,1,0,0,0,3,0,0,0,0,0.0,0.0,3.44,0.0,0.0,0.0,,,1.146667,,,,0.0,0.0,100.0,0.0,0.0,0.0,1,0.8158,-0.1342,-9.34,FRONT_LEFT,FACING_CAMERA,FACING_CAMERA,1.0,1
1,C:\Users\homec\OneDrive\圖片\貓咪圖像資料集\白貓舔舐測試\lick_28.mp4,0,1,25.0,25.0,93,93,93,3.72,757.5,396.375,519.0,319.875,250.468561,0.40491601,18.6022,1155.7567,0.009694,1.0,FR,,,FR,46.059604,1,FR,0,1,0,0,0,3,0,0,0,0,0.0,0.0,3.48,0.0,0.0,0.0,,,1.16,,,,0.0,0.0,100.0,0.0,0.0,0.0,1,0.8116,-0.1508,-10.52,FRONT_LEFT,FACING_CAMERA,FACING_CAMERA,1.0,1
1,C:\Users\homec\OneDrive\圖片\貓咪圖像資料集\白貓舔舐測試\lick_28.mp4,0,1,25.0,25.0,94,94,94,3.76,757.875,395.625,525.75,319.5,244.288828,0.39336369,-51.4688,1092.0969,0.0,1.0,FR,,,FR,55.181472,1,FR,0,1,0,0,0,3,0,0,0,0,0.0,0.0,3.52,0.0,0.0,0.0,,,1.173333,,,,0.0,0.0,100.0,0.0,0.0,0.0,1,0.8128,-0.1739,-12.08,FRONT_LEFT,FACING_CAMERA,FACING_CAMERA,1.0,1
1,C:\Users\homec\OneDrive\圖片\貓咪圖像資料集\白貓舔舐測試\lick_28.mp4,0,1,25.0,25.0,95,95,95,3.8,757.5,396.375,531.375,316.875,239.693065,0.38345457,-112.4144,1025.4709,0.0,0.95039,FR,,,FR,64.930492,1,FR,0,1,0,0,0,3,0,0,0,0,0.0,0.0,3.56,0.0,0.0,0.0,,,1.186667,,,,0.0,0.0,100.0,0.0,0.0,0.0,1,0.812,-0.1946,-13.48,FRONT_LEFT,FACING_CAMERA,FACING_CAMERA,1.0,1
1,C:\Users\homec\OneDrive\圖片\貓咪圖像資料集\白貓舔舐測試\lick_28.mp4,0,1,25.0,25.0,96,96,96,3.84,758.625,393.75,531.75,317.625,239.305832,0.37971406,-176.0513,943.6896,0.0,0.874596,FR,,,FR,71.589651,1,FR,0,1,0,0,0,3,0,0,0,0,0.0,0.0,3.6,0.0,0.0,0.0,,,1.2,,,,0.0,0.0,100.0,0.0,0.0,0.0,1,0.8058,-0.2192,-15.22,FRONT_LEFT,FACING_CAMERA,FACING_CAMERA,1.0,1
1,C:\Users\homec\OneDrive\圖片\貓咪圖像資料集\白貓舔舐測試\lick_28.mp4,0,1,25.0,25.0,97,97,97,3.88,760.125,392.625,536.25,315.75,236.706107,0.37478388,-205.3529,894.2324,0.0,0.82876,NO_TARGET,,,NO_TARGET,,0,,0,0,0,0,0,3,0,0,0,0,0.0,0.0,3.6,0.0,0.0,0.0,,,1.2,,,,0.0,0.0,100.0,0.0,0.0,0.0,1,0.8077,-0.229,-15.83,FRONT_LEFT,FACING_CAMERA,FACING_CAMERA,1.0,1
1,C:\Users\homec\OneDrive\圖片\貓咪圖像資料集\白貓舔舐測試\lick_28.mp4,0,1,25.0,25.0,98,98,98,3.92,761.625,388.125,539.625,312.375,234.567821,0.37191864,-197.6863,899.5862,0.0,0.833722,NO_TARGET,,,NO_TARGET,,0,,0,0,0,0,0,3,0,0,0,0,0.0,0.0,3.6,0.0,0.0,0.0,,,1.2,,,,0.0,0.0,100.0,0.0,0.0,0.0,1,0.8054,-0.2269,-15.73,FRONT_LEFT,FACING_CAMERA,FACING_CAMERA,1.0,1
1,C:\Users\homec\OneDrive\圖片\貓咪圖像資料集\白貓舔舐測試\lick_28.mp4,0,1,25.0,25.0,99,99,99,3.96,763.5,386.25,534.375,311.25,241.087672,0.38603903,-115.9152,1009.3578,0.0,0.935457,FR,,,FR,61.829205,1,FR,0,1,0,0,0,4,0,0,0,0,0.0,0.0,3.64,0.0,0.0,0.0,,,0.91,,,,0.0,0.0,100.0,0.0,0.0,0.0,1,0.806,-0.2024,-14.1,FRONT_LEFT,FACING_CAMERA,FACING_CAMERA,1.0,1
1,C:\Users\homec\OneDrive\圖片\貓咪圖像資料集\白貓舔舐測試\lick_28.mp4,0,1,25.0,25.0,100,100,100,4.0,760.5,394.5,528.0,310.125,247.336594,0.40065024,2.0011,1132.6449,0.001043,1.0,FR,,,FR,39.823465,1,FR,0,1,0,0,0,4,0,0,0,0,0.0,0.0,3.68,0.0,0.0,0.0,,,0.92,,,,0.0,0.0,100.0,0.0,0.0,0.0,1,0.8152,-0.1566,-10.88,FRONT_LEFT,FACING_CAMERA,FACING_CAMERA,1.0,1
1,C:\Users\homec\OneDrive\圖片\貓咪圖像資料集\白貓舔舐測試\lick_28.mp4,0,1,25.0,25.0,101,101,101,4.04,765.375,397.125,526.5,313.125,253.213873,0.41300413,62.0473,1180.0338,0.032333,1.0,FR,,,FR,31.110038,1,FR,0,1,0,0,0,4,0,0,0,0,0.0,0.0,3.72,0.0,0.0,0.0,,,0.93,,,,0.0,0.0,100.0,0.0,0.0,0.0,1,0.8143,-0.1312,-9.16,FRONT_LEFT,FACING_CAMERA,FACING_CAMERA,1.0,1
1,C:\Users\homec\OneDrive\圖片\貓咪圖像資料集\白貓舔舐測試\lick_28.mp4,0,1,25.0,25.0,102,102,102,4.08,763.875,399.0,525.0,316.5,252.720232,0.4111568,58.8191,1181.4328,0.030651,1.0,FR,,,FR,32.158319,1,FR,0,1,0,0,0,4,0,0,0,0,0.0,0.0,3.76,0.0,0.0,0.0,,,0.94,,,,0.0,0.0,100.0,0.0,0.0,0.0,1,0.8161,-0.1278,-8.9,FRONT_LEFT,FACING_CAMERA,FACING_CAMERA,1.0,1
1,C:\Users\homec\OneDrive\圖片\貓咪圖像資料集\白貓舔舐測試\lick_28.mp4,0,1,25.0,25.0,103,103,103,4.12,763.875,398.625,524.25,317.625,252.944936,0.41200366,64.4959,1186.0773,0.033609,1.0,FR,,,FR,29.745589,1,FR,0,1,0,0,0,4,0,0,0,0,0.0,0.0,3.8,0.0,0.0,0.0,,,0.95,,,,0.0,0.0,100.0,0.0,0.0,0.0,1,0.8167,-0.1245,-8.67,FRONT_LEFT,FACING_CAMERA,FACING_CAMERA,1.0,1
1,C:\Users\homec\OneDrive\圖片\貓咪圖像資料集\白貓舔舐測試\lick_28.mp4,0,1,25.0,25.0,104,104,104,4.16,762.375,398.25,523.5,318.0,251.994699,0.40989648,62.5722,1185.5176,0.032607,1.0,FR,,,FR,32.072436,1,FR,0,1,0,0,0,4,0,0,0,0,0.0,0.0,3.84,0.0,0.0,0.0,,,0.96,,,,0.0,0.0,100.0,0.0,0.0,0.0,1,0.8178,-0.1256,-8.73,FRONT_LEFT,FACING_CAMERA,FACING_CAMERA,1.0,1
1,C:\Users\homec\OneDrive\圖片\貓咪圖像資料集\白貓舔舐測試\lick_28.mp4,0,1,25.0,25.0,105,105,105,4.2,764.625,400.5,528.75,315.375,250.765391,0.40797642,55.7214,1177.792,0.029037,1.0,FR,,,FR,32.95779,1,FR,0,1,0,0,0,4,0,0,0,0,0.0,0.0,3.88,0.0,0.0,0.0,,,0.97,,,,0.0,0.0,100.0,0.0,0.0,0.0,1,0.8164,-0.1241,-8.64,FRONT_LEFT,FACING_CAMERA,FACING_CAMERA,1.0,1
1,C:\Users\homec\OneDrive\圖片\貓咪圖像資料集\白貓舔舐測試\lick_28.mp4,0,1,25.0,25.0,106,106,106,4.24,768.0,403.875,536.625,311.625,249.08724,0.40413061,11.1655,1138.9881,0.005818,1.0,FR,,,FR,36.45,1,FR,0,1,0,0,0,4,0,0,0,0,0.0,0.0,3.92,0.0,0.0,0.0,,,0.98,,,,0.0,0.0,100.0,0.0,0.0,0.0,1,0.811,-0.1399,-9.79,FRONT_LEFT,FACING_CAMERA,FACING_CAMERA,1.0,1
1,C:\Users\homec\OneDrive\圖片\貓咪圖像資料集\白貓舔舐測試\lick_28.mp4,0,1,25.0,25.0,107,107,107,4.28,774.0,403.875,544.875,307.875,248.423561,0.40247989,-21.6264,1102.5706,0.0,1.0,FR,,,FR,44.834406,1,FR,0,1,0,0,0,4,0,0,0,0,0.0,0.0,3.96,0.0,0.0,0.0,,,0.99,,,,0.0,0.0,100.0,0.0,0.0,0.0,1,0.8008,-0.1585,-11.2,FRONT_LEFT,FACING_CAMERA,FACING_CAMERA,1.0,1
1,C:\Users\homec\OneDrive\圖片\貓咪圖像資料集\白貓舔舐測試\lick_28.mp4,0,1,25.0,25.0,108,108,108,4.32,777.0,406.125,552.375,303.0,247.166252,0.39860765,-75.4815,1042.7138,0.0,0.966371,FR,,,FR,48.105855,1,FR,0,1,0,0,0,4,0,0,0,0,0.0,0.0,4.0,0.0,0.0,0.0,,,1.0,,,,0.0,0.0,100.0,0.0,0.0,0.0,1,0.8007,-0.1742,-12.28,FRONT_LEFT,FACING_CAMERA,FACING_CAMERA,1.0,1
1,C:\Users\homec\OneDrive\圖片\貓咪圖像資料集\白貓舔舐測試\lick_28.mp4,0,1,25.0,25.0,109,109,109,4.36,777.75,407.25,555.375,302.25,245.917955,0.39654686,-79.1994,1036.8362,0.0,0.960923,FR,,,FR,48.317809,1,FR,0,1,0,0,0,4,0,0,0,0,0.0,0.0,4.04,0.0,0.0,0.0,,,1.01,,,,0.0,0.0,100.0,0.0,0.0,0.0,1,0.7997,-0.1759,-12.41,FRONT_LEFT,FACING_CAMERA,FACING_CAMERA,1.0,1
1,C:\Users\homec\OneDrive\圖片\貓咪圖像資料集\白貓舔舐測試\lick_28.mp4,0,1,25.0,25.0,110,110,110,4.4,777.0,409.5,552.75,303.375,248.09389,0.40246726,-22.938,1096.9209,0.0,1.0,FR,,,FR,35.687574,1,FR,0,1,0,0,0,4,0,0,0,0,0.0,0.0,4.08,0.0,0.0,0.0,,,1.02,,,,0.0,0.0,100.0,0.0,0.0,0.0,1,0.8044,-0.1494,-10.52,FRONT_LEFT,FACING_CAMERA,FACING_CAMERA,1.0,1
1,C:\Users\homec\OneDrive\圖片\貓咪圖像資料集\白貓舔舐測試\lick_28.mp4,0,1,25.0,25.0,111,111,111,4.44,772.5,417.0,547.5,307.875,250.066522,0.40782579,-0.3436,1127.5184,0.0,1.0,FR,,,FR,27.450165,1,FR,0,1,0,0,0,4,0,0,0,0,0.0,0.0,4.12,0.0,0.0,0.0,,,1.03,,,,0.0,0.0,100.0,0.0,0.0,0.0,1,0.8171,-0.128,-8.9,FRONT_LEFT,FACING_CAMERA,FACING_CAMERA,1.0,1
1,C:\Users\homec\OneDrive\圖片\貓咪圖像資料集\白貓舔舐測試\lick_28.mp4,0,1,25.0,25.0,112,112,112,4.48,768.0,418.5,540.375,314.625,250.206227,0.40771463,12.3743,1147.2533,0.006448,1.0,FR,,,FR,26.849537,1,FR,0,1,0,0,0,4,0,0,0,0,0.0,0.0,4.16,0.0,0.0,0.0,,,1.04,,,,0.0,0.0,100.0,0.0,0.0,0.0,1,0.8226,-0.1195,-8.27,FRONT_LEFT,FACING_CAMERA,FACING_CAMERA,1.0,1
1,C:\Users\homec\OneDrive\圖片\貓咪圖像資料集\白貓舔舐測試\lick_28.mp4,0,1,25.0,25.0,113,113,113,4.52,762.0,421.5,528.75,320.25,254.277653,0.41499227,43.5673,1181.0756,0.022703,1.0,FR,,,FR,20.231784,1,FR,0,1,0,0,0,4,0,0,0,0,0.0,0.0,4.2,0.0,0.0,0.0,,,1.05,,,,0.0,0.0,100.0,0.0,0.0,0.0,1,0.8302,-0.1031,-7.08,FRONT_LEFT,FACING_CAMERA,FACING_CAMERA,1.0,1
1,C:\Users\homec\OneDrive\圖片\貓咪圖像資料集\白貓舔舐測試\lick_28.mp4,0,1,25.0,25.0,114,114,114,4.56,754.125,425.625,521.25,328.125,252.461909,0.41132387,45.5174,1193.1352,0.023719,1.0,FR,,,FR,12.967772,1,FR,0,1,0,0,0,4,0,0,0,0,0.0,0.0,4.24,0.0,0.0,0.0,,,1.06,,,,0.0,0.0,100.0,0.0,0.0,0.0,1,0.8398,-0.0929,-6.31,FRONT_LEFT,FACING_CAMERA,FACING_CAMERA,1.0,1
1,C:\Users\homec\OneDrive\圖片\貓咪圖像資料集\白貓舔舐測試\lick_28.mp4,0,1,25.0,25.0,115,115,115,4.6,748.125,430.5,519.0,331.125,249.747185,0.406795,38.5123,1194.7528,0.020069,1.0,FR,,,FR,8.999553,1,FR,0,1,0,0,0,4,0,0,0,0,0.0,0.0,4.28,0.0,0.0,0.0,,,1.07,,,,0.0,0.0,100.0,0.0,0.0,0.0,1,0.854,-0.0823,-5.51,FRONT_LEFT,FACING_CAMERA,FACING_CAMERA,1.0,1
1,C:\Users\homec\OneDrive\圖片\貓咪圖像資料集\白貓舔舐測試\lick_28.mp4,0,1,25.0,25.0,116,116,116,4.64,742.875,430.5,513.0,336.0,248.541275,0.40456311,46.2255,1197.8294,0.024088,1.0,FR,,,FR,8.810919,1,FR,0,1,0,0,0,4,0,0,0,0,0.0,0.0,4.32,0.0,0.0,0.0,,,1.08,,,,0.0,0.0,100.0,0.0,0.0,0.0,1,0.8596,-0.0775,-5.15,FRONT_LEFT,FACING_CAMERA,FACING_CAMERA,1.0,1
1,C:\Users\homec\OneDrive\圖片\貓咪圖像資料集\白貓舔舐測試\lick_28.mp4,0,1,25.0,25.0,117,117,117,4.68,741.375,429.75,509.25,337.5,249.784063,0.40526657,55.6015,1206.6425,0.028974,1.0,FR,,,FR,10.242623,1,FR,0,1,0,0,0,4,0,0,0,0,0.0,0.0,4.36,0.0,0.0,0.0,,,1.09,,,,0.0,0.0,100.0,0.0,0.0,0.0,1,0.8554,-0.0765,-5.11,FRONT_LEFT,FACING_CAMERA,FACING_CAMERA,1.0,1
1,C:\Users\homec\OneDrive\圖片\貓咪圖像資料集\白貓舔舐測試\lick_28.mp4,0,1,25.0,25.0,118,118,118,4.72,741.375,430.875,510.75,338.625,248.390727,0.40302778,51.1808,1204.1641,0.026671,1.0,FR,,,FR,11.555454,1,FR,0,1,0,0,0,4,0,0,0,0,0.0,0.0,4.4,0.0,0.0,0.0,,,1.1,,,,0.0,0.0,100.0,0.0,0.0,0.0,1,0.8541,-0.078,-5.22,FRONT_LEFT,FACING_CAMERA,FACING_CAMERA,1.0,1
1,C:\Users\homec\OneDrive\圖片\貓咪圖像資料集\白貓舔舐測試\lick_28.mp4,0,1,25.0,25.0,119,119,119,4.76,744.0,429.75,513.75,333.0,249.751126,0.40736133,56.3436,1202.433,0.029361,1.0,FR,,,FR,7.678012,1,FR,0,1,0,0,0,4,0,0,0,0,0.0,0.0,4.44,0.0,0.0,0.0,,,1.11,,,,0.0,0.0,100.0,0.0,0.0,0.0,1,0.8573,-0.0784,-5.22,FRONT_LEFT,FACING_CAMERA,FACING_CAMERA,1.0,1
1,C:\Users\homec\OneDrive\圖片\貓咪圖像資料集\白貓舔舐測試\lick_28.mp4,0,1,25.0,25.0,120,120,120,4.8,747.0,414.0,512.25,329.0625,249.643629,0.40646387,92.6925,1216.2987,0.048303,1.0,FR,,,FR,13.936678,1,FR,0,1,0,0,0,4,0,0,0,0,0.0,0.0,4.48,0.0,0.0,0.0,,,1.12,,,,0.0,0.0,100.0,0.0,0.0,0.0,1,0.8354,-0.0921,-6.29,FRONT_LEFT,FACING_CAMERA,FACING_CAMERA,1.0,1
1,C:\Users\homec\OneDrive\圖片\貓咪圖像資料集\白貓舔舐測試\lick_28.mp4,0,1,25.0,25.0,121,121,121,4.84,757.125,403.5,516.0,325.875,253.311875,0.41403205,112.2294,1217.3323,0.058483,1.0,FR,,,FR,19.88388,1,FR,0,1,0,0,0,4,0,0,0,0,0.0,0.0,4.52,0.0,0.0,0.0,,,1.13,,,,0.0,0.0,100.0,0.0,0.0,0.0,1,0.8237,-0.1017,-7.04,FRONT_LEFT,FACING_CAMERA,FACING_CAMERA,1.0,1
1,C:\Users\homec\OneDrive\圖片\貓咪圖像資料集\白貓舔舐測試\lick_28.mp4,0,1,25.0,25.0,122,122,122,4.88,764.25,401.25,523.5,319.5,254.251106,0.41442344,88.1773,1192.9184,0.04595,1.0,FR,,,FR,27.043557,1,FR,0,1,0,0,0,4,0,0,0,0,0.0,0.0,4.56,0.0,0.0,0.0,,,1.14,,,,0.0,0.0,100.0,0.0,0.0,0.0,1,0.8101,-0.1188,-8.34,FRONT_LEFT,FACING_CAMERA,FACING_CAMERA,1.0,1
1,C:\Users\homec\OneDrive\圖片\貓咪圖像資料集\白貓舔舐測試\lick_28.mp4,0,1,25.0,25.0,123,123,123,4.92,772.5,397.875,528.0,318.0,257.216379,0.41833493,74.2821,1176.5885,0.038709,1.0,FR,,,FR,32.502081,1,FR,0,1,0,0,0,4,0,0,0,0,0.0,0.0,4.6,0.0,0.0,0.0,,,1.15,,,,0.0,0.0,100.0,0.0,0.0,0.0,1,0.7903,-0.1405,-10.08,FRONT_LEFT,FACING_CAMERA,FACING_CAMERA,1.0,1
1,C:\Users\homec\OneDrive\圖片\貓咪圖像資料集\白貓舔舐測試\lick_28.mp4,0,1,25.0,25.0,124,124,124,4.96,778.5,395.25,531.375,315.0,259.828459,0.42396774,58.263,1158.809,0.030361,1.0,FR,,,FR,35.67051,1,FR,0,1,0,0,0,4,0,0,0,0,0.0,0.0,4.64,0.0,0.0,0.0,,,1.16,,,,0.0,0.0,100.0,0.0,0.0,0.0,1,0.7878,-0.1521,-10.93,FRONT_LEFT,FACING_CAMERA,FACING_CAMERA,1.0,1
1,C:\Users\homec\OneDrive\圖片\貓咪圖像資料集\白貓舔舐測試\lick_28.mp4,0,1,25.0,25.0,125,125,125,5.0,780.0,393.375,538.125,310.125,255.800856,0.41419841,-14.4282,1092.249,0.0,1.0,FR,,,FR,44.295101,1,FR,0,1,0,0,0,4,0,0,0,0,0.0,0.0,4.68,0.0,0.0,0.0,,,1.17,,,,0.0,0.0,100.0,0.0,0.0,0.0,1,0.7873,-0.1762,-12.61,FRONT_LEFT,FACING_CAMERA,FACING_CAMERA,1.0,1
1,C:\Users\homec\OneDrive\圖片\貓咪圖像資料集\白貓舔舐測試\lick_28.mp4,0,1,25.0,25.0,126,126,126,5.04,779.25,394.875,544.5,304.5,251.545628,0.405377,-64.6195,1037.0631,0.0,0.961134,FR,,,FR,49.166792,1,FR,0,1,0,0,0,4,0,0,0,0,0.0,0.0,4.72,0.0,0.0,0.0,,,1.18,,,,0.0,0.0,100.0,0.0,0.0,0.0,1,0.7932,-0.1887,-13.38,FRONT_LEFT,FACING_CAMERA,FACING_CAMERA,1.0,1
1,C:\Users\homec\OneDrive\圖片\貓咪圖像資料集\白貓舔舐測試\lick_28.mp4,0,1,25.0,25.0,127,127,127,5.08,780.0,399.75,548.625,304.5,250.213815,0.40370111,-78.2202,1012.1541,0.0,0.938048,FR,,,FR,48.941451,1,FR,0,1,0,0,0,4,0,0,0,0,0.0,0.0,4.76,0.0,0.0,0.0,,,1.19,,,,0.0,0.0,100.0,0.0,0.0,0.0,1,0.7981,-0.1907,-13.43,FRONT_LEFT,FACING_CAMERA,FACING_CAMERA,1.0,1
1,C:\Users\homec\OneDrive\圖片\貓咪圖像資料集\白貓舔舐測試\lick_28.mp4,0,1,25.0,25.0,128,128,128,5.12,778.5,401.25,547.875,304.875,249.952058,0.40305192,-79.1339,1011.5557,0.0,0.937494,FR,,,FR,47.011302,1,FR,0,1,0,0,0,4,0,0,0,0,0.0,0.0,4.8,0.0,0.0,0.0,,,1.2,,,,0.0,0.0,100.0,0.0,0.0,0.0,1,0.7987,-0.1898,-13.37,FRONT_LEFT,FACING_CAMERA,FACING_CAMERA,1.0,1
1,C:\Users\homec\OneDrive\圖片\貓咪圖像資料集\白貓舔舐測試\lick_28.mp4,0,1,25.0,25.0,129,129,129,5.16,783.0,399.75,548.25,303.75,253.620903,0.41018861,-45.774,1043.4487,0.0,0.967052,FR,,,FR,44.048387,1,FR,0,1,0,0,0,4,0,0,0,0,0.0,0.0,4.84,0.0,0.0,0.0,,,1.21,,,,0.0,0.0,100.0,0.0,0.0,0.0,1,0.7922,-0.1816,-12.91,FRONT_LEFT,FACING_CAMERA,FACING_CAMERA,1.0,1
1,C:\Users\homec\OneDrive\圖片\貓咪圖像資料集\白貓舔舐測試\lick_28.mp4,0,1,25.0,25.0,130,130,130,5.2,783.0,402.75,548.625,304.125,254.280419,0.41545844,15.0822,1102.3519,0.007859,1.0,FR,,,FR,33.782873,1,FR,0,1,0,0,0,4,0,0,0,0,0.0,0.0,4.88,0.0,0.0,0.0,,,1.22,,,,0.0,0.0,100.0,0.0,0.0,0.0,1,0.7972,-0.1569,-11.14,FRONT_LEFT,FACING_CAMERA,FACING_CAMERA,1.0,1
1,C:\Users\homec\OneDrive\圖片\貓咪圖像資料集\白貓舔舐測試\lick_28.mp4,0,1,25.0,25.0,131,131,131,5.24,783.0,413.625,550.5,306.0,256.201855,0.42043286,50.3937,1137.2619,0.02626,1.0,FR,,,FR,26.283689,1,FR,0,1,0,0,0,4,0,0,0,0,0.0,0.0,4.92,0.0,0.0,0.0,,,1.23,,,,0.0,0.0,100.0,0.0,0.0,0.0,1,0.8013,-0.1273,-9.03,FRONT_LEFT,FACING_CAMERA,FACING_CAMERA,1.0,1
1,C:\Users\homec\OneDrive\圖片\貓咪圖像資料集\白貓舔舐測試\lick_28.mp4,0,1,25.0,25.0,132,132,132,5.28,783.0,420.75,552.375,307.875,256.765761,0.42198426,30.369,1124.6728,0.015825,1.0,FR,,,FR,21.399107,1,FR,0,1,0,0,0,4,0,0,0,0,0.0,0.0,4.96,0.0,0.0,0.0,,,1.24,,,,0.0,0.0,100.0,0.0,0.0,0.0,1,0.814,-0.1219,-8.52,FRONT_LEFT,FACING_CAMERA,FACING_CAMERA,1.0,1
1,C:\Users\homec\OneDrive\圖片\貓咪圖像資料集\白貓舔舐測試\lick_28.mp4,0,1,25.0,25.0,133,133,133,5.32,781.5,420.75,552.0,309.375,255.097316,0.41894565,34.1604,1129.3615,0.017801,1.0,FR,,,FR,19.493013,1,FR,0,1,0,0,0,4,0,0,0,0,0.0,0.0,5.0,0.0,0.0,0.0,,,1.25,,,,0.0,0.0,100.0,0.0,0.0,0.0,1,0.8144,-0.1211,-8.45,FRONT_LEFT,FACING_CAMERA,FACING_CAMERA,1.0,1
1,C:\Users\homec\OneDrive\圖片\貓咪圖像資料集\白貓舔舐測試\lick_28.mp4,0,1,25.0,25.0,134,134,134,5.36,781.5,420.0,553.125,310.5,253.269403,0.41511977,37.4459,1131.7947,0.019513,1.0,FR,,,FR,21.582392,1,FR,0,1,0,0,0,4,0,0,0,0,0.0,0.0,5.04,0.0,0.0,0.0,,,1.26,,,,0.0,0.0,100.0,0.0,0.0,0.0,1,0.8112,-0.1193,-8.37,FRONT_LEFT,FACING_CAMERA,FACING_CAMERA,1.0,1
1,C:\Users\homec\OneDrive\圖片\貓咪圖像資料集\白貓舔舐測試\lick_28.mp4,0,1,25.0,25.0,135,135,135,5.4,783.0,416.25,554.25,308.625,252.803685,0.41443473,54.6946,1141.804,0.028502,1.0,FR,,,FR,24.831448,1,FR,0,1,0,0,0,4,0,0,0,0,0.0,0.0,5.08,0.0,0.0,0.0,,,1.27,,,,0.0,0.0,100.0,0.0,0.0,0.0,1,0.8056,-0.1169,-8.26,FRONT_LEFT,FACING_CAMERA,FACING_CAMERA,1.0,1
1,C:\Users\homec\OneDrive\圖片\貓咪圖像資料集\白貓舔舐測試\lick_28.mp4,0,1,25.0,25.0,136,136,136,5.44,787.5,411.375,553.875,310.125,254.621686,0.41721677,67.9802,1148.8278,0.035425,1.0,FR,,,FR,29.619914,1,FR,0,1,0,0,0,4,0,0,0,0,0.0,0.0,5.12,0.0,0.0,0.0,,,1.28,,,,0.0,0.0,100.0,0.0,0.0,0.0,1,0.7875,-0.1279,-9.22,FRONT_LEFT,FACING_CAMERA,FACING_CAMERA,1.0,1
1,C:\Users\homec\OneDrive\圖片\貓咪圖像資料集\白貓舔舐測試\lick_28.mp4,0,1,25.0,25.0,137,137,137,5.48,794.25,408.75,557.625,306.375,257.821704,0.42160945,51.0744,1128.1913,0.026615,1.0,FR,,,FR,30.427708,1,FR,0,1,0,0,0,4,0,0,0,0,0.0,0.0,5.16,0.0,0.0,0.0,,,1.29,,,,0.0,0.0,100.0,0.0,0.0,0.0,1,0.7718,-0.1431,-10.51,FRONT_LEFT,FACING_CAMERA,FACING_CAMERA,1.0,1
1,C:\Users\homec\OneDrive\圖片\貓咪圖像資料集\白貓舔舐測試\lick_28.mp4,0,1,25.0,25.0,138,138,138,5.52,797.25,409.5,568.125,300.375,253.784419,0.41259792,21.717,1094.8299,0.011317,1.0,FR,,,FR,36.73693,1,FR,0,1,0,0,0,4,0,0,0,0,0.0,0.0,5.2,0.0,0.0,0.0,,,1.3,,,,0.0,0.0,100.0,0.0,0.0,0.0,1,0.759,-0.155,-11.54,FRONT_LEFT,FACING_CAMERA,FACING_CAMERA,1.0,1
1,C:\Users\homec\OneDrive\圖片\貓咪圖像資料集\白貓舔舐測試\lick_28.mp4,0,1,25.0,25.0,139,139,139,5.56,801.0,417.75,577.875,298.125,253.169718,0.41162977,-9.6474,1061.3713,0.0,0.983662,FR,,,FR,37.132289,1,FR,0,1,0,0,0,4,0,0,0,0,0.0,0.0,5.24,0.0,0.0,0.0,,,1.31,,,,0.0,0.0,100.0,0.0,0.0,0.0,1,0.7591,-0.1565,-11.65,FRONT_LEFT,FACING_CAMERA,FACING_CAMERA,1.0,1
1,C:\Users\homec\OneDrive\圖片\貓咪圖像資料集\白貓舔舐測試\lick_28.mp4,0,1,25.0,25.0,140,140,140,5.6,804.0,417.0,582.75,299.25,250.63245,0.40793836,-27.5125,1035.9744,0.0,0.960125,FR,,,FR,40.305505,1,FR,0,1,0,0,0,4,0,0,0,0,0.0,0.0,5.28,0.0,0.0,0.0,,,1.32,,,,0.0,0.0,100.0,0.0,0.0,0.0,1,0.7604,-0.1641,-12.18,FRONT_LEFT,FACING_CAMERA,FACING_CAMERA,1.0,1
1,C:\Users\homec\OneDrive\圖片\貓咪圖像資料集\白貓舔舐測試\lick_28.mp4,0,1,25.0,25.0,141,141,141,5.64,801.0,417.375,582.0,296.25,250.264391,0.40511842,-47.3091,1015.0828,0.0,0.940763,FR,,,FR,41.128831,1,FR,0,1,0,0,0,4,0,0,0,0,0.0,0.0,5.32,0.0,0.0,0.0,,,1.33,,,,0.0,0.0,100.0,0.0,0.0,0.0,1,0.7616,-0.1706,-12.63,FRONT_LEFT,FACING_CAMERA,FACING_CAMERA,1.0,1
1,C:\Users\homec\OneDrive\圖片\貓咪圖像資料集\白貓舔舐測試\lick_28.mp4,0,1,25.0,25.0,142,142,142,5.68,802.5,417.0,583.125,292.5,252.241235,0.41008904,-13.5576,1047.7146,0.0,0.971005,FR,,,FR,36.531228,1,FR,0,1,0,0,0,4,0,0,0,0,0.0,0.0,5.36,0.0,0.0,0.0,,,1.34,,,,0.0,0.0,100.0,0.0,0.0,0.0,1,0.7652,-0.1547,-11.43,FRONT_LEFT,FACING_CAMERA,FACING_CAMERA,1.0,1
1,C:\Users\homec\OneDrive\圖片\貓咪圖像資料集\白貓舔舐測試\lick_28.mp4,0,1,25.0,25.0,143,143,143,5.72,805.5,423.0,584.25,294.75,255.733504,0.42151176,11.587,1074.6097,0.006038,0.995931,FR,,,FR,22.123173,1,FR,0,1,0,0,0,4,0,0,0,0,0.0,0.0,5.4,0.0,0.0,0.0,,,1.35,,,,0.0,0.0,100.0,0.0,0.0,0.0,1,0.7912,-0.1342,-9.63,FRONT_LEFT,FACING_CAMERA,FACING_CAMERA,1.0,1
1,C:\Users\homec\OneDrive\圖片\貓咪圖像資料集\白貓舔舐測試\lick_28.mp4,0,1,25.0,25.0,144,144,144,5.76,800.25,427.125,577.875,301.875,255.22187,0.42125911,39.3167,1110.817,0.020488,1.0,FR,,,FR,15.971946,1,FR,0,1,0,0,0,4,0,0,0,0,0.0,0.0,5.44,0.0,0.0,0.0,,,1.36,,,,0.0,0.0,100.0,0.0,0.0,0.0,1,0.7952,-0.118,-8.44,FRONT_LEFT,FACING_CAMERA,FACING_CAMERA,1.0,1
1,C:\Users\homec\OneDrive\圖片\貓咪圖像資料集\白貓舔舐測試\lick_28.mp4,0,1,25.0,25.0,145,145,145,5.8,793.5,426.75,569.25,307.5,253.985482,0.42009289,56.7678,1134.6043,0.029582,1.0,FR,,,FR,13.172399,1,FR,0,1,0,0,0,4,0,0,0,0,0.0,0.0,5.48,0.0,0.0,0.0,,,1.37,,,,0.0,0.0,100.0,0.0,0.0,0.0,1,0.8081,-0.1071,-7.55,FRONT_LEFT,FACING_CAMERA,FACING_CAMERA,1.0,1
1,C:\Users\homec\OneDrive\圖片\貓咪圖像資料集\白貓舔舐測試\lick_28.mp4,0,1,25.0,25.0,146,146,146,5.84,789.75,427.875,565.5,309.75,253.459224,0.4173743,76.8406,1155.0801,0.040042,1.0,FR,,,FR,10.322253,1,FR,0,1,0,0,0,4,0,0,0,0,0.0,0.0,5.52,0.0,0.0,0.0,,,1.38,,,,0.0,0.0,100.0,0.0,0.0,0.0,1,0.8026,-0.0954,-6.78,FRONT_LEFT,FACING_CAMERA,FACING_CAMERA,1.0,1
1,C:\Users\homec\OneDrive\圖片\貓咪圖像資料集\白貓舔舐測試\lick_28.mp4,0,1,25.0,25.0,147,147,147,5.88,789.75,428.25,564.375,310.875,254.107814,0.41874193,77.4494,1156.7237,0.040359,1.0,FR,,,FR,8.870117,1,FR,0,1,0,0,0,4,0,0,0,0,0.0,0.0,5.56,0.0,0.0,0.0,,,1.39,,,,0.0,0.0,100.0,0.0,0.0,0.0,1,0.8063,-0.0916,-6.48,FRONT_LEFT,FACING_CAMERA,FACING_CAMERA,1.0,1
1,C:\Users\homec\OneDrive\圖片\貓咪圖像資料集\白貓舔舐測試\lick_28.mp4,0,1,25.0,25.0,148,148,148,5.92,789.0,428.25,565.125,310.875,252.778374,0.41728041,78.5925,1157.5931,0.040955,1.0,FR,,,FR,12.375914,1,FR,0,1,0,0,0,4,0,0,0,0,0.0,0.0,5.6,0.0,0.0,0.0,,,1.4,,,,0.0,0.0,100.0,0.0,0.0,0.0,1,0.8067,-0.0922,-6.52,FRONT_LEFT,FACING_CAMERA,FACING_CAMERA,1.0,1
1,C:\Users\homec\OneDrive\圖片\貓咪圖像資料集\白貓舔舐測試\lick_28.mp4,0,1,25.0,25.0,149,149,149,5.96,792.0,430.5,571.125,307.125,252.996356,0.4179401,60.0366,1138.7892,0.031285,1.0,FR,,,FR,14.877967,1,FR,0,1,0,0,0,4,0,0,0,0,0.0,0.0,5.64,0.0,0.0,0.0,,,1.41,,,,0.0,0.0,100.0,0.0,0.0,0.0,1,0.811,-0.0972,-6.84,FRONT_LEFT,FACING_CAMERA,FACING_CAMERA,1.0,1
1,C:\Users\homec\OneDrive\圖片\貓咪圖像資料集\白貓舔舐測試\lick_28.mp4,0,1,25.0,25.0,150,150,150,6.0,797.25,427.875,576.75,306.75,251.578051,0.4159757,51.788,1126.038,0.026987,1.0,FR,,,FR,20.268421,1,FR,0,1,0,0,0,4,0,0,0,0,0.0,0.0,5.68,0.0,0.0,0.0,,,1.42,,,,0.0,0.0,100.0,0.0,0.0,0.0,1,0.8001,-0.109,-7.76,FRONT_LEFT,FACING_CAMERA,FACING_CAMERA,1.0,1
1,C:\Users\homec\OneDrive\圖片\貓咪圖像資料集\白貓舔舐測試\lick_28.mp4,0,1,25.0,25.0,151,151,151,6.04,807.0,426.75,585.0,301.5,254.895199,0.42105728,47.4144,1111.4505,0.024708,1.0,FR,,,FR,24.233667,1,FR,0,1,0,0,0,4,0,0,0,0,0.0,0.0,5.72,0.0,0.0,0.0,,,1.43,,,,0.0,0.0,100.0,0.0,0.0,0.0,1,0.7786,-0.1229,-8.97,FRONT_LEFT,FACING_CAMERA,FACING_CAMERA,1.0,1
1,C:\Users\homec\OneDrive\圖片\貓咪圖像資料集\白貓舔舐測試\lick_28.mp4,0,1,25.0,25.0,152,152,152,6.08,811.5,425.25,591.375,297.0,254.760825,0.42037221,24.0128,1082.4117,0.012513,1.0,FR,,,FR,24.994888,1,FR,0,1,0,0,0,4,0,0,0,0,0.0,0.0,5.76,0.0,0.0,0.0,,,1.44,,,,0.0,0.0,100.0,0.0,0.0,0.0,1,0.7739,-0.1349,-9.89,FRONT_LEFT,FACING_CAMERA,FACING_CAMERA,1.0,1
1,C:\Users\homec\OneDrive\圖片\貓咪圖像資料集\白貓舔舐測試\lick_28.mp4,0,1,25.0,25.0,153,153,153,6.12,812.25,425.25,597.375,293.25,252.181018,0.41472004,-0.2596,1053.5352,0.0,0.9764,FR,,,FR,28.295761,1,FR,0,1,0,0,0,4,0,0,0,0,0.0,0.0,5.8,0.0,0.0,0.0,,,1.45,,,,0.0,0.0,100.0,0.0,0.0,0.0,1,0.7712,-0.1415,-10.4,FRONT_LEFT,FACING_CAMERA,FACING_CAMERA,1.0,1
1,C:\Users\homec\OneDrive\圖片\貓咪圖像資料集\白貓舔舐測試\lick_28.mp4,0,1,25.0,25.0,154,154,154,6.16,812.25,426.0,598.125,294.375,251.345691,0.41329516,-13.697,1040.1608,0.0,0.964004,FR,,,FR,30.738283,1,FR,0,1,0,0,0,4,0,0,0,0,0.0,0.0,5.84,0.0,0.0,0.0,,,1.46,,,,0.0,0.0,100.0,0.0,0.0,0.0,1,0.7775,-0.145,-10.56,FRONT_LEFT,FACING_CAMERA,FACING_CAMERA,1.0,1
1,C:\Users\homec\OneDrive\圖片\貓咪圖像資料集\白貓舔舐測試\lick_28.mp4,0,1,25.0,25.0,155,155,155,6.2,811.5,427.5,593.625,294.375,255.326813,0.42065273,-12.5304,1044.8971,0.0,0.968394,FR,,,FR,34.112701,1,FR,0,1,0,0,0,4,0,0,0,0,0.0,0.0,5.88,0.0,0.0,0.0,,,1.47,,,,0.0,0.0,100.0,0.0,0.0,0.0,1,0.7846,-0.1423,-10.28,FRONT_LEFT,FACING_CAMERA,FACING_CAMERA,1.0,1
1,C:\Users\homec\OneDrive\圖片\貓咪圖像資料集\白貓舔舐測試\lick_28.mp4,0,1,25.0,25.0,156,156,156,6.24,808.5,429.75,586.5,298.5,257.896418,0.4287214,18.6735,1084.0925,0.009731,1.0,FR,,,FR,20.738871,1,FR,0,1,0,0,0,4,0,0,0,0,0.0,0.0,5.92,0.0,0.0,0.0,,,1.48,,,,0.0,0.0,100.0,0.0,0.0,0.0,1,0.8042,-0.1237,-8.75,FRONT_LEFT,FACING_CAMERA,FACING_CAMERA,1.0,1
1,C:\Users\homec\OneDrive\圖片\貓咪圖像資料集\白貓舔舐測試\lick_28.mp4,0,1,25.0,25.0,157,157,157,6.28,799.5,438.0,580.5,306.375,255.511527,0.4272127,26.2201,1104.665,0.013663,1.0,FR,,,FR,11.507422,1,FR,0,1,0,0,0,4,0,0,0,0,0.0,0.0,5.96,0.0,0.0,0.0,,,1.49,,,,0.0,0.0,100.0,0.0,0.0,0.0,1,0.8302,-0.1039,-7.14,FRONT_LEFT,FACING_CAMERA,FACING_CAMERA,1.0,1
1,C:\Users\homec\OneDrive\圖片\貓咪圖像資料集\白貓舔舐測試\lick_28.mp4,0,1,25.0,25.0,158,158,158,6.32,793.5,442.125,572.625,312.75,255.97589,0.42754854,50.0838,1131.5689,0.026099,1.0,FR,,,FR,5.456527,1,FR,0,1,0,0,0,4,0,0,0,0,0.0,0.0,6.0,0.0,0.0,0.0,,,1.5,,,,0.0,0.0,100.0,0.0,0.0,0.0,1,0.8332,-0.0888,-6.08,FRONT_LEFT,FACING_CAMERA,FACING_CAMERA,1.0,1
1,C:\Users\homec\OneDrive\圖片\貓咪圖像資料集\白貓舔舐測試\lick_28.mp4,0,1,25.0,25.0,159,159,159,6.36,792.0,443.25,571.125,316.5,254.659239,0.42472931,53.4119,1137.4784,0.027833,1.0,FR,,,FR,4.517954,1,FR,0,1,0,0,0,4,0,0,0,0,0.0,0.0,6.04,0.0,0.0,0.0,,,1.51,,,,0.0,0.0,100.0,0.0,0.0,0.0,1,0.8349,-0.0834,-5.71,FRONT_LEFT,FACING_CAMERA,FACING_CAMERA,1.0,1
1,C:\Users\homec\OneDrive\圖片\貓咪圖像資料集\白貓舔舐測試\lick_28.mp4,0,1,25.0,25.0,160,160,160,6.4,793.5,445.5,571.875,318.75,255.310014,0.42685563,56.6461,1141.3852,0.029519,1.0,FR,,,FR,2.041768,1,FR,0,1,0,0,0,4,0,0,0,0,0.0,0.0,6.08,0.0,0.0,0.0,,,1.52,,,,0.0,0.0,100.0,0.0,0.0,0.0,1,0.8341,-0.08,-5.48,FRONT_LEFT,FACING_CAMERA,FACING_CAMERA,1.0,1
1,C:\Users\homec\OneDrive\圖片\貓咪圖像資料集\白貓舔舐測試\lick_28.mp4,0,1,25.0,25.0,161,161,161,6.44,795.75,443.625,572.25,318.0,256.386214,0.42941258,67.5747,1147.9004,0.035214,1.0,FR,,,FR,3.737858,1,FR,0,1,0,0,0,4,0,0,0,0,0.0,0.0,6.12,0.0,0.0,0.0,,,1.53,,,,0.0,0.0,100.0,0.0,0.0,0.0,1,0.8336,-0.078,-5.35,FRONT_LEFT,FACING_CAMERA,FACING_CAMERA,1.0,1
1,C:\Users\homec\OneDrive\圖片\貓咪圖像資料集\白貓舔舐測試\lick_28.mp4,0,1,25.0,25.0,162,162,162,6.48,798.0,432.75,571.5,314.25,255.625703,0.42689607,94.3049,1160.7601,0.049143,1.0,FR,,,FR,8.605145,1,FR,0,1,0,0,0,4,0,0,0,0,0.0,0.0,6.16,0.0,0.0,0.0,,,1.54,,,,0.0,0.0,100.0,0.0,0.0,0.0,1,0.8161,-0.0811,-5.67,FRONT_LEFT,FACING_CAMERA,FACING_CAMERA,1.0,1
1,C:\Users\homec\OneDrive\圖片\貓咪圖像資料集\白貓舔舐測試\lick_28.mp4,0,1,25.0,25.0,163,163,163,6.52,805.5,424.5,577.125,313.125,254.085677,0.42366351,121.0308,1170.7992,0.06307,1.0,FR,,,FR,14.03478,1,FR,0,1,0,0,0,4,0,0,0,0,0.0,0.0,6.2,0.0,0.0,0.0,,,1.55,,,,0.0,0.0,100.0,0.0,0.0,0.0,1,0.7916,-0.0865,-6.24,FRONT_LEFT,FACING_CAMERA,FACING_CAMERA,1.0,1
1,C:\Users\homec\OneDrive\圖片\貓咪圖像資料集\白貓舔舐測試\lick_28.mp4,0,1,25.0,25.0,164,164,164,6.56,810.0,426.0,587.25,306.375,252.839283,0.42013896,92.4802,1141.4245,0.048192,1.0,FR,,,FR,21.131349,1,FR,0,1,0,0,0,4,0,0,0,0,0.0,0.0,6.24,0.0,0.0,0.0,,,1.56,,,,0.0,0.0,100.0,0.0,0.0,0.0,1,0.7802,-0.1017,-7.43,FRONT_LEFT,FACING_CAMERA,FACING_CAMERA,1.0,1
1,C:\Users\homec\OneDrive\圖片\貓咪圖像資料集\白貓舔舐測試\lick_28.mp4,0,1,25.0,25.0,165,165,165,6.6,811.5,428.25,591.375,304.875,252.341844,0.41935244,82.9094,1131.9558,0.043204,1.0,FR,,,FR,22.224308,1,FR,0,1,0,0,0,4,0,0,0,0,0.0,0.0,6.28,0.0,0.0,0.0,,,1.57,,,,0.0,0.0,100.0,0.0,0.0,0.0,1,0.7743,-0.1072,-7.88,FRONT_LEFT,FACING_CAMERA,FACING_CAMERA,1.0,1
1,C:\Users\homec\OneDrive\圖片\貓咪圖像資料集\白貓舔舐測試\lick_28.mp4,0,1,25.0,25.0,166,166,166,6.64,809.25,434.625,594.375,305.625,250.623753,0.41649724,64.0492,1119.5661,0.033376,1.0,FR,,,FR,20.401926,1,FR,0,1,0,0,0,4,0,0,0,0,0.0,0.0,6.32,0.0,0.0,0.0,,,1.58,,,,0.0,0.0,100.0,0.0,0.0,0.0,1,0.7859,-0.1024,-7.43,FRONT_LEFT,FACING_CAMERA,FACING_CAMERA,1.0,1
1,C:\Users\homec\OneDrive\圖片\貓咪圖像資料集\白貓舔舐測試\lick_28.mp4,0,1,25.0,25.0,167,167,167,6.68,808.5,441.75,592.875,310.5,252.4296,0.42203892,61.8022,1124.6098,0.032205,1.0,FR,,,FR,9.70534,1,FR,0,1,0,0,0,4,0,0,0,0,0.0,0.0,6.36,0.0,0.0,0.0,,,1.59,,,,0.0,0.0,100.0,0.0,0.0,0.0,1,0.8062,-0.089,-6.3,FRONT_LEFT,FACING_CAMERA,FACING_CAMERA,1.0,1
1,C:\Users\homec\OneDrive\圖片\貓咪圖像資料集\白貓舔舐測試\lick_28.mp4,0,1,25.0,25.0,168,168,168,6.72,804.75,446.25,584.625,314.625,256.476424,0.43051159,72.9399,1143.2178,0.038009,1.0,FR,,,FR,5.344556,1,FR,0,1,0,0,0,4,0,0,0,0,0.0,0.0,6.4,0.0,0.0,0.0,,,1.6,,,,0.0,0.0,100.0,0.0,0.0,0.0,1,0.8234,-0.0754,-5.23,FRONT_LEFT,FACING_CAMERA,FACING_CAMERA,1.0,1
1,C:\Users\homec\OneDrive\圖片\貓咪圖像資料集\白貓舔舐測試\lick_28.mp4,0,1,25.0,25.0,169,169,169,6.76,796.5,451.875,580.125,325.5,250.576897,0.42169842,55.8548,1141.3714,0.029106,1.0,FR,,,FR,0.662271,1,FR,0,1,0,0,0,4,0,0,0,0,0.0,0.0,6.44,0.0,0.0,0.0,,,1.61,,,,0.0,0.0,100.0,0.0,0.0,0.0,1,0.8447,-0.0695,-4.7,FRONT_LEFT,FACING_CAMERA,FACING_CAMERA,1.0,1
1,C:\Users\homec\OneDrive\圖片\貓咪圖像資料集\白貓舔舐測試\lick_28.mp4,0,1,25.0,25.0,170,170,170,6.8,789.0,450.75,570.0,329.8125,250.173697,0.42094669,65.7922,1146.6638,0.034285,1.0,FR,,,FR,3.270545,1,FR,0,1,0,0,0,4,0,0,0,0,0.0,0.0,6.48,0.0,0.0,0.0,,,1.62,,,,0.0,0.0,100.0,0.0,0.0,0.0,1,0.8574,-0.0618,-4.12,FRONT_LEFT,FACING_CAMERA,FACING_CAMERA,1.0,1
1,C:\Users\homec\OneDrive\圖片\貓咪圖像資料集\白貓舔舐測試\lick_28.mp4,0,1,25.0,25.0,171,171,171,6.84,783.0,449.625,561.0,333.0,250.769597,0.42079229,66.8175,1153.1208,0.034819,1.0,FR,,,FR,4.230482,1,FR,0,1,0,0,0,4,0,0,0,0,0.0,0.0,6.52,0.0,0.0,0.0,,,1.63,,,,0.0,0.0,100.0,0.0,0.0,0.0,1,0.8654,-0.0595,-3.94,FACING_CAMERA,FACING_CAMERA,FACING_CAMERA,1.0,1
1,C:\Users\homec\OneDrive\圖片\貓咪圖像資料集\白貓舔舐測試\lick_28.mp4,0,1,25.0,25.0,172,172,172,6.88,777.0,449.625,555.0,337.6875,248.624222,0.41824029,65.8932,1157.9815,0.034337,1.0,FR,,,FR,3.366923,1,FR,0,1,0,0,0,4,0,0,0,0,0.0,0.0,6.56,0.0,0.0,0.0,,,1.64,,,,0.0,0.0,100.0,0.0,0.0,0.0,1,0.8802,-0.0529,-3.44,FACING_CAMERA,FACING_CAMERA,FACING_CAMERA,1.0,1
1,C:\Users\homec\OneDrive\圖片\貓咪圖像資料集\白貓舔舐測試\lick_28.mp4,0,1,25.0,25.0,173,173,173,6.92,771.0,451.5,548.625,338.25,249.552005,0.41932438,65.181,1162.7712,0.033966,1.0,FR,,,FR,3.709007,1,FR,0,1,0,0,0,4,0,0,0,0,0.0,0.0,6.6,0.0,0.0,0.0,,,1.65,,,,0.0,0.0,100.0,0.0,0.0,0.0,1,0.8865,-0.0491,-3.17,FACING_CAMERA,FACING_CAMERA,FACING_CAMERA,1.0,1
1,C:\Users\homec\OneDrive\圖片\貓咪圖像資料集\白貓舔舐測試\lick_28.mp4,0,1,25.0,25.0,174,174,174,6.96,769.5,453.75,542.625,342.75,252.573288,0.42299866,80.695,1180.6843,0.042051,1.0,FR,,,FR,4.866624,1,FR,0,1,0,0,0,4,0,0,0,0,0.0,0.0,6.64,0.0,0.0,0.0,,,1.66,,,,0.0,0.0,100.0,0.0,0.0,0.0,1,0.8791,-0.0408,-2.66,FACING_CAMERA,FACING_CAMERA,FACING_CAMERA,1.0,1
1,C:\Users\homec\OneDrive\圖片\貓咪圖像資料集\白貓舔舐測試\lick_28.mp4,0,1,25.0,25.0,175,175,175,7.0,765.75,454.875,538.875,348.0,250.787821,0.41943344,90.5954,1193.7285,0.04721,1.0,FR,,,FR,4.876333,1,FR,0,1,0,0,0,4,0,0,0,0,0.0,0.0,6.68,0.0,0.0,0.0,,,1.67,,,,0.0,0.0,100.0,0.0,0.0,0.0,1,0.8793,-0.0324,-2.11,FACING_CAMERA,FACING_CAMERA,FACING_CAMERA,1.0,1
1,C:\Users\homec\OneDrive\圖片\貓咪圖像資料集\白貓舔舐測試\lick_28.mp4,0,1,25.0,25.0,176,176,176,7.04,760.875,460.5,537.0,355.5,247.275182,0.4124533,93.2918,1204.5607,0.048615,1.0,FR,,,FR,4.233478,1,FR,0,1,0,0,0,4,0,0,0,0,0.0,0.0,6.72,0.0,0.0,0.0,,,1.68,,,,0.0,0.0,100.0,0.0,0.0,0.0,1,0.8834,-0.019,-1.23,FACING_CAMERA,FACING_CAMERA,FACING_CAMERA,1.0,1
1,C:\Users\homec\OneDrive\圖片\貓咪圖像資料集\白貓舔舐測試\lick_28.mp4,0,1,25.0,25.0,177,177,177,7.08,755.625,466.875,533.625,362.25,245.418807,0.40788253,85.1366,1208.1225,0.044365,1.0,FR,,,FR,6.88978,1,FR,0,1,0,0,0,4,0,0,0,0,0.0,0.0,6.76,0.0,0.0,0.0,,,1.69,,,,0.0,0.0,100.0,0.0,0.0,0.0,1,0.8867,-0.0168,-1.09,FACING_CAMERA,FACING_CAMERA,FACING_CAMERA,1.0,1
1,C:\Users\homec\OneDrive\圖片\貓咪圖像資料集\白貓舔舐測試\lick_28.mp4,0,1,25.0,25.0,178,178,178,7.12,753.0,466.875,531.0,363.375,244.94132,0.40784747,85.5256,1209.3952,0.044568,1.0,FR,,,FR,3.887131,1,FR,0,1,0,0,0,4,0,0,0,0,0.0,0.0,6.8,0.0,0.0,0.0,,,1.7,,,,0.0,0.0,100.0,0.0,0.0,0.0,1,0.8947,-0.0139,-0.89,FACING_CAMERA,FACING_CAMERA,FACING_CAMERA,1.0,1
1,C:\Users\homec\OneDrive\圖片\貓咪圖像資料集\白貓舔舐測試\lick_28.mp4,0,1,25.0,25.0,179,179,179,7.16,753.0,468.75,528.75,361.875,248.415636,0.41263375,88.0496,1212.1268,0.045883,1.0,FR,,,FR,3.586626,1,FR,0,1,0,0,0,4,0,0,0,0,0.0,0.0,6.84,0.0,0.0,0.0,,,1.71,,,,0.0,0.0,100.0,0.0,0.0,0.0,1,0.8914,-0.012,-0.77,FACING_CAMERA,FACING_CAMERA,FACING_CAMERA,1.0,1
1,C:\Users\homec\OneDrive\圖片\貓咪圖像資料集\白貓舔舐測試\lick_28.mp4,0,1,25.0,25.0,180,180,180,7.2,754.5,471.75,529.125,365.625,249.111233,0.41373621,93.5949,1218.679,0.048773,1.0,FR,,,FR,5.052218,1,FR,0,1,0,0,0,4,0,0,0,0,0.0,0.0,6.88,0.0,0.0,0.0,,,1.72,,,,0.0,0.0,100.0,0.0,0.0,0.0,1,0.8882,-0.0065,-0.42,FACING_CAMERA,FACING_CAMERA,FACING_CAMERA,1.0,1
1,C:\Users\homec\OneDrive\圖片\貓咪圖像資料集\白貓舔舐測試\lick_28.mp4,0,1,25.0,25.0,181,181,181,7.24,754.125,470.25,530.625,370.5,244.749489,0.40621415,109.2926,1230.5306,0.056953,1.0,FR,,,FR,2.001859,1,FR,0,1,0,0,0,4,0,0,0,0,0.0,0.0,6.92,0.0,0.0,0.0,,,1.73,,,,0.0,0.0,100.0,0.0,0.0,0.0,1,0.8831,0.0013,0.08,FACING_CAMERA,FACING_CAMERA,FACING_CAMERA,1.0,1
1,C:\Users\homec\OneDrive\圖片\貓咪圖像資料集\白貓舔舐測試\lick_28.mp4,0,1,25.0,25.0,182,182,182,7.28,755.25,473.25,535.5,378.0,239.504958,0.39844431,124.3935,1243.6147,0.064822,1.0,FR,,,FR,4.654569,1,FR,0,1,0,0,0,4,0,0,0,0,0.0,0.0,6.96,0.0,0.0,0.0,,,1.74,,,,0.0,0.0,100.0,0.0,0.0,0.0,1,0.8776,0.0114,0.74,FACING_CAMERA,FACING_CAMERA,FACING_CAMERA,1.0,1
1,C:\Users\homec\OneDrive\圖片\貓咪圖像資料集\白貓舔舐測試\lick_28.mp4,0,1,25.0,25.0,183,183,183,7.32,750.75,478.5,537.375,387.75,231.871631,0.38239897,148.7868,1261.0242,0.077534,1.0,FR,,,FR,8.270836,1,FR,0,1,0,0,0,4,0,0,0,0,0.0,0.0,7.0,0.0,0.0,0.0,,,1.75,,,,0.0,0.0,100.0,0.0,0.0,0.0,1,0.8679,0.027,1.78,FACING_CAMERA,FACING_CAMERA,FACING_CAMERA,1.0,1
1,C:\Users\homec\OneDrive\圖片\貓咪圖像資料集\白貓舔舐測試\lick_28.mp4,0,1,25.0,25.0,184,184,184,7.36,749.25,479.25,537.0,390.375,230.106124,0.38044796,146.2245,1261.6223,0.076198,1.0,FR,,,FR,10.35884,1,FR,0,1,0,0,0,4,0,0,0,0,0.0,0.0,7.04,0.0,0.0,0.0,,,1.76,,,,0.0,0.0,100.0,0.0,0.0,0.0,1,0.8735,0.0299,1.96,FACING_CAMERA,FACING_CAMERA,FACING_CAMERA,1.0,1
1,C:\Users\homec\OneDrive\圖片\貓咪圖像資料集\白貓舔舐測試\lick_28.mp4,0,1,25.0,25.0,185,185,185,7.4,757.5,479.625,536.625,386.25,239.801285,0.40249167,138.458,1252.3114,0.072151,1.0,FR,,,FR,10.613935,1,FR,0,1,0,0,0,4,0,0,0,0,0.0,0.0,7.08,0.0,0.0,0.0,,,1.77,,,,0.0,0.0,100.0,0.0,0.0,0.0,1,0.887,0.0227,1.47,FACING_CAMERA,FACING_CAMERA,FACING_CAMERA,1.0,1
1,C:\Users\homec\OneDrive\圖片\貓咪圖像資料集\白貓舔舐測試\lick_28.mp4,0,1,25.0,25.0,186,186,186,7.44,758.25,483.0,540.75,386.25,238.047921,0.39888277,127.7865,1244.5691,0.06659,1.0,FR,,,FR,10.407696,1,FR,0,1,0,0,0,4,0,0,0,0,0.0,0.0,7.12,0.0,0.0,0.0,,,1.78,,,,0.0,0.0,100.0,0.0,0.0,0.0,1,0.8843,0.0225,1.45,FACING_CAMERA,FACING_CAMERA,FACING_CAMERA,1.0,1
1,C:\Users\homec\OneDrive\圖片\貓咪圖像資料集\白貓舔舐測試\lick_28.mp4,0,1,25.0,25.0,187,187,187,7.48,759.375,483.0,544.125,387.75,235.382933,0.39485617,126.2962,1242.8976,0.065814,1.0,FR,,,FR,7.424905,1,FR,0,1,0,0,0,4,0,0,0,0,0.0,0.0,7.16,0.0,0.0,0.0,,,1.79,,,,0.0,0.0,100.0,0.0,0.0,0.0,1,0.8833,0.0208,1.35,FACING_CAMERA,FACING_CAMERA,FACING_CAMERA,1.0,1
1,C:\Users\homec\OneDrive\圖片\貓咪圖像資料集\白貓舔舐測試\lick_28.mp4,0,1,25.0,25.0,188,188,188,7.52,765.0,477.375,543.75,381.375,241.179523,0.40700995,135.4509,1241.109,0.070584,1.0,FR,,,FR,5.610981,1,FR,0,1,0,0,0,4,0,0,0,0,0.0,0.0,7.2,0.0,0.0,0.0,,,1.8,,,,0.0,0.0,100.0,0.0,0.0,0.0,1,0.8813,0.0122,0.79,FACING_CAMERA,FACING_CAMERA,FACING_CAMERA,1.0,1
1,C:\Users\homec\OneDrive\圖片\貓咪圖像資料集\白貓舔舐測試\lick_28.mp4,0,1,25.0,25.0,189,189,189,7.56,768.75,463.875,542.625,368.25,245.513047,0.41396815,152.8117,1237.8352,0.079631,1.0,FR,,,FR,8.082724,1,FR,0,1,0,0,0,4,0,0,0,0,0.0,0.0,7.24,0.0,0.0,0.0,,,1.81,,,,0.0,0.0,100.0,0.0,0.0,0.0,1,0.8673,-0.0014,-0.09,FACING_CAMERA,FACING_CAMERA,FACING_CAMERA,1.0,1
1,C:\Users\homec\OneDrive\圖片\貓咪圖像資料集\白貓舔舐測試\lick_28.mp4,0,1,25.0,25.0,190,190,190,7.6,777.0,440.625,534.75,352.5,257.781066,0.43158893,186.6319,1237.993,0.097255,1.0,FR,,,FR,0.26795,1,FR,0,1,0,0,0,4,0,0,0,0,0.0,0.0,7.28,0.0,0.0,0.0,,,1.82,,,,0.0,0.0,100.0,0.0,0.0,0.0,1,0.8342,-0.0274,-1.88,FACING_CAMERA,FACING_CAMERA,FACING_CAMERA,1.0,1
1,C:\Users\homec\OneDrive\圖片\貓咪圖像資料集\白貓舔舐測試\lick_28.mp4,0,1,25.0,25.0,191,191,191,7.64,778.5,412.125,532.5,340.5,256.215028,0.42829441,260.6831,1255.1265,0.135843,1.0,FR,,,FR,7.989996,1,FR,0,1,0,0,0,4,0,0,0,0,0.0,0.0,7.32,0.0,0.0,0.0,,,1.83,,,,0.0,0.0,100.0,0.0,0.0,0.0,1,0.8002,-0.0483,-3.45,FACING_CAMERA,FACING_CAMERA,FACING_CAMERA,1.0,1
1,C:\Users\homec\OneDrive\圖片\貓咪圖像資料集\白貓舔舐測試\lick_28.mp4,0,1,25.0,25.0,192,192,192,7.68,786.75,405.0,541.125,333.0,255.960233,0.42700089,244.4211,1236.2949,0.127369,1.0,FR,,,FR,12.281696,1,FR,0,1,0,0,0,4,0,0,0,0,0.0,0.0,7.36,0.0,0.0,0.0,,,1.84,,,,0.0,0.0,100.0,0.0,0.0,0.0,1,0.7876,-0.0631,-4.58,FRONT_LEFT,FACING_CAMERA,FACING_CAMERA,1.0,1
1,C:\Users\homec\OneDrive\圖片\貓咪圖像資料集\白貓舔舐測試\lick_28.mp4,0,1,25.0,25.0,193,193,193,7.72,792.0,409.5,545.25,331.875,258.671999,0.43255352,234.5676,1230.7971,0.122234,1.0,FR,,,FR,10.522594,1,FR,0,1,0,0,0,4,0,0,0,0,0.0,0.0,7.4,0.0,0.0,0.0,,,1.85,,,,0.0,0.0,100.0,0.0,0.0,0.0,1,0.7843,-0.0652,-4.75,FRONT_LEFT,FACING_CAMERA,FACING_CAMERA,1.0,1
1,C:\Users\homec\OneDrive\圖片\貓咪圖像資料集\白貓舔舐測試\lick_28.mp4,0,1,25.0,25.0,194,194,194,7.76,794.25,416.25,547.125,333.1875,260.710845,0.43857263,218.7221,1225.5546,0.113977,1.0,FR,,,FR,6.684847,1,FR,0,1,0,0,0,4,0,0,0,0,0.0,0.0,7.44,0.0,0.0,0.0,,,1.86,,,,0.0,0.0,100.0,0.0,0.0,0.0,1,0.7975,-0.0627,-4.49,FRONT_LEFT,FACING_CAMERA,FACING_CAMERA,1.0,1
1,C:\Users\homec\OneDrive\圖片\貓咪圖像資料集\白貓舔舐測試\lick_28.mp4,0,1,25.0,25.0,195,195,195,7.8,790.5,413.25,543.75,336.0,258.559713,0.43492773,237.6639,1237.0388,0.123848,1.0,FR,,,FR,5.612766,1,FR,0,1,0,0,0,4,0,0,0,0,0.0,0.0,7.48,0.0,0.0,0.0,,,1.87,,,,0.0,0.0,100.0,0.0,0.0,0.0,1,0.7968,-0.0571,-4.1,FACING_CAMERA,FACING_CAMERA,FACING_CAMERA,1.0,1
1,C:\Users\homec\OneDrive\圖片\貓咪圖像資料集\白貓舔舐測試\lick_28.mp4,0,1,25.0,25.0,196,196,196,7.84,786.75,404.25,535.5,340.875,259.119573,0.43586948,290.7608,1261.9582,0.151517,1.0,FR,,,FR,8.120243,1,FR,0,1,0,0,0,4,0,0,0,0,0.0,0.0,7.52,0.0,0.0,0.0,,,1.88,,,,0.0,0.0,100.0,0.0,0.0,0.0,1,0.7893,-0.0488,-3.54,FACING_CAMERA,FACING_CAMERA,FACING_CAMERA,1.0,1
1,C:\Users\homec\OneDrive\圖片\貓咪圖像資料集\白貓舔舐測試\lick_28.mp4,0,1,25.0,25.0,197,197,197,7.88,789.0,409.875,535.875,346.125,261.029363,0.44174662,311.2053,1275.1233,0.162171,1.0,FR,,,FR,3.545874,1,FR,0,1,0,0,0,4,0,0,0,0,0.0,0.0,7.56,0.0,0.0,0.0,,,1.89,,,,0.0,0.0,100.0,0.0,0.0,0.0,1,0.7921,-0.0316,-2.29,FACING_CAMERA,FACING_CAMERA,FACING_CAMERA,1.0,1
1,C:\Users\homec\OneDrive\圖片\貓咪圖像資料集\白貓舔舐測試\lick_28.mp4,0,1,25.0,25.0,198,198,198,7.92,792.0,422.625,541.875,352.125,259.870671,0.44122927,293.4101,1275.4469,0.152897,1.0,FR,,,FR,1.573894,1,FR,0,1,0,0,0,4,0,0,0,0,0.0,0.0,7.6,0.0,0.0,0.0,,,1.9,,,,0.0,0.0,100.0,0.0,0.0,0.0,1,0.8009,-0.0239,-1.71,FACING_CAMERA,FACING_CAMERA,FACING_CAMERA,1.0,1
1,C:\Users\homec\OneDrive\圖片\貓咪圖像資料集\白貓舔舐測試\lick_28.mp4,0,1,25.0,25.0,199,199,199,7.96,792.75,434.25,546.375,356.25,258.427244,0.43961362,247.4881,1261.3029,0.128967,1.0,FR,,,FR,0.570757,1,FR,0,1,0,0,0,4,0,0,0,0,0.0,0.0,7.64,0.0,0.0,0.0,,,1.91,,,,0.0,0.0,100.0,0.0,0.0,0.0,1,0.817,-0.0231,-1.62,FACING_CAMERA,FACING_CAMERA,FACING_CAMERA,1.0,1
1,C:\Users\homec\OneDrive\圖片\貓咪圖像資料集\白貓舔舐測試\lick_28.mp4,0,1,25.0,25.0,200,200,200,8.0,796.5,442.5,553.875,356.625,257.374059,0.43739648,220.5403,1248.9683,0.114925,1.0,FR,,,FR,2.064475,1,FR,0,1,0,0,0,4,0,0,0,0,0.0,0.0,7.68,0.0,0.0,0.0,,,1.92,,,,0.0,0.0,100.0,0.0,0.0,0.0,1,0.8183,-0.0262,-1.83,FACING_CAMERA,FACING_CAMERA,FACING_CAMERA,1.0,1
1,C:\Users\homec\OneDrive\圖片\貓咪圖像資料集\白貓舔舐測試\lick_28.mp4,0,1,25.0,25.0,201,201,201,8.04,801.0,442.875,558.75,353.625,258.167823,0.43911335,217.2486,1243.3365,0.113209,1.0,FR,,,FR,2.13473,1,FR,0,1,0,0,0,4,0,0,0,0,0.0,0.0,7.72,0.0,0.0,0.0,,,1.93,,,,0.0,0.0,100.0,0.0,0.0,0.0,1,0.8174,-0.0248,-1.74,FACING_CAMERA,FACING_CAMERA,FACING_CAMERA,1.0,1
1,C:\Users\homec\OneDrive\圖片\貓咪圖像資料集\白貓舔舐測試\lick_28.mp4,0,1,25.0,25.0,202,202,202,8.08,805.5,445.5,565.875,349.125,258.279463,0.4399204,201.8174,1230.4176,0.105168,1.0,FR,,,FR,1.390269,1,FR,0,1,0,0,0,4,0,0,0,0,0.0,0.0,7.76,0.0,0.0,0.0,,,1.94,,,,0.0,0.0,100.0,0.0,0.0,0.0,1,0.822,-0.0224,-1.56,FACING_CAMERA,FACING_CAMERA,FACING_CAMERA,1.0,1
1,C:\Users\homec\OneDrive\圖片\貓咪圖像資料集\白貓舔舐測試\lick_28.mp4,0,1,25.0,25.0,203,203,203,8.12,807.0,439.5,564.0,344.8125,260.796324,0.44345028,224.4518,1238.1048,0.116963,1.0,FR,,,FR,3.583558,1,FR,0,1,0,0,0,4,0,0,0,0,0.0,0.0,7.8,0.0,0.0,0.0,,,1.95,,,,0.0,0.0,100.0,0.0,0.0,0.0,1,0.8053,-0.0289,-2.06,FACING_CAMERA,FACING_CAMERA,FACING_CAMERA,1.0,1
1,C:\Users\homec\OneDrive\圖片\貓咪圖像資料集\白貓舔舐測試\lick_28.mp4,0,1,25.0,25.0,204,204,204,8.16,810.0,429.0,565.125,339.75,260.632554,0.43976701,237.4611,1236.1984,0.123742,1.0,FR,,,FR,10.455658,1,FR,0,1,0,0,0,4,0,0,0,0,0.0,0.0,7.84,0.0,0.0,0.0,,,1.96,,,,0.0,0.0,100.0,0.0,0.0,0.0,1,0.7779,-0.0498,-3.66,FACING_CAMERA,FACING_CAMERA,FACING_CAMERA,1.0,1
1,C:\Users\homec\OneDrive\圖片\貓咪圖像資料集\白貓舔舐測試\lick_28.mp4,0,1,25.0,25.0,205,205,205,8.2,812.25,431.625,571.5,334.5,259.603213,0.43745096,204.6725,1214.2232,0.106656,1.0,FR,,,FR,14.842939,1,FR,0,1,0,0,0,4,0,0,0,0,0.0,0.0,7.88,0.0,0.0,0.0,,,1.97,,,,0.0,0.0,100.0,0.0,0.0,0.0,1,0.7842,-0.0588,-4.29,FACING_CAMERA,FACING_CAMERA,FACING_CAMERA,1.0,1
1,C:\Users\homec\OneDrive\圖片\貓咪圖像資料集\白貓舔舐測試\lick_28.mp4,0,1,25.0,25.0,206,206,206,8.24,813.0,439.5,572.625,336.1875,261.636414,0.4436359,175.3248,1200.4943,0.091363,1.0,FR,,,FR,11.03762,1,FR,0,1,0,0,0,4,0,0,0,0,0.0,0.0,7.92,0.0,0.0,0.0,,,1.98,,,,0.0,0.0,100.0,0.0,0.0,0.0,1,0.8047,-0.0571,-4.06,FACING_CAMERA,FACING_CAMERA,FACING_CAMERA,1.0,1
1,C:\Users\homec\OneDrive\圖片\貓咪圖像資料集\白貓舔舐測試\lick_28.mp4,0,1,25.0,25.0,207,207,207,8.28,810.75,444.375,569.25,340.6875,262.818089,0.4477832,178.9739,1209.2605,0.093264,1.0,FR,,,FR,6.010714,1,FR,0,1,0,0,0,4,0,0,0,0,0.0,0.0,7.96,0.0,0.0,0.0,,,1.99,,,,0.0,0.0,100.0,0.0,0.0,0.0,1,0.8177,-0.0454,-3.18,FACING_CAMERA,FACING_CAMERA,FACING_CAMERA,1.0,1
1,C:\Users\homec\OneDrive\圖片\貓咪圖像資料集\白貓舔舐測試\lick_28.mp4,0,1,25.0,25.0,208,208,208,8.32,810.0,448.5,565.125,350.25,263.850011,0.45238321,209.6549,1235.9147,0.109252,1.0,FR,,,FR,1.151993,1,FR,0,1,0,0,0,4,0,0,0,0,0.0,0.0,8.0,0.0,0.0,0.0,,,2.0,,,,0.0,0.0,100.0,0.0,0.0,0.0,1,0.8273,-0.0179,-1.24,FACING_CAMERA,FACING_CAMERA,FACING_CAMERA,1.0,1
1,C:\Users\homec\OneDrive\圖片\貓咪圖像資料集\白貓舔舐測試\lick_28.mp4,0,1,25.0,25.0,209,209,209,8.36,807.75,458.25,568.5,362.25,257.791704,0.44350559,214.2741,1249.0942,0.111659,1.0,FR,,,FR,6.889403,1,FR,0,1,0,0,0,4,0,0,0,0,0.0,0.0,8.04,0.0,0.0,0.0,,,2.01,,,,0.0,0.0,100.0,0.0,0.0,0.0,1,0.8316,-0.0015,-0.11,FACING_CAMERA,FACING_CAMERA,FACING_CAMERA,1.0,1
1,C:\Users\homec\OneDrive\圖片\貓咪圖像資料集\白貓舔舐測試\lick_28.mp4,0,1,25.0,25.0,210,210,210,8.4,807.0,466.125,572.625,369.75,253.416221,0.43706639,196.5093,1245.4919,0.102402,1.0,FR,,,FR,10.100299,1,FR,0,1,0,0,0,4,0,0,0,0,0.0,0.0,8.08,0.0,0.0,0.0,,,2.02,,,,0.0,0.0,100.0,0.0,0.0,0.0,1,0.8401,0.0025,0.17,FACING_CAMERA,FACING_CAMERA,FACING_CAMERA,1.0,1
1,C:\Users\homec\OneDrive\圖片\貓咪圖像資料集\白貓舔舐測試\lick_28.mp4,0,1,25.0,25.0,211,211,211,8.44,809.25,462.0,574.125,369.75,252.574401,0.43620729,221.4374,1255.0906,0.115392,1.0,FR,,,FR,9.232929,1,FR,0,1,0,0,0,4,0,0,0,0,0.0,0.0,8.12,0.0,0.0,0.0,,,2.03,,,,0.0,0.0,100.0,0.0,0.0,0.0,1,0.8307,0.007,0.49,FACING_CAMERA,FACING_CAMERA,FACING_CAMERA,1.0,1
1,C:\Users\homec\OneDrive\圖片\貓咪圖像資料集\白貓舔舐測試\lick_28.mp4,0,1,25.0,25.0,212,212,212,8.48,813.0,459.0,577.875,372.0,250.704539,0.43297795,245.2676,1262.6892,0.12781,1.0,FR,,,FR,8.086351,1,FR,0,1,0,0,0,4,0,0,0,0,0.0,0.0,8.16,0.0,0.0,0.0,,,2.04,,,,0.0,0.0,100.0,0.0,0.0,0.0,1,0.8161,0.0107,0.75,FACING_CAMERA,FACING_CAMERA,FACING_CAMERA,1.0,1
1,C:\Users\homec\OneDrive\圖片\貓咪圖像資料集\白貓舔舐測試\lick_28.mp4,0,1,25.0,25.0,213,213,213,8.52,817.5,449.25,578.625,372.0,251.055428,0.43136349,293.7832,1278.4245,0.153092,1.0,FR,,,FR,3.487615,1,FR,0,1,0,0,0,4,0,0,0,0,0.0,0.0,8.2,0.0,0.0,0.0,,,2.05,,,,0.0,0.0,100.0,0.0,0.0,0.0,1,0.7878,0.0158,1.15,FACING_CAMERA,FACING_CAMERA,FACING_CAMERA,1.0,1
1,C:\Users\homec\OneDrive\圖片\貓咪圖像資料集\白貓舔舐測試\lick_28.mp4,0,1,25.0,25.0,214,214,214,8.56,820.5,443.625,584.25,370.875,247.197542,0.42349394,323.6954,1285.9808,0.168679,1.0,FR,,,FR,1.00263,1,FR,0,1,0,0,0,4,0,0,0,0,0.0,0.0,8.24,0.0,0.0,0.0,,,2.06,,,,0.0,0.0,100.0,0.0,0.0,0.0,1,0.7643,0.0085,0.64,FACING_CAMERA,FACING_CAMERA,FACING_CAMERA,1.0,1
1,C:\Users\homec\OneDrive\圖片\貓咪圖像資料集\白貓舔舐測試\lick_28.mp4,0,1,25.0,25.0,215,215,215,8.6,828.0,447.0,594.375,369.75,246.065445,0.42224908,317.6968,1279.3872,0.165553,1.0,FR,,,FR,4.900895,1,FR,0,1,0,0,0,4,0,0,0,0,0.0,0.0,8.28,0.0,0.0,0.0,,,2.07,,,,0.0,0.0,100.0,0.0,0.0,0.0,1,0.7584,0.0113,0.86,FACING_CAMERA,FACING_CAMERA,FACING_CAMERA,1.0,1
1,C:\Users\homec\OneDrive\圖片\貓咪圖像資料集\白貓舔舐測試\lick_28.mp4,0,1,25.0,25.0,216,216,216,8.64,830.25,453.0,600.0,375.0,243.102987,0.41644803,317.7924,1283.2664,0.165603,1.0,FR,,,FR,7.497778,1,FR,0,1,0,0,0,4,0,0,0,0,0.0,0.0,8.32,0.0,0.0,0.0,,,2.08,,,,0.0,0.0,100.0,0.0,0.0,0.0,1,0.7515,0.0157,1.19,FACING_CAMERA,FACING_CAMERA,FACING_CAMERA,1.0,1
1,C:\Users\homec\OneDrive\圖片\貓咪圖像資料集\白貓舔舐測試\lick_28.mp4,0,1,25.0,25.0,217,217,217,8.68,831.0,459.0,604.125,378.75,240.649804,0.41199269,301.8382,1279.4972,0.157289,1.0,FR,,,FR,11.215186,1,FR,0,1,0,0,0,4,0,0,0,0,0.0,0.0,8.36,0.0,0.0,0.0,,,2.09,,,,0.0,0.0,100.0,0.0,0.0,0.0,1,0.7547,0.0146,1.11,FACING_CAMERA,FACING_CAMERA,FACING_CAMERA,1.0,1
1,C:\Users\homec\OneDrive\圖片\貓咪圖像資料集\白貓舔舐測試\lick_28.mp4,0,1,25.0,25.0,218,218,218,8.72,835.5,463.5,606.75,378.75,243.944922,0.41856796,285.2871,1271.738,0.148664,1.0,FR,,,FR,11.548795,1,FR,0,1,0,0,0,4,0,0,0,0,0.0,0.0,8.4,0.0,0.0,0.0,,,2.1,,,,0.0,0.0,100.0,0.0,0.0,0.0,1,0.7595,0.0114,0.86,FACING_CAMERA,FACING_CAMERA,FACING_CAMERA,1.0,1
1,C:\Users\homec\OneDrive\圖片\貓咪圖像資料集\白貓舔舐測試\lick_28.mp4,0,1,25.0,25.0,219,219,219,8.76,832.5,468.0,604.875,383.25,242.890311,0.41889775,275.6429,1272.5067,0.143639,1.0,FR,,,FR,17.970844,1,FR,0,1,0,0,0,4,0,0,0,0,0.0,0.0,8.44,0.0,0.0,0.0,,,2.11,,,,0.0,0.0,100.0,0.0,0.0,0.0,1,0.7822,0.0249,1.83,FACING_CAMERA,FACING_CAMERA,FACING_CAMERA,1.0,1
1,C:\Users\homec\OneDrive\圖片\貓咪圖像資料集\白貓舔舐測試\lick_28.mp4,0,1,25.0,25.0,220,220,220,8.8,828.0,481.5,604.5,396.75,239.028895,0.41259793,259.2309,1278.5479,0.135086,1.0,FR,,,FR,26.800982,1,FR,0,1,0,0,0,4,0,0,0,0,0.0,0.0,8.48,0.0,0.0,0.0,,,2.12,,,,0.0,0.0,100.0,0.0,0.0,0.0,1,0.7981,0.0435,3.12,FACING_CAMERA,FACING_CAMERA,FACING_CAMERA,1.0,1
1,C:\Users\homec\OneDrive\圖片\貓咪圖像資料集\白貓舔舐測試\lick_28.mp4,0,1,25.0,25.0,221,221,221,8.84,822.0,493.5,601.125,408.75,236.576263,0.4063464,244.8109,1280.5604,0.127572,1.0,FR,,,FR,27.890459,1,FR,0,1,0,0,0,4,0,0,0,0,0.0,0.0,8.52,0.0,0.0,0.0,,,2.13,,,,0.0,0.0,100.0,0.0,0.0,0.0,1,0.8066,0.0501,3.55,FACING_CAMERA,FACING_CAMERA,FACING_CAMERA,1.0,1
1,C:\Users\homec\OneDrive\圖片\貓咪圖像資料集\白貓舔舐測試\lick_28.mp4,0,1,25.0,25.0,222,222,222,8.88,819.0,497.25,597.75,417.75,235.09958,0.40237455,251.8897,1291.9872,0.131261,1.0,FR,,,FR,25.875028,1,FR,0,1,0,0,0,4,0,0,0,0,0.0,0.0,8.56,0.0,0.0,0.0,,,2.14,,,,0.0,0.0,100.0,0.0,0.0,0.0,1,0.7977,0.0556,3.98,FACING_CAMERA,FACING_CAMERA,FACING_CAMERA,1.0,1
1,C:\Users\homec\OneDrive\圖片\貓咪圖像資料集\白貓舔舐測試\lick_28.mp4,0,1,25.0,25.0,223,223,223,8.92,819.0,497.25,600.0,413.25,234.557029,0.39977869,248.8087,1287.3636,0.129655,1.0,FR,,,FR,26.693616,1,FR,0,1,0,0,0,4,0,0,0,0,0.0,0.0,8.6,0.0,0.0,0.0,,,2.15,,,,0.0,0.0,100.0,0.0,0.0,0.0,1,0.7932,0.0605,4.36,FRONT_RIGHT,FACING_CAMERA,FACING_CAMERA,1.0,1
1,C:\Users\homec\OneDrive\圖片\貓咪圖像資料集\白貓舔舐測試\lick_28.mp4,0,1,25.0,25.0,224,224,224,8.96,822.0,497.625,607.875,410.25,231.265878,0.39376041,246.9585,1280.3005,0.128691,1.0,FR,,,FR,28.719976,1,FR,0,1,0,0,0,4,0,0,0,0,0.0,0.0,8.64,0.0,0.0,0.0,,,2.16,,,,0.0,0.0,100.0,0.0,0.0,0.0,1,0.7834,0.0624,4.55,FRONT_RIGHT,FACING_CAMERA,FACING_CAMERA,1.0,1
1,C:\Users\homec\OneDrive\圖片\貓咪圖像資料集\白貓舔舐測試\lick_28.mp4,0,1,25.0,25.0,225,225,225,9.0,819.0,483.0,603.375,406.125,228.918995,0.39256173,282.2903,1290.4209,0.147103,1.0,FR,,,FR,24.397171,1,FR,0,1,0,0,0,4,0,0,0,0,0.0,0.0,8.68,0.0,0.0,0.0,,,2.17,,,,0.0,0.0,100.0,0.0,0.0,0.0,1,0.7848,0.0578,4.22,FACING_CAMERA,FACING_CAMERA,FACING_CAMERA,1.0,1
1,C:\Users\homec\OneDrive\圖片\貓咪圖像資料集\白貓舔舐測試\lick_28.mp4,0,1,25.0,25.0,226,226,226,9.04,821.25,470.25,600.0,399.0,232.439508,0.39958868,330.6469,1300.6585,0.172302,1.0,FR,,,FR,17.406972,1,FR,0,1,0,0,0,4,0,0,0,0,0.0,0.0,8.72,0.0,0.0,0.0,,,2.18,,,,0.0,0.0,100.0,0.0,0.0,0.0,1,0.7705,0.0517,3.84,FACING_CAMERA,FACING_CAMERA,FACING_CAMERA,1.0,1
1,C:\Users\homec\OneDrive\圖片\貓咪圖像資料集\白貓舔舐測試\lick_28.mp4,0,1,25.0,25.0,227,227,227,9.08,823.5,471.375,605.625,397.5,230.058756,0.39492909,326.0469,1294.5525,0.169905,1.0,FR,,,FR,18.802123,1,FR,0,1,0,0,0,4,0,0,0,0,0.0,0.0,8.76,0.0,0.0,0.0,,,2.19,,,,0.0,0.0,100.0,0.0,0.0,0.0,1,0.7653,0.0481,3.59,FACING_CAMERA,FACING_CAMERA,FACING_CAMERA,1.0,1
1,C:\Users\homec\OneDrive\圖片\貓咪圖像資料集\白貓舔舐測試\lick_28.mp4,0,1,25.0,25.0,228,228,228,9.12,822.0,471.75,606.0,399.0,227.922273,0.39079239,331.5171,1296.7518,0.172755,1.0,FR,,,FR,19.94248,1,FR,0,1,0,0,0,4,0,0,0,0,0.0,0.0,8.8,0.0,0.0,0.0,,,2.2,,,,0.0,0.0,100.0,0.0,0.0,0.0,1,0.7627,0.0517,3.88,FACING_CAMERA,FACING_CAMERA,FACING_CAMERA,1.0,1
1,C:\Users\homec\OneDrive\圖片\貓咪圖像資料集\白貓舔舐測試\lick_28.mp4,0,1,25.0,25.0,229,229,229,9.16,822.0,480.375,609.0,405.0,225.943335,0.38629261,319.477,1297.0558,0.166481,1.0,FR,,,FR,26.457944,1,FR,0,1,0,0,0,4,0,0,0,0,0.0,0.0,8.84,0.0,0.0,0.0,,,2.21,,,,0.0,0.0,100.0,0.0,0.0,0.0,1,0.7623,0.0581,4.36,FACING_CAMERA,FACING_CAMERA,FACING_CAMERA,1.0,1
1,C:\Users\homec\OneDrive\圖片\貓咪圖像資料集\白貓舔舐測試\lick_28.mp4,0,1,25.0,25.0,230,230,230,9.2,819.0,494.625,608.625,411.0,226.386354,0.38554552,275.1922,1286.1141,0.143404,1.0,FL,,,FL,66.034321,1,FL,1,0,0,0,1,4,0,0,0,0,0.0,0.04,8.84,0.0,0.0,0.0,,0.04,2.21,,,,0.0,0.45045,99.54955,0.0,0.0,0.0,1,0.7816,0.0668,4.88,FRONT_RIGHT,FACING_CAMERA,FACING_CAMERA,1.0,1
1,C:\Users\homec\OneDrive\圖片\貓咪圖像資料集\白貓舔舐測試\lick_28.mp4,0,1,25.0,25.0,231,231,231,9.24,814.5,504.75,603.75,420.75,226.87345,0.3874741,245.6282,1281.9536,0.127998,1.0,FL,,,FL,64.698569,1,FL,1,0,0,0,1,4,0,0,0,0,0.0,0.08,8.84,0.0,0.0,0.0,,0.08,2.21,,,,0.0,0.896861,99.103139,0.0,0.0,0.0,1,0.8042,0.073,5.18,FRONT_RIGHT,FACING_CAMERA,FACING_CAMERA,1.0,1
1,C:\Users\homec\OneDrive\圖片\貓咪圖像資料集\白貓舔舐測試\lick_28.mp4,0,1,25.0,25.0,232,232,232,9.28,808.5,513.375,600.0,426.75,225.778964,0.38391436,215.7897,1274.6309,0.112449,1.0,FL,,,FL,66.710583,1,FL,1,0,0,0,1,4,0,0,0,0,0.0,0.12,8.84,0.0,0.0,0.0,,0.12,2.21,,,,0.0,1.339286,98.660714,0.0,0.0,0.0,1,0.8159,0.071,4.97,FRONT_RIGHT,FACING_CAMERA,FACING_CAMERA,1.0,1
1,C:\Users\homec\OneDrive\圖片\貓咪圖像資料集\白貓舔舐測試\lick_28.mp4,0,1,25.0,25.0,233,233,233,9.32,808.5,512.625,598.5,423.75,228.032378,0.38886139,209.9388,1269.6369,0.1094,1.0,FL,,,FL,70.551832,1,FL,1,0,0,0,1,4,0,0,0,0,0.0,0.16,8.84,0.0,0.0,0.0,,0.16,2.21,,,,0.0,1.777778,98.222222,0.0,0.0,0.0,1,0.8189,0.0639,4.46,FRONT_RIGHT,FACING_CAMERA,FACING_CAMERA,1.0,1
1,C:\Users\homec\OneDrive\圖片\貓咪圖像資料集\白貓舔舐測試\lick_28.mp4,0,1,25.0,25.0,234,234,234,9.36,813.0,515.25,605.625,418.5,228.833899,0.38909283,198.5584,1257.4614,0.10347,1.0,FL,,,FL,75.947253,1,FL,1,0,0,0,1,4,0,0,0,0,0.0,0.2,8.84,0.0,0.0,0.0,,0.2,2.21,,,,0.0,2.212389,97.787611,0.0,0.0,0.0,1,0.8055,0.0538,3.82,FACING_CAMERA,FACING_CAMERA,FACING_CAMERA,1.0,1
1,C:\Users\homec\OneDrive\圖片\貓咪圖像資料集\白貓舔舐測試\lick_28.mp4,0,1,25.0,25.0,235,235,235,9.4,816.75,513.75,614.625,416.25,224.412044,0.38070527,217.4114,1263.2015,0.113294,1.0,FL,,,FL,71.135517,1,FL,1,0,0,0,1,4,0,0,0,0,0.0,0.24,8.84,0.0,0.0,0.0,,0.24,2.21,,,,0.0,2.643172,97.356828,0.0,0.0,0.0,1,0.7884,0.0578,4.19,FACING_CAMERA,FACING_CAMERA,FACING_CAMERA,1.0,1
1,C:\Users\homec\OneDrive\圖片\貓咪圖像資料集\白貓舔舐測試\lick_28.mp4,0,1,25.0,25.0,236,236,236,9.44,817.5,512.625,616.125,420.0,221.655772,0.37623606,234.8316,1274.458,0.122372,1.0,FL,,,FL,67.340687,1,FL,1,0,0,0,1,4,0,0,0,0,0.0,0.28,8.84,0.0,0.0,0.0,,0.28,2.21,,,,0.0,3.070175,96.929825,0.0,0.0,0.0,1,0.7794,0.0607,4.45,FRONT_RIGHT,FACING_CAMERA,FACING_CAMERA,1.0,1
1,C:\Users\homec\OneDrive\圖片\貓咪圖像資料集\白貓舔舐測試\lick_28.mp4,0,1,25.0,25.0,237,237,237,9.48,827.25,501.0,618.375,417.375,224.993125,0.38332103,278.5804,1288.6828,0.14517,1.0,FL,,,FL,59.734848,1,FL,1,0,0,0,1,4,0,0,0,0,0.0,0.32,8.84,0.0,0.0,0.0,,0.32,2.21,,,,0.0,3.49345,96.50655,0.0,0.0,0.0,1,0.7661,0.0689,5.14,FRONT_RIGHT,FACING_CAMERA,FACING_CAMERA,1.0,1
1,C:\Users\homec\OneDrive\圖片\貓咪圖像資料集\白貓舔舐測試\lick_28.mp4,0,1,25.0,25.0,238,238,238,9.52,834.0,499.5,629.25,414.75,221.596762,0.37729563,291.3616,1288.7336,0.15183,1.0,FR,,,FR,31.455886,1,FR,0,1,0,0,1,5,0,0,0,0,0.0,0.32,8.88,0.0,0.0,0.0,,0.32,1.776,,,,0.0,3.478261,96.521739,0.0,0.0,0.0,1,0.7489,0.0666,5.08,FRONT_RIGHT,FACING_CAMERA,FACING_CAMERA,1.0,1
1,C:\Users\homec\OneDrive\圖片\貓咪圖像資料集\白貓舔舐測試\lick_28.mp4,0,1,25.0,25.0,239,239,239,9.56,837.0,498.0,632.625,412.875,221.394233,0.37739731,298.0836,1288.9076,0.155333,1.0,FR,,,FR,32.911354,1,FR,0,1,0,0,1,5,0,0,0,0,0.0,0.32,8.92,0.0,0.0,0.0,,0.32,1.784,,,,0.0,3.463203,96.536797,0.0,0.0,0.0,1,0.7446,0.0658,5.05,FRONT_RIGHT,FACING_CAMERA,FACING_CAMERA,1.0,1
1,C:\Users\homec\OneDrive\圖片\貓咪圖像資料集\白貓舔舐測試\lick_28.mp4,0,1,25.0,25.0,240,240,240,9.6,828.75,507.75,634.125,414.375,215.865192,0.36797229,254.7883,1272.364,0.132771,1.0,FL,,,FL,60.359209,1,FL,1,0,0,0,2,5,0,0,0,0,0.0,0.36,8.92,0.0,0.0,0.0,,0.18,1.784,,,,0.0,3.87931,96.12069,0.0,0.0,0.0,1,0.7716,0.07,5.18,FRONT_RIGHT,FACING_CAMERA,FACING_CAMERA,1.0,1
1,C:\Users\homec\OneDrive\圖片\貓咪圖像資料集\白貓舔舐測試\lick_28.mp4,0,1,25.0,25.0,241,241,241,9.64,822.75,527.25,627.0,424.5,221.078323,0.37783117,199.7677,1256.6867,0.1041,1.0,FL,,,FL,59.130031,1,FL,1,0,0,0,2,5,0,0,0,0,0.0,0.4,8.92,0.0,0.0,0.0,,0.2,1.784,,,,0.0,4.291845,95.708155,0.0,0.0,0.0,1,0.8052,0.0754,5.35,FRONT_RIGHT,FACING_CAMERA,FACING_CAMERA,1.0,1
1,C:\Users\homec\OneDrive\圖片\貓咪圖像資料集\白貓舔舐測試\lick_28.mp4,0,1,25.0,25.0,242,242,242,9.68,816.0,537.0,621.0,433.875,220.589586,0.37918138,180.0021,1257.0752,0.0938,1.0,FL,,,FL,61.858902,1,FL,1,0,0,0,2,5,0,0,0,0,0.0,0.44,8.92,0.0,0.0,0.0,,0.22,1.784,,,,0.0,4.700855,95.299145,0.0,0.0,0.0,1,0.8209,0.0818,5.69,FRONT_RIGHT,FACING_CAMERA,FACING_CAMERA,1.0,1
1,C:\Users\homec\OneDrive\圖片\貓咪圖像資料集\白貓舔舐測試\lick_28.mp4,0,1,25.0,25.0,243,243,243,9.72,814.5,538.125,616.5,433.875,223.767876,0.38263743,172.4905,1254.4695,0.089886,1.0,FL,,,FL,65.003601,1,FL,1,0,0,0,2,5,0,0,0,0,0.0,0.48,8.92,0.0,0.0,0.0,,0.24,1.784,,,,0.0,5.106383,94.893617,0.0,0.0,0.0,1,0.8198,0.0713,4.97,FRONT_RIGHT,FACING_CAMERA,FACING_CAMERA,1.0,1
1,C:\Users\homec\OneDrive\圖片\貓咪圖像資料集\白貓舔舐測試\lick_28.mp4,0,1,25.0,25.0,244,244,244,9.76,813.0,537.75,614.625,432.375,224.625313,0.38459228,163.7329,1248.4871,0.085322,1.0,FL,,,FL,68.64946,1,FL,1,0,0,0,2,5,0,0,0,0,0.0,0.52,8.92,0.0,0.0,0.0,,0.26,1.784,,,,0.0,5.508475,94.491525,0.0,0.0,0.0,1,0.8247,0.0662,4.59,FRONT_RIGHT,FACING_CAMERA,FACING_CAMERA,1.0,1
1,C:\Users\homec\OneDrive\圖片\貓咪圖像資料集\白貓舔舐測試\lick_28.mp4,0,1,25.0,25.0,245,245,245,9.8,814.5,535.125,618.0,427.875,223.863379,0.38359851,156.8169,1238.0972,0.081718,1.0,FL,,,FL,72.380664,1,FL,1,0,0,0,2,5,0,0,0,0,0.0,0.56,8.92,0.0,0.0,0.0,,0.28,1.784,,,,0.0,5.907173,94.092827,0.0,0.0,0.0,1,0.8234,0.0558,3.88,FACING_CAMERA,FACING_CAMERA,FACING_CAMERA,1.0,1
1,C:\Users\homec\OneDrive\圖片\貓咪圖像資料集\白貓舔舐測試\lick_28.mp4,0,1,25.0,25.0,246,246,246,9.84,817.5,533.25,623.625,426.0,221.562809,0.37803642,166.3955,1240.0878,0.086709,1.0,FL,,,FL,71.755891,1,FL,1,0,0,0,2,5,0,0,0,0,0.0,0.6,8.92,0.0,0.0,0.0,,0.3,1.784,,,,0.0,6.302521,93.697479,0.0,0.0,0.0,1,0.8058,0.0564,4.0,FACING_CAMERA,FACING_CAMERA,FACING_CAMERA,1.0,1
1,C:\Users\homec\OneDrive\圖片\貓咪圖像資料集\白貓舔舐測試\lick_28.mp4,0,1,25.0,25.0,247,247,247,9.88,820.5,533.625,626.625,427.5,221.020432,0.37782978,175.8849,1245.7121,0.091654,1.0,FL,,,FL,67.624798,1,FL,1,0,0,0,2,5,0,0,0,0,0.0,0.64,8.92,0.0,0.0,0.0,,0.32,1.784,,,,0.0,6.694561,93.305439,0.0,0.0,0.0,1,0.8042,0.0639,4.54,FRONT_RIGHT,FACING_CAMERA,FACING_CAMERA,1.0,1
1,C:\Users\homec\OneDrive\圖片\貓咪圖像資料集\白貓舔舐測試\lick_28.mp4,0,1,25.0,25.0,248,248,248,9.92,825.75,529.125,630.75,426.75,220.239961,0.376831,199.7649,1256.467,0.104098,1.0,FL,,,FL,63.054245,1,FL,1,0,0,0,2,5,0,0,0,0,0.0,0.68,8.92,0.0,0.0,0.0,,0.34,1.784,,,,0.0,7.083333,92.916667,0.0,0.0,0.0,1,0.7945,0.0729,5.24,FRONT_RIGHT,FACING_CAMERA,FACING_CAMERA,1.0,1
1,C:\Users\homec\OneDrive\圖片\貓咪圖像資料集\白貓舔舐測試\lick_28.mp4,0,1,25.0,25.0,249,249,249,9.96,835.5,519.0,637.5,426.0,218.753286,0.3737925,262.7667,1285.5076,0.136929,1.0,FL,,,FL,51.654575,1,FL,1,0,0,0,2,5,0,0,0,0,0.0,0.72,8.92,0.0,0.0,0.0,,0.36,1.784,,,,0.0,7.46888,92.53112,0.0,0.0,0.0,1,0.7612,0.0791,5.94,FRONT_RIGHT,FACING_CAMERA,FACING_CAMERA,1.0,1
1,C:\Users\homec\OneDrive\圖片\貓咪圖像資料集\白貓舔舐測試\lick_28.mp4,0,1,25.0,25.0,250,250,250,10.0,835.5,516.75,640.875,423.75,215.703247,0.37100069,268.9125,1285.8391,0.140132,1.0,FL,,,FL,52.199083,1,FL,1,0,0,0,2,5,0,0,0,0,0.0,0.76,8.92,0.0,0.0,0.0,,0.38,1.784,,,,0.0,7.85124,92.14876,0.0,0.0,0.0,1,0.7666,0.078,5.81,FRONT_RIGHT,FACING_CAMERA,FACING_CAMERA,1.0,1
1,C:\Users\homec\OneDrive\圖片\貓咪圖像資料集\白貓舔舐測試\lick_28.mp4,0,1,25.0,25.0,251,251,251,10.04,835.5,527.25,642.75,426.75,217.37712,0.37194569,241.3935,1275.5412,0.125791,1.0,FL,,,FL,50.840579,1,FL,1,0,0,0,2,5,0,0,0,0,0.0,0.8,8.92,0.0,0.0,0.0,,0.4,1.784,,,,0.0,8.230453,91.769547,0.0,0.0,0.0,1,0.7715,0.0812,6.01,FRONT_RIGHT,FACING_CAMERA,FACING_CAMERA,1.0,1
1,C:\Users\homec\OneDrive\圖片\貓咪圖像資料集\白貓舔舐測試\lick_28.mp4,0,1,25.0,25.0,252,252,252,10.08,831.0,535.875,637.5,429.75,220.691562,0.38006609,205.2439,1260.9881,0.106954,1.0,FL,,,FL,53.305479,1,FL,1,0,0,0,2,5,0,0,0,0,0.0,0.84,8.92,0.0,0.0,0.0,,0.42,1.784,,,,0.0,8.606557,91.393443,0.0,0.0,0.0,1,0.8028,0.0829,5.89,FRONT_RIGHT,FACING_CAMERA,FACING_CAMERA,1.0,1
1,C:\Users\homec\OneDrive\圖片\貓咪圖像資料集\白貓舔舐測試\lick_28.mp4,0,1,25.0,25.0,253,253,253,10.12,822.0,546.0,631.875,443.25,216.113577,0.37429359,177.6943,1258.6516,0.092597,1.0,FL,,,FL,55.483329,1,FL,1,0,0,0,2,5,0,0,0,0,0.0,0.88,8.92,0.0,0.0,0.0,,0.44,1.784,,,,0.0,8.979592,91.020408,0.0,0.0,0.0,1,0.8224,0.0878,6.09,FRONT_RIGHT,FACING_CAMERA,FACING_CAMERA,1.0,1
1,C:\Users\homec\OneDrive\圖片\貓咪圖像資料集\白貓舔舐測試\lick_28.mp4,0,1,25.0,25.0,254,254,254,10.16,813.0,559.125,627.0,449.25,216.028969,0.37318617,153.4894,1255.5,0.079984,1.0,FL,,,FL,57.840165,1,FL,1,0,0,0,2,5,0,0,0,0,0.0,0.92,8.92,0.0,0.0,0.0,,0.46,1.784,,,,0.0,9.349593,90.650407,0.0,0.0,0.0,1,0.8346,0.0924,6.32,FRONT_RIGHT,FACING_CAMERA,FACING_CAMERA,1.0,1
1,C:\Users\homec\OneDrive\圖片\貓咪圖像資料集\白貓舔舐測試\lick_28.mp4,0,1,25.0,25.0,255,255,255,10.2,808.5,566.25,624.375,452.25,216.559497,0.37516252,122.7024,1239.2386,0.063941,1.0,FL,,,FL,64.892339,1,FL,1,0,0,0,2,5,0,0,0,0,0.0,0.96,8.92,0.0,0.0,0.0,,0.48,1.784,,,,0.0,9.716599,90.283401,0.0,0.0,0.0,1,0.8488,0.0855,5.75,FRONT_RIGHT,FACING_CAMERA,FACING_CAMERA,1.0,1
1,C:\Users\homec\OneDrive\圖片\貓咪圖像資料集\白貓舔舐測試\lick_28.mp4,0,1,25.0,25.0,256,256,256,10.24,807.0,565.125,622.125,450.75,217.394587,0.37579892,122.844,1239.5616,0.064015,1.0,FL,,,FL,66.052181,1,FL,1,0,0,0,2,5,0,0,0,0,0.0,1.0,8.92,0.0,0.0,0.0,,0.5,1.784,,,,0.0,10.080645,89.919355,0.0,0.0,0.0,1,0.8499,0.0883,5.93,FRONT_RIGHT,FACING_CAMERA,FACING_CAMERA,1.0,1
1,C:\Users\homec\OneDrive\圖片\貓咪圖像資料集\白貓舔舐測試\lick_28.mp4,0,1,25.0,25.0,257,257,257,10.28,805.5,564.0,621.75,449.25,216.637081,0.37403934,121.1953,1237.6734,0.063155,1.0,FL,,,FL,67.12919,1,FL,1,0,0,0,2,5,0,0,0,0,0.0,1.04,8.92,0.0,0.0,0.0,,0.52,1.784,,,,0.0,10.441767,89.558233,0.0,0.0,0.0,1,0.8478,0.086,5.8,FRONT_RIGHT,FACING_CAMERA,FACING_CAMERA,1.0,1
1,C:\Users\homec\OneDrive\圖片\貓咪圖像資料集\白貓舔舐測試\lick_28.mp4,0,1,25.0,25.0,258,258,258,10.32,805.5,561.75,621.0,450.0,215.704225,0.37125822,125.8421,1240.9645,0.065577,1.0,FL,,,FL,67.127373,1,FL,1,0,0,0,2,5,0,0,0,0,0.0,1.08,8.92,0.0,0.0,0.0,,0.54,1.784,,,,0.0,10.8,89.2,0.0,0.0,0.0,1,0.8415,0.0812,5.51,FRONT_RIGHT,FACING_CAMERA,FACING_CAMERA,1.0,1
1,C:\Users\homec\OneDrive\圖片\貓咪圖像資料集\白貓舔舐測試\lick_28.mp4,0,1,25.0,25.0,259,259,259,10.36,807.0,558.375,619.875,447.75,217.379061,0.37264705,137.225,1246.9602,0.071509,1.0,FL,,,FL,65.6531,1,FL,1,0,0,0,2,5,0,0,0,0,0.0,1.12,8.92,0.0,0.0,0.0,,0.56,1.784,,,,0.0,11.155378,88.844622,0.0,0.0,0.0,1,0.8339,0.0821,5.62,FRONT_RIGHT,FACING_CAMERA,FACING_CAMERA,1.0,1
1,C:\Users\homec\OneDrive\圖片\貓咪圖像資料集\白貓舔舐測試\lick_28.mp4,0,1,25.0,25.0,260,260,260,10.4,809.25,551.25,620.25,444.375,217.125,0.37354372,144.3908,1246.2075,0.075243,1.0,FL,,,FL,66.206687,1,FL,1,0,0,0,2,5,0,0,0,0,0.0,1.16,8.92,0.0,0.0,0.0,,0.58,1.784,,,,0.0,11.507937,88.492063,0.0,0.0,0.0,1,0.8399,0.0777,5.28,FRONT_RIGHT,FACING_CAMERA,FACING_CAMERA,1.0,1
1,C:\Users\homec\OneDrive\圖片\貓咪圖像資料集\白貓舔舐測試\lick_28.mp4,0,1,25.0,25.0,261,261,261,10.44,811.5,540.0,618.0,437.25,219.088595,0.37885951,161.3986,1249.6814,0.084106,1.0,FL,,,FL,67.383673,1,FL,1,0,0,0,2,5,0,0,0,0,0.0,1.2,8.92,0.0,0.0,0.0,,0.6,1.784,,,,0.0,11.857708,88.142292,0.0,0.0,0.0,1,0.8442,0.0716,4.85,FRONT_RIGHT,FACING_CAMERA,FACING_CAMERA,1.0,1
1,C:\Users\homec\OneDrive\圖片\貓咪圖像資料集\白貓舔舐測試\lick_28.mp4,0,1,25.0,25.0,262,262,262,10.48,819.0,522.0,613.125,428.625,226.060625,0.39134995,206.7913,1266.5441,0.10776,1.0,FR,,,FR,35.406228,1,FR,0,1,0,0,2,6,0,0,0,0,0.0,1.2,8.96,0.0,0.0,0.0,,0.6,1.493333,,,,0.0,11.811024,88.188976,0.0,0.0,0.0,1,0.8246,0.0635,4.4,FRONT_RIGHT,FACING_CAMERA,FACING_CAMERA,1.0,1
1,C:\Users\homec\OneDrive\圖片\貓咪圖像資料集\白貓舔舐測試\lick_28.mp4,0,1,25.0,25.0,263,263,263,10.52,826.5,500.25,609.0,417.75,232.620936,0.40392317,260.9042,1280.3505,0.135958,1.0,FR,,,FR,24.085925,1,FR,0,1,0,0,2,6,0,0,0,0,0.0,1.2,9.0,0.0,0.0,0.0,,0.6,1.5,,,,0.0,11.764706,88.235294,0.0,0.0,0.0,1,0.7982,0.0479,3.43,FACING_CAMERA,FACING_CAMERA,FACING_CAMERA,1.0,1
1,C:\Users\homec\OneDrive\圖片\貓咪圖像資料集\白貓舔舐測試\lick_28.mp4,0,1,25.0,25.0,264,264,264,10.56,828.0,483.375,613.5,403.125,229.020332,0.39767108,280.2762,1273.4955,0.146053,1.0,FR,,,FR,16.127616,1,FR,0,1,0,0,2,6,0,0,0,0,0.0,1.2,9.04,0.0,0.0,0.0,,0.6,1.506667,,,,0.0,11.71875,88.28125,0.0,0.0,0.0,1,0.7907,0.0312,2.26,FACING_CAMERA,FACING_CAMERA,FACING_CAMERA,1.0,1
1,C:\Users\homec\OneDrive\圖片\貓咪圖像資料集\白貓舔舐測試\lick_28.mp4,0,1,25.0,25.0,265,265,265,10.6,833.25,474.75,616.875,395.25,230.517658,0.39917109,301.8942,1273.4563,0.157319,1.0,FR,,,FR,12.132861,1,FR,0,1,0,0,2,6,0,0,0,0,0.0,1.2,9.08,0.0,0.0,0.0,,0.6,1.513333,,,,0.0,11.673152,88.326848,0.0,0.0,0.0,1,0.7726,0.024,1.78,FACING_CAMERA,FACING_CAMERA,FACING_CAMERA,1.0,1
1,C:\Users\homec\OneDrive\圖片\貓咪圖像資料集\白貓舔舐測試\lick_28.mp4,0,1,25.0,25.0,266,266,266,10.64,834.0,475.5,616.875,397.5,230.71035,0.40098221,304.3895,1275.4361,0.158619,1.0,FR,,,FR,10.403357,1,FR,0,1,0,0,2,6,0,0,0,0,0.0,1.2,9.12,0.0,0.0,0.0,,0.6,1.52,,,,0.0,11.627907,88.372093,0.0,0.0,0.0,1,0.7744,0.0241,1.78,FACING_CAMERA,FACING_CAMERA,FACING_CAMERA,1.0,1
1,C:\Users\homec\OneDrive\圖片\貓咪圖像資料集\白貓舔舐測試\lick_28.mp4,0,1,25.0,25.0,267,267,267,10.68,832.5,491.625,614.25,410.625,232.796182,0.40401374,280.9332,1278.9193,0.146396,1.0,FR,,,FR,20.867014,1,FR,0,1,0,0,2,6,0,0,0,0,0.0,1.2,9.16,0.0,0.0,0.0,,0.6,1.526667,,,,0.0,11.583012,88.416988,0.0,0.0,0.0,1,0.7856,0.0412,3.0,FACING_CAMERA,FACING_CAMERA,FACING_CAMERA,1.0,1
1,C:\Users\homec\OneDrive\圖片\貓咪圖像資料集\白貓舔舐測試\lick_28.mp4,0,1,25.0,25.0,268,268,268,10.72,828.0,506.25,613.125,421.5,230.984476,0.40190587,244.54,1271.9132,0.127431,1.0,FR,,,FR,26.752197,1,FR,0,1,0,0,2,6,0,0,0,0,0.0,1.2,9.2,0.0,0.0,0.0,,0.6,1.533333,,,,0.0,11.538462,88.461538,0.0,0.0,0.0,1,0.806,0.0497,3.53,FACING_CAMERA,FACING_CAMERA,FACING_CAMERA,1.0,1
1,C:\Users\homec\OneDrive\圖片\貓咪圖像資料集\白貓舔舐測試\lick_28.mp4,0,1,25.0,25.0,269,269,269,10.76,822.0,522.0,617.25,426.0,226.13837,0.39091229,211.3369,1260.5597,0.110129,1.0,FR,,,FR,33.686624,1,FR,0,1,0,0,2,6,0,0,0,0,0.0,1.2,9.24,0.0,0.0,0.0,,0.6,1.54,,,,0.0,11.494253,88.505747,0.0,0.0,0.0,1,0.8093,0.0546,3.86,FACING_CAMERA,FACING_CAMERA,FACING_CAMERA,1.0,1
1,C:\Users\homec\OneDrive\圖片\貓咪圖像資料集\白貓舔舐測試\lick_28.mp4,0,1,25.0,25.0,270,270,270,10.8,822.0,522.0,617.625,426.375,225.639716,0.38951535,216.0343,1263.3056,0.112577,1.0,FR,,,FR,33.069556,1,FR,0,1,0,0,2,6,0,0,0,0,0.0,1.2,9.28,0.0,0.0,0.0,,0.6,1.546667,,,,0.0,11.450382,88.549618,0.0,0.0,0.0,1,0.8062,0.0541,3.84,FACING_CAMERA,FACING_CAMERA,FACING_CAMERA,1.0,1
1,C:\Users\homec\OneDrive\圖片\貓咪圖像資料集\白貓舔舐測試\lick_28.mp4,0,1,25.0,25.0,271,271,271,10.84,825.0,520.5,620.25,425.25,225.821002,0.39043292,213.4859,1258.2662,0.111249,1.0,FR,,,FR,32.716937,1,FR,0,1,0,0,2,6,0,0,0,0,0.0,1.2,9.32,0.0,0.0,0.0,,0.6,1.553333,,,,0.0,11.406844,88.593156,0.0,0.0,0.0,1,0.8071,0.0533,3.78,FACING_CAMERA,FACING_CAMERA,FACING_CAMERA,1.0,1
1,C:\Users\homec\OneDrive\圖片\貓咪圖像資料集\白貓舔舐測試\lick_28.mp4,0,1,25.0,25.0,272,272,272,10.88,826.5,512.25,619.875,426.75,223.616056,0.38615857,242.3632,1272.2251,0.126297,1.0,FR,,,FR,30.108228,1,FR,0,1,0,0,2,6,0,0,0,0,0.0,1.2,9.36,0.0,0.0,0.0,,0.6,1.56,,,,0.0,11.363636,88.636364,0.0,0.0,0.0,1,0.7911,0.0544,3.93,FACING_CAMERA,FACING_CAMERA,FACING_CAMERA,1.0,1
1,C:\Users\homec\OneDrive\圖片\貓咪圖像資料集\白貓舔舐測試\lick_28.mp4,0,1,25.0,25.0,273,273,273,10.92,834.0,497.25,618.375,426.75,226.857644,0.39370751,324.9726,1307.332,0.169345,1.0,FR,,,FR,27.813071,1,FR,0,1,0,0,2,6,0,0,0,0,0.0,1.2,9.4,0.0,0.0,0.0,,0.6,1.566667,,,,0.0,11.320755,88.679245,0.0,0.0,0.0,1,0.7671,0.0688,5.12,FRONT_RIGHT,FACING_CAMERA,FACING_CAMERA,1.0,1
1,C:\Users\homec\OneDrive\圖片\貓咪圖像資料集\白貓舔舐測試\lick_28.mp4,0,1,25.0,25.0,274,274,274,10.96,838.5,497.625,630.375,425.25,220.350077,0.38132775,320.9323,1300.2624,0.167239,1.0,FR,,,FR,28.435499,1,FR,0,1,0,0,2,6,0,0,0,0,0.0,1.2,9.44,0.0,0.0,0.0,,0.6,1.573333,,,,0.0,11.278195,88.721805,0.0,0.0,0.0,1,0.7558,0.067,5.07,FRONT_RIGHT,FACING_CAMERA,FACING_CAMERA,1.0,1
1,C:\Users\homec\OneDrive\圖片\貓咪圖像資料集\白貓舔舐測試\lick_28.mp4,0,1,25.0,25.0,275,275,275,11.0,840.0,499.5,632.625,426.0,220.015092,0.38071365,323.7425,1302.0353,0.168704,1.0,FR,,,FR,28.493667,1,FR,0,1,0,0,2,6,0,0,0,0,0.0,1.2,9.48,0.0,0.0,0.0,,0.6,1.58,,,,0.0,11.235955,88.764045,0.0,0.0,0.0,1,0.753,0.0699,5.3,FRONT_RIGHT,FACING_CAMERA,FACING_CAMERA,1.0,1
1,C:\Users\homec\OneDrive\圖片\貓咪圖像資料集\白貓舔舐測試\lick_28.mp4,0,1,25.0,25.0,276,276,276,11.04,840.0,501.75,636.75,427.875,216.259284,0.37223372,326.0824,1304.2341,0.169923,1.0,FR,,,FR,30.180247,1,FR,0,1,0,0,2,6,0,0,0,0,0.0,1.2,9.52,0.0,0.0,0.0,,0.6,1.586667,,,,0.0,11.19403,88.80597,0.0,0.0,0.0,1,0.7446,0.0749,5.74,FRONT_RIGHT,FACING_CAMERA,FACING_CAMERA,1.0,1
1,C:\Users\homec\OneDrive\圖片\貓咪圖像資料集\白貓舔舐測試\lick_28.mp4,0,1,25.0,25.0,277,277,277,11.08,838.5,505.5,634.875,429.0,217.521012,0.37437153,317.881,1303.3146,0.165649,1.0,FR,,,FR,34.087919,1,FR,0,1,0,0,2,6,0,0,0,0,0.0,1.2,9.56,0.0,0.0,0.0,,0.6,1.593333,,,,0.0,11.152416,88.847584,0.0,0.0,0.0,1,0.7524,0.0789,5.98,FRONT_RIGHT,FACING_CAMERA,FACING_CAMERA,1.0,1
1,C:\Users\homec\OneDrive\圖片\貓咪圖像資料集\白貓舔舐測試\lick_28.mp4,0,1,25.0,25.0,278,278,278,11.12,835.5,515.25,637.875,432.0,214.443939,0.3685711,289.7259,1293.1837,0.150978,1.0,FL,,,FL,45.173738,1,FL,1,0,0,0,3,6,0,0,0,0,0.0,1.24,9.56,0.0,0.0,0.0,,0.413333,1.593333,,,,0.0,11.481481,88.518519,0.0,0.0,0.0,1,0.7613,0.0793,5.95,FRONT_RIGHT,FACING_CAMERA,FACING_CAMERA,1.0,1
1,C:\Users\homec\OneDrive\圖片\貓咪圖像資料集\白貓舔舐測試\lick_28.mp4,0,1,25.0,25.0,279,279,279,11.16,834.75,525.75,637.125,434.25,217.779454,0.37587899,257.8877,1279.0817,0.134386,1.0,FL,,,FL,47.953344,1,FL,1,0,0,0,3,6,0,0,0,0,0.0,1.28,9.56,0.0,0.0,0.0,,0.426667,1.593333,,,,0.0,11.808118,88.191882,0.0,0.0,0.0,1,0.78,0.0809,5.92,FRONT_RIGHT,FACING_CAMERA,FACING_CAMERA,1.0,1
1,C:\Users\homec\OneDrive\圖片\貓咪圖像資料集\白貓舔舐測試\lick_28.mp4,0,1,25.0,25.0,280,280,280,11.2,832.5,537.75,637.5,441.75,217.349948,0.37620337,224.0255,1267.1836,0.116741,1.0,FL,,,FL,48.935733,1,FL,1,0,0,0,3,6,0,0,0,0,0.0,1.32,9.56,0.0,0.0,0.0,,0.44,1.593333,,,,0.0,12.132353,87.867647,0.0,0.0,0.0,1,0.7963,0.0853,6.12,FRONT_RIGHT,FACING_CAMERA,FACING_CAMERA,1.0,1
1,C:\Users\homec\OneDrive\圖片\貓咪圖像資料集\白貓舔舐測試\lick_28.mp4,0,1,25.0,25.0,281,281,281,11.24,834.0,540.75,637.875,444.75,218.359831,0.37840396,212.9099,1261.8617,0.110948,1.0,FL,,,FL,49.721659,1,FL,1,0,0,0,3,6,0,0,0,0,0.0,1.36,9.56,0.0,0.0,0.0,,0.453333,1.593333,,,,0.0,12.454212,87.545788,0.0,0.0,0.0,1,0.7978,0.0837,5.99,FRONT_RIGHT,FACING_CAMERA,FACING_CAMERA,1.0,1
1,C:\Users\homec\OneDrive\圖片\貓咪圖像資料集\白貓舔舐測試\lick_28.mp4,0,1,25.0,25.0,282,282,282,11.28,836.25,539.625,640.875,438.375,220.05216,0.38295246,194.3576,1242.7596,0.101281,1.0,FL,,,FL,58.357998,1,FL,1,0,0,0,3,6,0,0,0,0,0.0,1.4,9.56,0.0,0.0,0.0,,0.466667,1.593333,,,,0.0,12.773723,87.226277,0.0,0.0,0.0,1,0.8036,0.0709,5.04,FRONT_RIGHT,FACING_CAMERA,FACING_CAMERA,1.0,1
1,C:\Users\homec\OneDrive\圖片\貓咪圖像資料集\白貓舔舐測試\lick_28.mp4,0,1,25.0,25.0,283,283,283,11.32,842.25,532.5,643.125,435.0,221.713815,0.38574047,218.6104,1251.6404,0.113919,1.0,FL,,,FL,60.042625,1,FL,1,0,0,0,3,6,0,0,0,0,0.0,1.44,9.56,0.0,0.0,0.0,,0.48,1.593333,,,,0.0,13.090909,86.909091,0.0,0.0,0.0,1,0.7846,0.0617,4.5,FRONT_RIGHT,FACING_CAMERA,FACING_CAMERA,1.0,1
1,C:\Users\homec\OneDrive\圖片\貓咪圖像資料集\白貓舔舐測試\lick_28.mp4,0,1,25.0,25.0,284,284,284,11.36,844.5,531.75,646.875,432.75,221.035383,0.38555662,210.0177,1242.0989,0.109441,1.0,FL,,,FL,58.342059,1,FL,1,0,0,0,3,6,0,0,0,0,0.0,1.48,9.56,0.0,0.0,0.0,,0.493333,1.593333,,,,0.0,13.405797,86.594203,0.0,0.0,0.0,1,0.7944,0.0645,4.64,FRONT_RIGHT,FACING_CAMERA,FACING_CAMERA,1.0,1
1,C:\Users\homec\OneDrive\圖片\貓咪圖像資料集\白貓舔舐測試\lick_28.mp4,0,1,25.0,25.0,285,285,285,11.4,849.75,527.25,649.875,440.625,217.839175,0.37659943,267.133,1278.5022,0.139204,1.0,FL,,,FL,52.29003,1,FL,1,0,0,0,3,6,0,0,0,0,0.0,1.52,9.56,0.0,0.0,0.0,,0.506667,1.593333,,,,0.0,13.718412,86.281588,0.0,0.0,0.0,1,0.7438,0.0737,5.66,FRONT_RIGHT,FACING_CAMERA,FACING_CAMERA,1.0,1
1,C:\Users\homec\OneDrive\圖片\貓咪圖像資料集\白貓舔舐測試\lick_28.mp4,0,1,25.0,25.0,286,286,286,11.44,851.25,525.0,649.5,446.25,216.574756,0.37742236,300.1142,1298.9993,0.156391,1.0,FL,,,FL,40.054826,1,FL,1,0,0,0,3,6,0,0,0,0,0.0,1.56,9.56,0.0,0.0,0.0,,0.52,1.593333,,,,0.0,14.028777,85.971223,0.0,0.0,0.0,1,0.7489,0.0932,7.09,FRONT_RIGHT,FACING_CAMERA,FACING_CAMERA,1.0,1
1,C:\Users\homec\OneDrive\圖片\貓咪圖像資料集\白貓舔舐測試\lick_28.mp4,0,1,25.0,25.0,287,287,287,11.48,853.5,519.75,652.5,444.0,214.800052,0.37568775,318.0836,1303.5563,0.165755,1.0,FL,,,FL,33.763448,1,FL,1,0,0,0,3,6,0,0,0,0,0.0,1.6,9.56,0.0,0.0,0.0,,0.533333,1.593333,,,,0.0,14.336918,85.663082,0.0,0.0,0.0,1,0.7526,0.1018,7.7,FRONT_RIGHT,FACING_CAMERA,FACING_CAMERA,1.0,1
1,C:\Users\homec\OneDrive\圖片\貓咪圖像資料集\白貓舔舐測試\lick_28.mp4,0,1,25.0,25.0,288,288,288,11.52,855.0,513.0,654.375,443.25,212.403986,0.37091356,350.0144,1315.1149,0.182394,1.0,FL,,,FL,28.346824,1,FL,1,0,0,0,3,6,0,0,0,0,0.0,1.64,9.56,0.0,0.0,0.0,,0.546667,1.593333,,,,0.0,14.642857,85.357143,0.0,0.0,0.0,1,0.7391,0.1051,8.09,FRONT_RIGHT,FACING_CAMERA,FACING_CAMERA,1.0,1
1,C:\Users\homec\OneDrive\圖片\貓咪圖像資料集\白貓舔舐測試\lick_28.mp4,0,1,25.0,25.0,289,289,289,11.56,855.75,513.0,658.125,444.0,209.324248,0.36645211,356.4388,1317.4954,0.185742,1.0,FL,,,FL,24.038988,1,FL,1,0,0,0,3,6,0,0,0,0,0.0,1.68,9.56,0.0,0.0,0.0,,0.56,1.593333,,,,0.0,14.946619,85.053381,0.0,0.0,0.0,1,0.7415,0.1075,8.25,FRONT_RIGHT,FACING_CAMERA,FACING_CAMERA,1.0,1
1,C:\Users\homec\OneDrive\圖片\貓咪圖像資料集\白貓舔舐測試\lick_28.mp4,0,1,25.0,25.0,290,290,290,11.6,853.5,517.5,658.125,444.0,208.743001,0.36290685,357.9083,1320.8548,0.186508,1.0,FL,,,FL,21.685384,1,FL,1,0,0,0,3,6,0,0,0,0,0.0,1.72,9.56,0.0,0.0,0.0,,0.573333,1.593333,,,,0.0,15.248227,84.751773,0.0,0.0,0.0,1,0.7323,0.1073,8.34,FRONT_RIGHT,FACING_CAMERA,FACING_CAMERA,1.0,1
1,C:\Users\homec\OneDrive\圖片\貓咪圖像資料集\白貓舔舐測試\lick_28.mp4,0,1,25.0,25.0,291,291,291,11.64,855.0,527.625,659.25,448.125,211.277809,0.3698721,328.1997,1309.9819,0.171026,1.0,FL,,,FL,24.930388,1,FL,1,0,0,0,3,6,0,0,0,0,0.0,1.76,9.56,0.0,0.0,0.0,,0.586667,1.593333,,,,0.0,15.547703,84.452297,0.0,0.0,0.0,1,0.748,0.1072,8.16,FRONT_RIGHT,FACING_CAMERA,FACING_CAMERA,1.0,1
1,C:\Users\homec\OneDrive\圖片\貓咪圖像資料集\白貓舔舐測試\lick_28.mp4,0,1,25.0,25.0,292,292,292,11.68,852.0,534.75,657.0,448.125,213.375,0.37316137,290.1158,1294.0483,0.151181,1.0,FL,,,FL,29.325287,1,FL,1,0,0,0,3,6,0,0,0,0,0.0,1.8,9.56,0.0,0.0,0.0,,0.6,1.593333,,,,0.0,15.84507,84.15493,0.0,0.0,0.0,1,0.7665,0.1056,7.85,FRONT_RIGHT,FACING_CAMERA,FACING_CAMERA,1.0,1
1,C:\Users\homec\OneDrive\圖片\貓咪圖像資料集\白貓舔舐測試\lick_28.mp4,0,1,25.0,25.0,293,293,293,11.72,847.5,546.0,656.625,456.0,211.029063,0.37153936,234.5893,1270.4532,0.122246,1.0,FL,,,FL,37.240513,1,FL,1,0,0,0,3,6,0,0,0,0,0.0,1.84,9.56,0.0,0.0,0.0,,0.613333,1.593333,,,,0.0,16.140351,83.859649,0.0,0.0,0.0,1,0.7912,0.0992,7.15,FRONT_RIGHT,FACING_CAMERA,FACING_CAMERA,1.0,1
1,C:\Users\homec\OneDrive\圖片\貓咪圖像資料集\白貓舔舐測試\lick_28.mp4,0,1,25.0,25.0,294,294,294,11.76,844.5,549.0,652.875,456.75,212.673936,0.37345857,225.1585,1268.2207,0.117331,1.0,FL,,,FL,42.389236,1,FL,1,0,0,0,3,6,0,0,0,0,0.0,1.88,9.56,0.0,0.0,0.0,,0.626667,1.593333,,,,0.0,16.433566,83.566434,0.0,0.0,0.0,1,0.7877,0.0935,6.77,FRONT_RIGHT,FACING_CAMERA,FACING_CAMERA,1.0,1
1,C:\Users\homec\OneDrive\圖片\貓咪圖像資料集\白貓舔舐測試\lick_28.mp4,0,1,25.0,25.0,295,295,295,11.8,846.0,552.0,654.75,454.125,214.839657,0.37719259,193.8824,1244.7853,0.101033,1.0,FL,,,FL,46.934642,1,FL,1,0,0,0,3,6,0,0,0,0,0.0,1.92,9.56,0.0,0.0,0.0,,0.64,1.593333,,,,0.0,16.724739,83.275261,0.0,0.0,0.0,1,0.8007,0.0859,6.13,FRONT_RIGHT,FACING_CAMERA,FACING_CAMERA,1.0,1
1,C:\Users\homec\OneDrive\圖片\貓咪圖像資料集\白貓舔舐測試\lick_28.mp4,0,1,25.0,25.0,296,296,296,11.84,847.5,547.125,656.25,451.125,213.991968,0.37531755,208.0198,1250.1631,0.1084,1.0,FL,,,FL,47.511848,1,FL,1,0,0,0,3,6,0,0,0,0,0.0,1.96,9.56,0.0,0.0,0.0,,0.653333,1.593333,,,,0.0,17.013889,82.986111,0.0,0.0,0.0,1,0.7909,0.0818,5.91,FRONT_RIGHT,FACING_CAMERA,FACING_CAMERA,1.0,1
1,C:\Users\homec\OneDrive\圖片\貓咪圖像資料集\白貓舔舐測試\lick_28.mp4,0,1,25.0,25.0,297,297,297,11.88,851.25,543.0,656.625,448.875,216.190671,0.38059201,222.5563,1255.8525,0.115975,1.0,FL,,,FL,45.778874,1,FL,1,0,0,0,3,6,0,0,0,0,0.0,2.0,9.56,0.0,0.0,0.0,,0.666667,1.593333,,,,0.0,17.301038,82.698962,0.0,0.0,0.0,1,0.7905,0.0838,6.05,FRONT_RIGHT,FACING_CAMERA,FACING_CAMERA,1.0,1
1,C:\Users\homec\OneDrive\圖片\貓咪圖像資料集\白貓舔舐測試\lick_28.mp4,0,1,25.0,25.0,298,298,298,11.92,857.25,538.125,657.375,450.75,218.138502,0.3854974,264.3752,1279.8352,0.137767,1.0,FL,,,FL,36.102425,1,FL,1,0,0,0,3,6,0,0,0,0,0.0,2.04,9.56,0.0,0.0,0.0,,0.68,1.593333,,,,0.0,17.586207,82.413793,0.0,0.0,0.0,1,0.7778,0.0991,7.26,FRONT_RIGHT,FACING_CAMERA,FACING_CAMERA,1.0,1
1,C:\Users\homec\OneDrive\圖片\貓咪圖像資料集\白貓舔舐測試\lick_28.mp4,0,1,25.0,25.0,299,299,299,11.96,862.5,534.75,661.875,450.75,217.500323,0.38738301,280.6694,1285.2,0.146258,1.0,FL,,,FL,31.262265,1,FL,1,0,0,0,3,6,0,0,0,0,0.0,2.08,9.56,0.0,0.0,0.0,,0.693333,1.593333,,,,0.0,17.869416,82.130584,0.0,0.0,0.0,1,0.7807,0.1034,7.54,FRONT_RIGHT,FACING_CAMERA,FACING_CAMERA,1.0,1
1,C:\Users\homec\OneDrive\圖片\貓咪圖像資料集\白貓舔舐測試\lick_28.mp4,0,1,25.0,25.0,300,300,300,12.0,864.75,529.875,665.625,453.0,213.44913,0.37749155,322.3101,1306.1131,0.167957,1.0,FL,,,FL,23.267941,1,FL,1,0,0,0,3,6,0,0,0,0,0.0,2.12,9.56,0.0,0.0,0.0,,0.706667,1.593333,,,,0.0,18.150685,81.849315,0.0,0.0,0.0,1,0.7484,0.1085,8.25,FRONT_RIGHT,FACING_CAMERA,FACING_CAMERA,1.0,1
1,C:\Users\homec\OneDrive\圖片\貓咪圖像資料集\白貓舔舐測試\lick_28.mp4,0,1,25.0,25.0,301,301,301,12.04,867.0,523.875,669.375,451.5,210.460878,0.3702628,359.9924,1320.282,0.187594,1.0,FL,,,FL,16.446943,1,FL,1,0,0,0,3,6,0,0,0,0,0.0,2.16,9.56,0.0,0.0,0.0,,0.72,1.593333,,,,0.0,18.430034,81.569966,0.0,0.0,0.0,1,0.7276,0.1163,9.08,FRONT_RIGHT,FACING_CAMERA,FACING_CAMERA,1.0,1
1,C:\Users\homec\OneDrive\圖片\貓咪圖像資料集\白貓舔舐測試\lick_28.mp4,0,1,25.0,25.0,302,302,302,12.08,862.5,529.875,667.5,450.0,210.724976,0.37065677,345.1084,1316.6949,0.179838,1.0,FL,,,FL,16.677572,1,FL,1,0,0,0,3,6,0,0,0,0,0.0,2.2,9.56,0.0,0.0,0.0,,0.733333,1.593333,,,,0.0,18.707483,81.292517,0.0,0.0,0.0,1,0.7396,0.1155,8.88,FRONT_RIGHT,FACING_CAMERA,FACING_CAMERA,1.0,1
1,C:\Users\homec\OneDrive\圖片\貓咪圖像資料集\白貓舔舐測試\lick_28.mp4,0,1,25.0,25.0,303,303,303,12.12,863.25,539.25,663.375,455.25,216.808707,0.38117336,304.0068,1302.7778,0.158419,1.0,FL,,,FL,20.804909,1,FL,1,0,0,0,3,6,0,0,0,0,0.0,2.24,9.56,0.0,0.0,0.0,,0.746667,1.593333,,,,0.0,18.983051,81.016949,0.0,0.0,0.0,1,0.7545,0.1098,8.28,FRONT_RIGHT,FACING_CAMERA,FACING_CAMERA,1.0,1
1,C:\Users\homec\OneDrive\圖片\貓咪圖像資料集\白貓舔舐測試\lick_28.mp4,0,1,25.0,25.0,304,304,304,12.16,856.5,555.75,662.25,461.25,216.016926,0.3830382,232.5581,1271.5863,0.121187,1.0,FL,,,FL,31.508726,1,FL,1,0,0,0,3,6,0,0,0,0,0.0,2.28,9.56,0.0,0.0,0.0,,0.76,1.593333,,,,0.0,19.256757,80.743243,0.0,0.0,0.0,1,0.7873,0.1031,7.46,FRONT_RIGHT,FACING_CAMERA,FACING_CAMERA,1.0,1
1,C:\Users\homec\OneDrive\圖片\貓咪圖像資料集\白貓舔舐測試\lick_28.mp4,0,1,25.0,25.0,305,305,305,12.2,854.25,562.875,658.5,468.375,217.36677,0.38543172,214.3514,1267.9861,0.1117,1.0,FL,,,FL,31.646705,1,FL,1,0,0,0,3,6,0,0,0,0,0.0,2.32,9.56,0.0,0.0,0.0,,0.773333,1.593333,,,,0.0,19.52862,80.47138,0.0,0.0,0.0,1,0.7963,0.1051,7.52,FRONT_RIGHT,FACING_CAMERA,FACING_CAMERA,1.0,1
1,C:\Users\homec\OneDrive\圖片\貓咪圖像資料集\白貓舔舐測試\lick_28.mp4,0,1,25.0,25.0,306,306,306,12.24,850.5,567.0,657.375,466.875,217.53685,0.38335647,190.9083,1253.7108,0.099483,1.0,FL,,,FL,39.752733,1,FL,1,0,0,0,3,6,0,0,0,0,0.0,2.36,9.56,0.0,0.0,0.0,,0.786667,1.593333,,,,0.0,19.798658,80.201342,0.0,0.0,0.0,1,0.7979,0.099,7.07,FRONT_RIGHT,FACING_CAMERA,FACING_CAMERA,1.0,1
1,C:\Users\homec\OneDrive\圖片\貓咪圖像資料集\白貓舔舐測試\lick_28.mp4,0,1,25.0,25.0,307,307,307,12.28,850.5,566.625,659.25,460.5,218.721462,0.38649155,174.6616,1234.8,0.091017,1.0,FL,,,FL,44.06671,1,FL,1,0,0,0,3,6,0,0,0,0,0.0,2.4,9.56,0.0,0.0,0.0,,0.8,1.593333,,,,0.0,20.06689,79.93311,0.0,0.0,0.0,1,0.8096,0.0917,6.46,FRONT_RIGHT,FACING_CAMERA,FACING_CAMERA,1.0,1
1,C:\Users\homec\OneDrive\圖片\貓咪圖像資料集\白貓舔舐測試\lick_28.mp4,0,1,25.0,25.0,308,308,308,12.32,852.75,561.0,661.5,461.25,215.700313,0.38108142,200.3348,1249.1578,0.104395,1.0,FL,,,FL,40.818192,1,FL,1,0,0,0,3,6,0,0,0,0,0.0,2.44,9.56,0.0,0.0,0.0,,0.813333,1.593333,,,,0.0,20.333333,79.666667,0.0,0.0,0.0,1,0.793,0.0917,6.6,FRONT_RIGHT,FACING_CAMERA,FACING_CAMERA,1.0,1
1,C:\Users\homec\OneDrive\圖片\貓咪圖像資料集\白貓舔舐測試\lick_28.mp4,0,1,25.0,25.0,309,309,309,12.36,856.5,553.5,660.75,461.25,216.398071,0.38259605,231.6817,1265.6593,0.12073,1.0,FL,,,FL,35.261751,1,FL,1,0,0,0,3,6,0,0,0,0,0.0,2.48,9.56,0.0,0.0,0.0,,0.826667,1.593333,,,,0.0,20.598007,79.401993,0.0,0.0,0.0,1,0.7855,0.0951,6.9,FRONT_RIGHT,FACING_CAMERA,FACING_CAMERA,1.0,1
1,C:\Users\homec\OneDrive\圖片\貓咪圖像資料集\白貓舔舐測試\lick_28.mp4,0,1,25.0,25.0,310,310,310,12.4,862.5,545.625,662.625,460.5,217.247051,0.38820833,257.5484,1272.7953,0.13421,1.0,FL,,,FL,31.801885,1,FL,1,0,0,0,3,6,0,0,0,0,0.0,2.52,9.56,0.0,0.0,0.0,,0.84,1.593333,,,,0.0,20.860927,79.139073,0.0,0.0,0.0,1,0.7879,0.1,7.24,FRONT_RIGHT,FACING_CAMERA,FACING_CAMERA,1.0,1
1,C:\Users\homec\OneDrive\圖片\貓咪圖像資料集\白貓舔舐測試\lick_28.mp4,0,1,25.0,25.0,311,311,311,12.44,870.0,537.75,661.5,458.25,223.142331,0.39809655,317.132,1300.8716,0.165259,1.0,FL,,,FL,20.106976,1,FL,1,0,0,0,3,6,0,0,0,0,0.0,2.56,9.56,0.0,0.0,0.0,,0.853333,1.593333,,,,0.0,21.122112,78.877888,0.0,0.0,0.0,1,0.7646,0.1123,8.36,FRONT_RIGHT,FACING_CAMERA,FACING_CAMERA,1.0,1
1,C:\Users\homec\OneDrive\圖片\貓咪圖像資料集\白貓舔舐測試\lick_28.mp4,0,1,25.0,25.0,312,312,312,12.48,871.5,535.5,668.625,459.75,216.555601,0.38054026,344.0557,1312.3921,0.179289,1.0,FL,,,FL,14.929541,1,FL,1,0,0,0,3,6,0,0,0,0,0.0,2.6,9.56,0.0,0.0,0.0,,0.866667,1.593333,,,,0.0,21.381579,78.618421,0.0,0.0,0.0,1,0.7303,0.1147,8.93,FRONT_RIGHT,FACING_CAMERA,FACING_CAMERA,1.0,1
1,C:\Users\homec\OneDrive\圖片\貓咪圖像資料集\白貓舔舐測試\lick_28.mp4,0,1,25.0,25.0,313,313,313,12.52,871.5,537.0,667.875,462.375,216.868696,0.37892557,347.0579,1314.9238,0.180854,1.0,FL,,,FL,14.02238,1,FL,1,0,0,0,3,6,0,0,0,0,0.0,2.64,9.56,0.0,0.0,0.0,,0.88,1.593333,,,,0.0,21.639344,78.360656,0.0,0.0,0.0,1,0.7252,0.1174,9.2,FRONT_RIGHT,FACING_CAMERA,FACING_CAMERA,1.0,1
1,C:\Users\homec\OneDrive\圖片\貓咪圖像資料集\白貓舔舐測試\lick_28.mp4,0,1,25.0,25.0,314,314,314,12.56,870.0,553.875,668.25,467.625,219.413138,0.3852486,263.4877,1276.1642,0.137305,1.0,FL,,,FL,20.088466,1,FL,1,0,0,0,3,6,0,0,0,0,0.0,2.68,9.56,0.0,0.0,0.0,,0.893333,1.593333,,,,0.0,21.895425,78.104575,0.0,0.0,0.0,1,0.7622,0.1064,7.95,FRONT_RIGHT,FACING_CAMERA,FACING_CAMERA,1.0,1
1,C:\Users\homec\OneDrive\圖片\貓咪圖像資料集\白貓舔舐測試\lick_28.mp4,0,1,25.0,25.0,315,315,315,12.6,865.5,574.5,663.0,482.25,222.522611,0.39194921,227.4001,1271.0965,0.118499,1.0,FL,,,FL,23.629235,1,FL,1,0,0,0,3,6,0,0,0,0,0.0,2.72,9.56,0.0,0.0,0.0,,0.906667,1.593333,,,,0.0,22.149837,77.850163,0.0,0.0,0.0,1,0.7829,0.1129,8.21,FRONT_RIGHT,FACING_CAMERA,FACING_CAMERA,1.0,1
1,C:\Users\homec\OneDrive\圖片\貓咪圖像資料集\白貓舔舐測試\lick_28.mp4,0,1,25.0,25.0,316,316,316,12.64,859.5,586.5,661.875,485.25,222.052253,0.39377156,195.8835,1256.7328,0.102076,1.0,FL,,,FL,23.619542,1,FL,1,0,0,0,3,6,0,0,0,0,0.0,2.76,9.56,0.0,0.0,0.0,,0.92,1.593333,,,,0.0,22.402597,77.597403,0.0,0.0,0.0,1,0.8071,0.1141,8.05,FRONT_RIGHT,FACING_CAMERA,FACING_CAMERA,1.0,1
1,C:\Users\homec\OneDrive\圖片\貓咪圖像資料集\白貓舔舐測試\lick_28.mp4,0,1,25.0,25.0,317,317,317,12.68,852.0,594.375,659.625,486.0,220.801452,0.39176186,171.2539,1244.0766,0.089241,1.0,FL,,,FL,27.918366,1,FL,1,0,0,0,3,6,0,0,0,0,0.0,2.8,9.56,0.0,0.0,0.0,,0.933333,1.593333,,,,0.0,22.653722,77.346278,0.0,0.0,0.0,1,0.8164,0.1117,7.79,FRONT_RIGHT,FACING_CAMERA,FACING_CAMERA,1.0,1
1,C:\Users\homec\OneDrive\圖片\貓咪圖像資料集\白貓舔舐測試\lick_28.mp4,0,1,25.0,25.0,318,318,318,12.72,852.0,591.0,660.375,480.75,221.077369,0.39313434,169.8093,1238.2489,0.088488,1.0,FL,,,FL,30.102768,1,FL,1,0,0,0,3,6,0,0,0,0,0.0,2.84,9.56,0.0,0.0,0.0,,0.946667,1.593333,,,,0.0,22.903226,77.096774,0.0,0.0,0.0,1,0.8197,0.1125,7.82,FRONT_RIGHT,FACING_CAMERA,FACING_CAMERA,1.0,1
1,C:\Users\homec\OneDrive\圖片\貓咪圖像資料集\白貓舔舐測試\lick_28.mp4,0,1,25.0,25.0,319,319,319,12.76,860.25,574.125,663.0,474.75,220.868633,0.39388153,219.305,1260.212,0.114281,1.0,FL,,,FL,27.443924,1,FL,1,0,0,0,3,6,0,0,0,0,0.0,2.88,9.56,0.0,0.0,0.0,,0.96,1.593333,,,,0.0,23.151125,76.848875,0.0,0.0,0.0,1,0.7953,0.1076,7.7,FRONT_RIGHT,FACING_CAMERA,FACING_CAMERA,1.0,1
1,C:\Users\homec\OneDrive\圖片\貓咪圖像資料集\白貓舔舐測試\lick_28.mp4,0,1,25.0,25.0,320,320,320,12.8,868.5,563.625,664.875,469.125,224.484722,0.40200608,253.8868,1273.0193,0.132302,1.0,FL,,,FL,26.721893,1,FL,1,0,0,0,3,6,0,0,0,0,0.0,2.92,9.56,0.0,0.0,0.0,,0.973333,1.593333,,,,0.0,23.397436,76.602564,0.0,0.0,0.0,1,0.7796,0.1047,7.65,FRONT_RIGHT,FACING_CAMERA,FACING_CAMERA,1.0,1
1,C:\Users\homec\OneDrive\圖片\貓咪圖像資料集\白貓舔舐測試\lick_28.mp4,0,1,25.0,25.0,321,321,321,12.84,870.75,558.375,666.375,466.5,224.076229,0.39956108,259.7189,1269.8044,0.135341,1.0,FL,,,FL,25.055534,1,FL,1,0,0,0,3,6,0,0,0,0,0.0,2.96,9.56,0.0,0.0,0.0,,0.986667,1.593333,,,,0.0,23.642173,76.357827,0.0,0.0,0.0,1,0.7774,0.1054,7.72,FRONT_RIGHT,FACING_CAMERA,FACING_CAMERA,1.0,1
1,C:\Users\homec\OneDrive\圖片\貓咪圖像資料集\白貓舔舐測試\lick_28.mp4,0,1,25.0,25.0,322,322,322,12.88,876.0,555.375,667.875,471.0,224.577729,0.40188284,281.7168,1281.5366,0.146804,1.0,FL,,,FL,16.776443,1,FL,1,0,0,0,3,6,0,0,0,0,0.0,3.0,9.56,0.0,0.0,0.0,,1.0,1.593333,,,,0.0,23.88535,76.11465,0.0,0.0,0.0,1,0.7741,0.1144,8.41,FRONT_RIGHT,FACING_CAMERA,FACING_CAMERA,1.0,1
1,C:\Users\homec\OneDrive\圖片\貓咪圖像資料集\白貓舔舐測試\lick_28.mp4,0,1,25.0,25.0,323,323,323,12.92,877.5,555.75,663.0,473.625,229.684056,0.4078844,305.1382,1298.3164,0.159009,1.0,FL,,,FL,15.615562,1,FL,1,0,0,0,3,6,0,0,0,0,0.0,3.04,9.56,0.0,0.0,0.0,,1.013333,1.593333,,,,0.0,24.126984,75.873016,0.0,0.0,0.0,1,0.7637,0.1229,9.15,FRONT_RIGHT,FACING_CAMERA,FACING_CAMERA,1.0,1
1,C:\Users\homec\OneDrive\圖片\貓咪圖像資料集\白貓舔舐測試\lick_28.mp4,0,1,25.0,25.0,324,324,324,12.96,876.0,556.125,662.625,473.25,228.904251,0.40583483,307.7194,1300.3942,0.160354,1.0,FL,,,FL,15.213557,1,FL,1,0,0,0,3,6,0,0,0,0,0.0,3.08,9.56,0.0,0.0,0.0,,1.026667,1.593333,,,,0.0,24.367089,75.632911,0.0,0.0,0.0,1,0.7632,0.121,9.01,FRONT_RIGHT,FACING_CAMERA,FACING_CAMERA,1.0,1
1,C:\Users\homec\OneDrive\圖片\貓咪圖像資料集\白貓舔舐測試\lick_28.mp4,0,1,25.0,25.0,325,325,325,13.0,874.5,560.25,664.875,478.5,225.001562,0.40141647,268.6713,1280.5491,0.140006,1.0,FL,,,FL,15.944639,1,FL,1,0,0,0,3,6,0,0,0,0,0.0,3.12,9.56,0.0,0.0,0.0,,1.04,1.593333,,,,0.0,24.605678,75.394322,0.0,0.0,0.0,1,0.7822,0.1126,8.19,FRONT_RIGHT,FACING_CAMERA,FACING_CAMERA,1.0,1
1,C:\Users\homec\OneDrive\圖片\貓咪圖像資料集\白貓舔舐測試\lick_28.mp4,0,1,25.0,25.0,326,326,326,13.04,864.0,590.25,660.0,503.625,221.630076,0.39873502,222.5899,1280.5692,0.115993,1.0,FL,,,FL,20.269021,1,FL,1,0,0,0,3,6,0,0,0,0,0.0,3.16,9.56,0.0,0.0,0.0,,1.053333,1.593333,,,,0.0,24.842767,75.157233,0.0,0.0,0.0,1,0.7978,0.1206,8.6,FRONT_RIGHT,FACING_CAMERA,FACING_CAMERA,1.0,1
1,C:\Users\homec\OneDrive\圖片\貓咪圖像資料集\白貓舔舐測試\lick_28.mp4,0,1,25.0,25.0,327,327,327,13.08,857.25,601.5,660.75,514.875,214.746689,0.38246563,193.4054,1271.216,0.100784,1.0,FL,,,FL,26.209791,1,FL,1,0,0,0,3,6,0,0,0,0,0.0,3.2,9.56,0.0,0.0,0.0,,1.066667,1.593333,,,,0.0,25.07837,74.92163,0.0,0.0,0.0,1,0.7968,0.1119,7.99,FRONT_RIGHT,FACING_CAMERA,FACING_CAMERA,1.0,1
1,C:\Users\homec\OneDrive\圖片\貓咪圖像資料集\白貓舔舐測試\lick_28.mp4,0,1,25.0,25.0,328,328,328,13.12,852.0,610.5,659.25,520.5,212.726497,0.37701567,184.6838,1274.2546,0.09624,1.0,FL,,,FL,26.580068,1,FL,1,0,0,0,3,6,0,0,0,0,0.0,3.24,9.56,0.0,0.0,0.0,,1.08,1.593333,,,,0.0,25.3125,74.6875,0.0,0.0,0.0,1,0.7872,0.1142,8.26,FRONT_RIGHT,FACING_CAMERA,FACING_CAMERA,1.0,1
1,C:\Users\homec\OneDrive\圖片\貓咪圖像資料集\白貓舔舐測試\lick_28.mp4,0,1,25.0,25.0,329,329,329,13.16,845.25,615.75,657.375,520.875,210.471569,0.37225569,184.0113,1279.984,0.095889,1.0,FL,,,FL,28.124354,1,FL,1,0,0,0,3,6,0,0,0,0,0.0,3.28,9.56,0.0,0.0,0.0,,1.093333,1.593333,,,,0.0,25.545171,74.454829,0.0,0.0,0.0,1,0.7831,0.1163,8.45,FRONT_RIGHT,FACING_CAMERA,FACING_CAMERA,1.0,1
1,C:\Users\homec\OneDrive\圖片\貓咪圖像資料集\白貓舔舐測試\lick_28.mp4,0,1,25.0,25.0,330,330,330,13.2,850.5,612.75,661.875,523.125,208.834938,0.37470591,158.4424,1254.2375,0.082565,1.0,FL,,,FL,28.588678,1,FL,1,0,0,0,3,6,0,0,0,0,0.0,3.32,9.56,0.0,0.0,0.0,,1.106667,1.593333,,,,0.0,25.776398,74.223602,0.0,0.0,0.0,1,0.8126,0.112,7.85,FRONT_RIGHT,FACING_CAMERA,FACING_CAMERA,1.0,1
1,C:\Users\homec\OneDrive\圖片\貓咪圖像資料集\白貓舔舐測試\lick_28.mp4,0,1,25.0,25.0,331,331,331,13.24,855.0,592.125,643.875,515.25,224.685405,0.40364977,228.8165,1300.1864,0.119237,1.0,FL,,,FL,22.240931,1,FL,1,0,0,0,3,6,0,0,0,0,0.0,3.36,9.56,0.0,0.0,0.0,,1.12,1.593333,,,,0.0,26.006192,73.993808,0.0,0.0,0.0,1,0.7903,0.114,8.21,FRONT_RIGHT,FACING_CAMERA,FACING_CAMERA,1.0,1
1,C:\Users\homec\OneDrive\圖片\貓咪圖像資料集\白貓舔舐測試\lick_28.mp4,0,1,25.0,25.0,332,332,332,13.28,863.25,578.25,660.0,492.375,220.646954,0.39669913,234.7908,1277.4396,0.122351,1.0,FL,,,FL,23.294805,1,FL,1,0,0,0,3,6,0,0,0,0,0.0,3.4,9.56,0.0,0.0,0.0,,1.133333,1.593333,,,,0.0,26.234568,73.765432,0.0,0.0,0.0,1,0.7888,0.1081,7.8,FRONT_RIGHT,FACING_CAMERA,FACING_CAMERA,1.0,1
1,C:\Users\homec\OneDrive\圖片\貓咪圖像資料集\白貓舔舐測試\lick_28.mp4,0,1,25.0,25.0,333,333,333,13.32,865.5,570.75,665.625,483.0,218.288978,0.3914178,237.7315,1268.2934,0.123883,1.0,FL,,,FL,25.012395,1,FL,1,0,0,0,3,6,0,0,0,0,0.0,3.44,9.56,0.0,0.0,0.0,,1.146667,1.593333,,,,0.0,26.461538,73.538462,0.0,0.0,0.0,1,0.7871,0.1026,7.43,FRONT_RIGHT,FACING_CAMERA,FACING_CAMERA,1.0,1
1,C:\Users\homec\OneDrive\圖片\貓咪圖像資料集\白貓舔舐測試\lick_28.mp4,0,1,25.0,25.0,334,334,334,13.36,868.5,573.75,667.125,488.25,218.774177,0.39151253,229.9125,1263.2536,0.119809,1.0,FL,,,FL,20.450959,1,FL,1,0,0,0,3,6,0,0,0,0,0.0,3.48,9.56,0.0,0.0,0.0,,1.16,1.593333,,,,0.0,26.687117,73.312883,0.0,0.0,0.0,1,0.7884,0.1065,7.7,FRONT_RIGHT,FACING_CAMERA,FACING_CAMERA,1.0,1
1,C:\Users\homec\OneDrive\圖片\貓咪圖像資料集\白貓舔舐測試\lick_28.mp4,0,1,25.0,25.0,335,335,335,13.4,871.5,584.625,669.375,501.0,218.741071,0.39004665,224.8935,1269.3891,0.117193,1.0,FL,,,FL,20.760916,1,FL,1,0,0,0,3,6,0,0,0,0,0.0,3.52,9.56,0.0,0.0,0.0,,1.173333,1.593333,,,,0.0,26.911315,73.088685,0.0,0.0,0.0,1,0.7855,0.1071,7.76,FRONT_RIGHT,FACING_CAMERA,FACING_CAMERA,1.0,1
1,C:\Users\homec\OneDrive\圖片\貓咪圖像資料集\白貓舔舐測試\lick_28.mp4,0,1,25.0,25.0,336,336,336,13.44,870.0,591.75,670.5,500.625,219.326277,0.38904152,234.5943,1280.0844,0.122248,1.0,FL,,,FL,17.508926,1,FL,1,0,0,0,3,6,0,0,0,0,0.0,3.56,9.56,0.0,0.0,0.0,,1.186667,1.593333,,,,0.0,27.134146,72.865854,0.0,0.0,0.0,1,0.7814,0.1194,8.69,FRONT_RIGHT,FACING_CAMERA,FACING_CAMERA,1.0,1
1,C:\Users\homec\OneDrive\圖片\貓咪圖像資料集\白貓舔舐測試\lick_28.mp4,0,1,25.0,25.0,337,337,337,13.48,876.0,585.375,673.5,495.75,221.447264,0.39275777,234.0473,1270.749,0.121963,1.0,FL,,,FL,17.783859,1,FL,1,0,0,0,3,6,0,0,0,0,0.0,3.6,9.56,0.0,0.0,0.0,,1.2,1.593333,,,,0.0,27.355623,72.644377,0.0,0.0,0.0,1,0.7792,0.1142,8.34,FRONT_RIGHT,FACING_CAMERA,FACING_CAMERA,1.0,1
1,C:\Users\homec\OneDrive\圖片\貓咪圖像資料集\白貓舔舐測試\lick_28.mp4,0,1,25.0,25.0,338,338,338,13.52,876.75,577.5,672.375,494.25,220.680092,0.39102169,241.147,1271.4018,0.125663,1.0,FL,,,FL,11.867482,1,FL,1,0,0,0,3,6,0,0,0,0,0.0,3.64,9.56,0.0,0.0,0.0,,1.213333,1.593333,,,,0.0,27.575758,72.424242,0.0,0.0,0.0,1,0.7767,0.111,8.13,FRONT_RIGHT,FACING_CAMERA,FACING_CAMERA,1.0,1
1,C:\Users\homec\OneDrive\圖片\貓咪圖像資料集\白貓舔舐測試\lick_28.mp4,0,1,25.0,25.0,339,339,339,13.56,876.0,572.25,666.375,495.0,223.405916,0.39267751,258.9511,1284.0553,0.134941,1.0,FL,,,FL,6.643361,1,FL,1,0,0,0,3,6,0,0,0,0,0.0,3.68,9.56,0.0,0.0,0.0,,1.226667,1.593333,,,,0.0,27.794562,72.205438,0.0,0.0,0.0,1,0.7642,0.1126,8.38,FRONT_RIGHT,FACING_CAMERA,FACING_CAMERA,1.0,1
1,C:\Users\homec\OneDrive\圖片\貓咪圖像資料集\白貓舔舐測試\lick_28.mp4,0,1,25.0,25.0,340,340,340,13.6,874.5,573.75,669.0,487.875,222.721273,0.39434806,258.3697,1282.548,0.134638,1.0,FL,,,FL,11.726057,1,FL,1,0,0,0,3,6,0,0,0,0,0.0,3.72,9.56,0.0,0.0,0.0,,1.24,1.593333,,,,0.0,28.012048,71.987952,0.0,0.0,0.0,1,0.7687,0.1118,8.28,FRONT_RIGHT,FACING_CAMERA,FACING_CAMERA,1.0,1
1,C:\Users\homec\OneDrive\圖片\貓咪圖像資料集\白貓舔舐測試\lick_28.mp4,0,1,25.0,25.0,341,341,341,13.64,871.5,574.125,664.875,490.5,222.90588,0.39368903,260.4561,1287.8748,0.135725,1.0,FL,,,FL,12.58388,1,FL,1,0,0,0,3,6,0,0,0,0,0.0,3.76,9.56,0.0,0.0,0.0,,1.253333,1.593333,,,,0.0,28.228228,71.771772,0.0,0.0,0.0,1,0.7664,0.1148,8.52,FRONT_RIGHT,FACING_CAMERA,FACING_CAMERA,1.0,1
1,C:\Users\homec\OneDrive\圖片\貓咪圖像資料集\白貓舔舐測試\lick_28.mp4,0,1,25.0,25.0,342,342,342,13.68,865.5,576.0,661.5,487.125,222.519135,0.39694352,255.5775,1286.9964,0.133183,1.0,FL,,,FL,16.395902,1,FL,1,0,0,0,3,6,0,0,0,0,0.0,3.8,9.56,0.0,0.0,0.0,,1.266667,1.593333,,,,0.0,28.443114,71.556886,0.0,0.0,0.0,1,0.7836,0.1163,8.44,FRONT_RIGHT,FACING_CAMERA,FACING_CAMERA,1.0,1
1,C:\Users\homec\OneDrive\圖片\貓咪圖像資料集\白貓舔舐測試\lick_28.mp4,0,1,25.0,25.0,343,343,343,13.72,858.0,580.125,660.375,489.75,217.309184,0.38807364,238.1036,1279.2233,0.124077,1.0,FL,,,FL,23.872746,1,FL,1,0,0,0,3,6,0,0,0,0,0.0,3.84,9.56,0.0,0.0,0.0,,1.28,1.593333,,,,0.0,28.656716,71.343284,0.0,0.0,0.0,1,0.7867,0.1116,8.07,FRONT_RIGHT,FACING_CAMERA,FACING_CAMERA,1.0,1
1,C:\Users\homec\OneDrive\圖片\貓咪圖像資料集\白貓舔舐測試\lick_28.mp4,0,1,25.0,25.0,344,344,344,13.76,856.5,580.5,661.125,487.5,216.380199,0.3871321,223.6227,1265.2331,0.116531,1.0,FL,,,FL,24.915654,1,FL,1,0,0,0,3,6,0,0,0,0,0.0,3.88,9.56,0.0,0.0,0.0,,1.293333,1.593333,,,,0.0,28.869048,71.130952,0.0,0.0,0.0,1,0.7974,0.1103,7.88,FRONT_RIGHT,FACING_CAMERA,FACING_CAMERA,1.0,1
1,C:\Users\homec\OneDrive\圖片\貓咪圖像資料集\白貓舔舐測試\lick_28.mp4,0,1,25.0,25.0,345,345,345,13.8,858.0,581.25,661.875,489.75,216.41919,0.38554688,238.2761,1274.7303,0.124167,1.0,FL,,,FL,24.088832,1,FL,1,0,0,0,3,6,0,0,0,0,0.0,3.92,9.56,0.0,0.0,0.0,,1.306667,1.593333,,,,0.0,29.080119,70.919881,0.0,0.0,0.0,1,0.7804,0.1113,8.12,FRONT_RIGHT,FACING_CAMERA,FACING_CAMERA,1.0,1
1,C:\Users\homec\OneDrive\圖片\貓咪圖像資料集\白貓舔舐測試\lick_28.mp4,0,1,25.0,25.0,346,346,346,13.84,859.5,586.5,665.25,499.125,212.996369,0.3782089,225.6413,1269.9189,0.117583,1.0,FL,,,FL,20.235577,1,FL,1,0,0,0,3,6,0,0,0,0,0.0,3.96,9.56,0.0,0.0,0.0,,1.32,1.593333,,,,0.0,29.289941,70.710059,0.0,0.0,0.0,1,0.78,0.1153,8.41,FRONT_RIGHT,FACING_CAMERA,FACING_CAMERA,1.0,1
1,C:\Users\homec\OneDrive\圖片\貓咪圖像資料集\白貓舔舐測試\lick_28.mp4,0,1,25.0,25.0,347,347,347,13.88,869.25,584.625,669.75,496.125,218.248711,0.38841743,241.134,1273.5844,0.125656,1.0,FL,,,FL,17.239984,1,FL,1,0,0,0,3,6,0,0,0,0,0.0,4.0,9.56,0.0,0.0,0.0,,1.333333,1.593333,,,,0.0,29.498525,70.501475,0.0,0.0,0.0,1,0.7805,0.1122,8.18,FRONT_RIGHT,FACING_CAMERA,FACING_CAMERA,1.0,1
1,C:\Users\homec\OneDrive\圖片\貓咪圖像資料集\白貓舔舐測試\lick_28.mp4,0,1,25.0,25.0,348,348,348,13.92,874.5,581.25,673.5,492.75,219.620696,0.38983397,253.0712,1275.5119,0.131877,1.0,FL,,,FL,18.146704,1,FL,1,0,0,0,3,6,0,0,0,0,0.0,4.04,9.56,0.0,0.0,0.0,,1.346667,1.593333,,,,0.0,29.705882,70.294118,0.0,0.0,0.0,1,0.7743,0.1164,8.55,FRONT_RIGHT,FACING_CAMERA,FACING_CAMERA,1.0,1
1,C:\Users\homec\OneDrive\圖片\貓咪圖像資料集\白貓舔舐測試\lick_28.mp4,0,1,25.0,25.0,349,349,349,13.96,876.75,576.375,675.375,489.75,219.216289,0.38873868,258.7934,1274.1424,0.134858,1.0,FL,,,FL,8.913457,1,FL,1,0,0,0,3,6,0,0,0,0,0.0,4.08,9.56,0.0,0.0,0.0,,1.36,1.593333,,,,0.0,29.912023,70.087977,0.0,0.0,0.0,1,0.7745,0.1167,8.57,FRONT_RIGHT,FACING_CAMERA,FACING_CAMERA,1.0,1
1,C:\Users\homec\OneDrive\圖片\貓咪圖像資料集\白貓舔舐測試\lick_28.mp4,0,1,25.0,25.0,350,350,350,14.0,879.0,569.625,671.625,491.25,221.691297,0.39196707,276.7141,1284.2056,0.144197,1.0,FL,,,FL,5.325642,1,FL,1,0,0,0,3,6,0,0,0,0,0.0,4.12,9.56,0.0,0.0,0.0,,1.373333,1.593333,,,,0.0,30.116959,69.883041,0.0,0.0,0.0,1,0.7646,0.1169,8.69,FRONT_RIGHT,FACING_CAMERA,FACING_CAMERA,1.0,1
1,C:\Users\homec\OneDrive\圖片\貓咪圖像資料集\白貓舔舐測試\lick_28.mp4,0,1,25.0,25.0,351,351,351,14.04,876.75,558.75,664.875,482.25,225.262659,0.40179273,311.6244,1299.9622,0.162389,1.0,FL,,,FL,3.584323,1,FL,1,0,0,0,3,6,0,0,0,0,0.0,4.16,9.56,0.0,0.0,0.0,,1.386667,1.593333,,,,0.0,30.3207,69.6793,0.0,0.0,0.0,1,0.7714,0.1202,8.86,FRONT_RIGHT,FACING_CAMERA,FACING_CAMERA,1.0,1
1,C:\Users\homec\OneDrive\圖片\貓咪圖像資料集\白貓舔舐測試\lick_28.mp4,0,1,25.0,25.0,352,352,352,14.08,871.5,554.25,658.5,481.5,225.081235,0.40368912,327.1393,1309.5144,0.170474,1.0,FL,,,FL,8.960619,1,FL,1,0,0,0,3,6,0,0,0,0,0.0,4.2,9.56,0.0,0.0,0.0,,1.4,1.593333,,,,0.0,30.523256,69.476744,0.0,0.0,0.0,1,0.7715,0.113,8.33,FRONT_RIGHT,FACING_CAMERA,FACING_CAMERA,1.0,1
1,C:\Users\homec\OneDrive\圖片\貓咪圖像資料集\白貓舔舐測試\lick_28.mp4,0,1,25.0,25.0,353,353,353,14.12,868.5,549.75,657.375,474.0,224.302983,0.40256108,325.2692,1303.6208,0.169499,1.0,FL,,,FL,15.674348,1,FL,1,0,0,0,3,6,0,0,0,0,0.0,4.24,9.56,0.0,0.0,0.0,,1.413333,1.593333,,,,0.0,30.724638,69.275362,0.0,0.0,0.0,1,0.7737,0.1083,7.97,FRONT_RIGHT,FACING_CAMERA,FACING_CAMERA,1.0,1
1,C:\Users\homec\OneDrive\圖片\貓咪圖像資料集\白貓舔舐測試\lick_28.mp4,0,1,25.0,25.0,354,354,354,14.16,866.25,547.5,658.5,471.75,221.129204,0.39659567,321.0258,1299.3248,0.167288,1.0,FL,,,FL,19.080061,1,FL,1,0,0,0,3,6,0,0,0,0,0.0,4.28,9.56,0.0,0.0,0.0,,1.426667,1.593333,,,,0.0,30.924855,69.075145,0.0,0.0,0.0,1,0.7727,0.1074,7.91,FRONT_RIGHT,FACING_CAMERA,FACING_CAMERA,1.0,1
1,C:\Users\homec\OneDrive\圖片\貓咪圖像資料集\白貓舔舐測試\lick_28.mp4,0,1,25.0,25.0,355,355,355,14.2,863.25,549.375,659.625,471.0,218.187491,0.38933365,304.3776,1290.8995,0.158613,1.0,FL,,,FL,22.818306,1,FL,1,0,0,0,3,6,0,0,0,0,0.0,4.32,9.56,0.0,0.0,0.0,,1.44,1.593333,,,,0.0,31.123919,68.876081,0.0,0.0,0.0,1,0.7721,0.1052,7.76,FRONT_RIGHT,FACING_CAMERA,FACING_CAMERA,1.0,1
1,C:\Users\homec\OneDrive\圖片\貓咪圖像資料集\白貓舔舐測試\lick_28.mp4,0,1,25.0,25.0,356,356,356,14.24,859.5,546.0,658.125,467.25,216.225468,0.38501383,310.9168,1292.6303,0.16202,1.0,FL,,,FL,26.637681,1,FL,1,0,0,0,3,6,0,0,0,0,0.0,4.36,9.56,0.0,0.0,0.0,,1.453333,1.593333,,,,0.0,31.321839,68.678161,0.0,0.0,0.0,1,0.7672,0.1026,7.61,FRONT_RIGHT,FACING_CAMERA,FACING_CAMERA,1.0,1
1,C:\Users\homec\OneDrive\圖片\貓咪圖像資料集\白貓舔舐測試\lick_28.mp4,0,1,25.0,25.0,357,357,357,14.28,856.5,540.0,657.0,462.75,213.934131,0.38260415,320.5307,1293.92,0.16703,1.0,FL,,,FL,30.73385,1,FL,1,0,0,0,3,6,0,0,0,0,0.0,4.4,9.56,0.0,0.0,0.0,,1.466667,1.593333,,,,0.0,31.518625,68.481375,0.0,0.0,0.0,1,0.7718,0.0962,7.11,FRONT_RIGHT,FACING_CAMERA,FACING_CAMERA,1.0,1
1,C:\Users\homec\OneDrive\圖片\貓咪圖像資料集\白貓舔舐測試\lick_28.mp4,0,1,25.0,25.0,358,358,358,14.32,856.5,539.25,658.875,457.5,213.866087,0.38338166,293.719,1275.0012,0.153058,1.0,FL,,,FL,31.94642,1,FL,1,0,0,0,3,6,0,0,0,0,0.0,4.44,9.56,0.0,0.0,0.0,,1.48,1.593333,,,,0.0,31.714286,68.285714,0.0,0.0,0.0,1,0.7929,0.09,6.47,FRONT_RIGHT,FACING_CAMERA,FACING_CAMERA,1.0,1
1,C:\Users\homec\OneDrive\圖片\貓咪圖像資料集\白貓舔舐測試\lick_28.mp4,0,1,25.0,25.0,359,359,359,14.36,858.0,535.5,662.25,450.75,213.308755,0.38066783,278.9041,1259.1807,0.145338,1.0,FL,,,FL,31.808472,1,FL,1,0,0,0,3,6,0,0,0,0,0.0,4.48,9.56,0.0,0.0,0.0,,1.493333,1.593333,,,,0.0,31.908832,68.091168,0.0,0.0,0.0,1,0.7987,0.0809,5.78,FRONT_RIGHT,FACING_CAMERA,FACING_CAMERA,1.0,1
1,C:\Users\homec\OneDrive\圖片\貓咪圖像資料集\白貓舔舐測試\lick_28.mp4,0,1,25.0,25.0,360,360,360,14.4,858.0,527.625,661.125,443.25,214.193619,0.38252226,299.2022,1263.1845,0.155916,1.0,FL,,,FL,35.069816,1,FL,1,0,0,0,3,6,0,0,0,0,0.0,4.52,9.56,0.0,0.0,0.0,,1.506667,1.593333,,,,0.0,32.102273,67.897727,0.0,0.0,0.0,1,0.7913,0.0794,5.73,FRONT_RIGHT,FACING_CAMERA,FACING_CAMERA,1.0,1
1,C:\Users\homec\OneDrive\圖片\貓咪圖像資料集\白貓舔舐測試\lick_28.mp4,0,1,25.0,25.0,361,361,361,14.44,858.75,519.75,660.375,438.75,214.274685,0.38238999,324.013,1271.1582,0.168845,1.0,FL,,,FL,35.998136,1,FL,1,0,0,0,3,6,0,0,0,0,0.0,4.56,9.56,0.0,0.0,0.0,,1.52,1.593333,,,,0.0,32.294618,67.705382,0.0,0.0,0.0,1,0.7814,0.0813,5.94,FRONT_RIGHT,FACING_CAMERA,FACING_CAMERA,1.0,1
1,C:\Users\homec\OneDrive\圖片\貓咪圖像資料集\白貓舔舐測試\lick_28.mp4,0,1,25.0,25.0,362,362,362,14.48,858.75,511.5,655.125,436.5,216.99802,0.38883257,353.964,1282.9712,0.184452,1.0,FR,,,FR,32.678675,1,FR,0,1,0,0,3,7,0,0,0,0,0.0,4.56,9.6,0.0,0.0,0.0,,1.52,1.371429,,,,0.0,32.20339,67.79661,0.0,0.0,0.0,1,0.7724,0.0777,5.74,FRONT_RIGHT,FACING_CAMERA,FACING_CAMERA,1.0,1
1,C:\Users\homec\OneDrive\圖片\貓咪圖像資料集\白貓舔舐測試\lick_28.mp4,0,1,25.0,25.0,363,363,363,14.52,853.5,500.25,648.0,435.75,215.38454,0.38716046,372.4984,1288.8214,0.194111,1.0,FR,,,FR,24.894724,1,FR,0,1,0,0,3,7,0,0,0,0,0.0,4.56,9.64,0.0,0.0,0.0,,1.52,1.377143,,,,0.0,32.112676,67.887324,0.0,0.0,0.0,1,0.7741,0.0718,5.3,FRONT_RIGHT,FACING_CAMERA,FACING_CAMERA,1.0,1
1,C:\Users\homec\OneDrive\圖片\貓咪圖像資料集\白貓舔舐測試\lick_28.mp4,0,1,25.0,25.0,364,364,364,14.56,852.0,491.625,646.5,429.75,214.61306,0.38776733,384.8147,1287.7358,0.200529,1.0,FR,,,FR,18.890341,1,FR,0,1,0,0,3,7,0,0,0,0,0.0,4.56,9.68,0.0,0.0,0.0,,1.52,1.382857,,,,0.0,32.022472,67.977528,0.0,0.0,0.0,1,0.7723,0.0602,4.46,FRONT_RIGHT,FACING_CAMERA,FACING_CAMERA,1.0,1
1,C:\Users\homec\OneDrive\圖片\貓咪圖像資料集\白貓舔舐測試\lick_28.mp4,0,1,25.0,25.0,365,365,365,14.6,852.0,480.75,645.375,421.875,214.849148,0.38822981,395.6955,1283.3093,0.206199,1.0,FR,,,FR,10.274735,1,FR,0,1,0,0,3,7,0,0,0,0,0.0,4.56,9.72,0.0,0.0,0.0,,1.52,1.388571,,,,0.0,31.932773,68.067227,0.0,0.0,0.0,1,0.7699,0.0477,3.55,FACING_CAMERA,FACING_CAMERA,FACING_CAMERA,1.0,1
1,C:\Users\homec\OneDrive\圖片\貓咪圖像資料集\白貓舔舐測試\lick_28.mp4,0,1,25.0,25.0,366,366,366,14.64,852.0,475.5,644.25,415.875,216.137001,0.38958218,395.2336,1277.727,0.205958,1.0,FR,,,FR,4.226239,1,FR,0,1,0,0,3,7,0,0,0,0,0.0,4.56,9.76,0.0,0.0,0.0,,1.52,1.394286,,,,0.0,31.843575,68.156425,0.0,0.0,0.0,1,0.766,0.0403,3.01,FACING_CAMERA,FACING_CAMERA,FACING_CAMERA,1.0,1
1,C:\Users\homec\OneDrive\圖片\貓咪圖像資料集\白貓舔舐測試\lick_28.mp4,0,1,25.0,25.0,367,367,367,14.68,846.0,474.75,640.5,413.25,214.505245,0.38574601,397.5479,1279.0521,0.207164,1.0,FR,,,FR,2.910092,1,FR,0,1,0,0,3,7,0,0,0,0,0.0,4.56,9.8,0.0,0.0,0.0,,1.52,1.4,,,,0.0,31.754875,68.245125,0.0,0.0,0.0,1,0.7683,0.0379,2.82,FACING_CAMERA,FACING_CAMERA,FACING_CAMERA,1.0,1
1,C:\Users\homec\OneDrive\圖片\貓咪圖像資料集\白貓舔舐測試\lick_28.mp4,0,1,25.0,25.0,368,368,368,14.72,842.25,469.5,636.0,408.375,215.11701,0.38698203,403.739,1278.1861,0.21039,1.0,FR,,,FR,0.288355,1,FR,0,1,0,0,3,7,0,0,0,0,0.0,4.56,9.84,0.0,0.0,0.0,,1.52,1.405714,,,,0.0,31.666667,68.333333,0.0,0.0,0.0,1,0.7734,0.0359,2.66,FACING_CAMERA,FACING_CAMERA,FACING_CAMERA,1.0,1
1,C:\Users\homec\OneDrive\圖片\貓咪圖像資料集\白貓舔舐測試\lick_28.mp4,0,1,25.0,25.0,369,369,369,14.76,839.25,463.875,633.375,404.25,214.335383,0.38247228,392.6723,1269.9653,0.204623,1.0,FR,,,FR,3.800787,1,FR,0,1,0,0,3,7,0,0,0,0,0.0,4.56,9.88,0.0,0.0,0.0,,1.52,1.411429,,,,0.0,31.578947,68.421053,0.0,0.0,0.0,1,0.7698,0.0251,1.87,FACING_CAMERA,FACING_CAMERA,FACING_CAMERA,1.0,1
1,C:\Users\homec\OneDrive\圖片\貓咪圖像資料集\白貓舔舐測試\lick_28.mp4,0,1,25.0,25.0,370,370,370,14.8,835.5,458.25,630.0,397.5,214.29142,0.37940452,391.1306,1263.1187,0.20382,1.0,FR,,,FR,7.606065,1,FR,0,1,0,0,3,7,0,0,0,0,0.0,4.56,9.92,0.0,0.0,0.0,,1.52,1.417143,,,,0.0,31.491713,68.508287,0.0,0.0,0.0,1,0.7645,0.0164,1.23,FACING_CAMERA,FACING_CAMERA,FACING_CAMERA,1.0,1
1,C:\Users\homec\OneDrive\圖片\貓咪圖像資料集\白貓舔舐測試\lick_28.mp4,0,1,25.0,25.0,371,371,371,14.84,834.0,453.75,628.125,390.0,215.519322,0.37945082,370.9922,1249.3367,0.193326,1.0,FR,,,FR,11.706234,1,FR,0,1,0,0,3,7,0,0,0,0,0.0,4.56,9.96,0.0,0.0,0.0,,1.52,1.422857,,,,0.0,31.404959,68.595041,0.0,0.0,0.0,1,0.7667,0.0027,0.2,FACING_CAMERA,FACING_CAMERA,FACING_CAMERA,1.0,1
1,C:\Users\homec\OneDrive\圖片\貓咪圖像資料集\白貓舔舐測試\lick_28.mp4,0,1,25.0,25.0,372,372,372,14.88,834.0,447.0,626.625,382.5,217.174217,0.37898533,371.9421,1242.9494,0.193821,1.0,FR,,,FR,18.407369,1,FR,0,1,0,0,3,7,0,0,0,0,0.0,4.56,10.0,0.0,0.0,0.0,,1.52,1.428571,,,,0.0,31.318681,68.681319,0.0,0.0,0.0,1,0.7554,-0.004,-0.3,FACING_CAMERA,FACING_CAMERA,FACING_CAMERA,1.0,1
1,C:\Users\homec\OneDrive\圖片\貓咪圖像資料集\白貓舔舐測試\lick_28.mp4,0,1,25.0,25.0,373,373,373,14.92,837.0,438.375,625.125,376.875,220.620184,0.38574852,385.5545,1242.7986,0.200914,1.0,FR,,,FR,28.12717,1,FR,0,1,0,0,3,7,0,0,0,0,0.0,4.56,10.04,0.0,0.0,0.0,,1.52,1.434286,,,,0.0,31.232877,68.767123,0.0,0.0,0.0,1,0.7476,-0.0116,-0.89,FACING_CAMERA,FACING_CAMERA,FACING_CAMERA,1.0,1
1,C:\Users\homec\OneDrive\圖片\貓咪圖像資料集\白貓舔舐測試\lick_28.mp4,0,1,25.0,25.0,374,374,374,14.96,839.25,432.75,624.0,372.375,223.556935,0.39037516,398.6044,1244.4076,0.207715,1.0,FR,,,FR,28.740472,1,FR,0,1,0,0,3,7,0,0,0,0,0.0,4.56,10.08,0.0,0.0,0.0,,1.52,1.44,,,,0.0,31.147541,68.852459,0.0,0.0,0.0,1,0.7413,-0.0121,-0.94,FACING_CAMERA,FACING_CAMERA,FACING_CAMERA,1.0,1
1,C:\Users\homec\OneDrive\圖片\貓咪圖像資料集\白貓舔舐測試\lick_28.mp4,0,1,25.0,25.0,375,375,375,15.0,840.0,428.25,623.25,370.875,224.215194,0.39047845,404.6,1248.1226,0.210839,1.0,FR,,,FR,30.598479,1,FR,0,1,0,0,3,7,0,0,0,0,0.0,4.56,10.12,0.0,0.0,0.0,,1.52,1.445714,,,,0.0,31.06267,68.93733,0.0,0.0,0.0,1,0.7351,-0.0141,-1.1,FACING_CAMERA,FACING_CAMERA,FACING_CAMERA,1.0,1
1,C:\Users\homec\OneDrive\圖片\貓咪圖像資料集\白貓舔舐測試\lick_28.mp4,0,1,25.0,25.0,376,376,376,15.04,835.5,426.375,620.25,374.25,221.471393,0.38729778,421.3965,1262.6742,0.219592,1.0,FR,,,FR,30.344406,1,FR,0,1,0,0,3,7,0,0,0,0,0.0,4.56,10.16,0.0,0.0,0.0,,1.52,1.451429,,,,0.0,30.978261,69.021739,0.0,0.0,0.0,1,0.7387,-0.0089,-0.69,FACING_CAMERA,FACING_CAMERA,FACING_CAMERA,1.0,1
1,C:\Users\homec\OneDrive\圖片\貓咪圖像資料集\白貓舔舐測試\lick_28.mp4,0,1,25.0,25.0,377,377,377,15.08,831.75,423.0,615.375,378.0,221.004843,0.38594907,436.7303,1269.5938,0.227582,1.0,FR,,,FR,30.091693,1,FR,0,1,0,0,3,7,0,0,0,0,0.0,4.56,10.2,0.0,0.0,0.0,,1.52,1.457143,,,,0.0,30.894309,69.105691,0.0,0.0,0.0,1,0.738,-0.0063,-0.49,FACING_CAMERA,FACING_CAMERA,FACING_CAMERA,1.0,1
1,C:\Users\homec\OneDrive\圖片\貓咪圖像資料集\白貓舔舐測試\lick_28.mp4,0,1,25.0,25.0,378,378,378,15.12,828.0,420.375,610.875,378.375,221.149871,0.38632231,455.7305,1276.8145,0.237483,1.0,FR,,,FR,34.5685,1,FR,0,1,0,0,3,7,0,0,0,0,0.0,4.56,10.24,0.0,0.0,0.0,,1.52,1.462857,,,,0.0,30.810811,69.189189,0.0,0.0,0.0,1,0.7341,-0.0065,-0.51,FACING_CAMERA,FACING_CAMERA,FACING_CAMERA,1.0,1
1,C:\Users\homec\OneDrive\圖片\貓咪圖像資料集\白貓舔舐測試\lick_28.mp4,0,1,25.0,25.0,379,379,379,15.16,822.0,411.375,605.25,375.75,219.658151,0.38085787,492.3479,1282.6507,0.256565,1.0,FR,,,FR,42.836702,1,FR,0,1,0,0,3,7,0,0,0,0,0.0,4.56,10.28,0.0,0.0,0.0,,1.52,1.468571,,,,0.0,30.727763,69.272237,0.0,0.0,0.0,1,0.7162,-0.0097,-0.78,FACING_CAMERA,FACING_CAMERA,FACING_CAMERA,1.0,1
1,C:\Users\homec\OneDrive\圖片\貓咪圖像資料集\白貓舔舐測試\lick_28.mp4,0,1,25.0,25.0,380,380,380,15.2,819.0,398.25,600.375,370.875,220.332207,0.38123454,538.7732,1284.8163,0.280757,1.0,FR,,,FR,48.284055,1,FR,0,1,0,0,3,7,0,0,0,0,0.0,4.56,10.32,0.0,0.0,0.0,,1.52,1.474286,,,,0.0,30.645161,69.354839,0.0,0.0,0.0,1,0.6987,-0.0094,-0.77,FACING_CAMERA,FACING_CAMERA,FACING_CAMERA,1.0,1
1,C:\Users\homec\OneDrive\圖片\貓咪圖像資料集\白貓舔舐測試\lick_28.mp4,0,1,25.0,25.0,381,381,381,15.24,819.0,389.625,598.5,366.75,221.683368,0.38114072,552.2217,1281.7825,0.287765,1.0,FR,,,FR,54.993097,1,FR,0,1,0,0,3,7,0,0,0,0,0.0,4.56,10.36,0.0,0.0,0.0,,1.52,1.48,,,,0.0,30.563003,69.436997,0.0,0.0,0.0,1,0.6855,-0.0181,-1.52,FACING_CAMERA,FACING_CAMERA,FACING_CAMERA,1.0,1
1,C:\Users\homec\OneDrive\圖片\貓咪圖像資料集\白貓舔舐測試\lick_28.mp4,0,1,25.0,25.0,382,382,382,15.28,819.0,382.125,597.0,361.875,222.921651,0.38090616,568.9512,1280.5577,0.296483,1.0,FR,,,FR,60.820205,1,FR,0,1,0,0,3,7,0,0,0,0,0.0,4.56,10.4,0.0,0.0,0.0,,1.52,1.485714,,,,0.0,30.481283,69.518717,0.0,0.0,0.0,1,0.6703,-0.0225,-1.92,FACING_CAMERA,FACING_CAMERA,FACING_CAMERA,1.0,1
1,C:\Users\homec\OneDrive\圖片\貓咪圖像資料集\白貓舔舐測試\lick_28.mp4,0,1,25.0,25.0,383,383,383,15.32,819.0,378.0,597.0,357.0,222.991031,0.37686602,568.497,1279.8815,0.296246,1.0,NO_TARGET,,,NO_TARGET,,0,,0,0,0,0,3,7,0,0,0,0,0.0,4.56,10.4,0.0,0.0,0.0,,1.52,1.485714,,,,0.0,30.481283,69.518717,0.0,0.0,0.0,1,0.6533,-0.0329,-2.88,FACING_CAMERA,FACING_CAMERA,FACING_CAMERA,1.0,1
1,C:\Users\homec\OneDrive\圖片\貓咪圖像資料集\白貓舔舐測試\lick_28.mp4,0,1,25.0,25.0,384,384,384,15.36,818.25,370.5,595.5,353.625,223.38829,0.37673626,573.6295,1277.7188,0.298921,1.0,NO_TARGET,,,NO_TARGET,,0,,0,0,0,0,3,7,0,0,0,0,0.0,4.56,10.4,0.0,0.0,0.0,,1.52,1.485714,,,,0.0,30.481283,69.518717,0.0,0.0,0.0,1,0.6483,-0.0419,-3.7,FACING_CAMERA,FACING_CAMERA,FACING_CAMERA,1.0,1
1,C:\Users\homec\OneDrive\圖片\貓咪圖像資料集\白貓舔舐測試\lick_28.mp4,0,1,25.0,25.0,385,385,385,15.4,819.0,369.0,594.375,353.625,225.150575,0.3790172,572.9301,1282.8434,0.298557,1.0,NO_TARGET,,,NO_TARGET,,0,,0,0,0,0,3,7,0,0,0,0,0.0,4.56,10.4,0.0,0.0,0.0,,1.52,1.485714,,,,0.0,30.481283,69.518717,0.0,0.0,0.0,1,0.6472,-0.0435,-3.85,FACING_CAMERA,FACING_CAMERA,FACING_CAMERA,1.0,1
1,C:\Users\homec\OneDrive\圖片\貓咪圖像資料集\白貓舔舐測試\lick_28.mp4,0,1,25.0,25.0,386,386,386,15.44,817.5,369.0,592.875,354.375,225.100603,0.37800741,567.7196,1288.971,0.295841,1.0,NO_TARGET,,,NO_TARGET,,0,,0,0,0,0,3,7,0,0,0,0,0.0,4.56,10.4,0.0,0.0,0.0,,1.52,1.485714,,,,0.0,30.481283,69.518717,0.0,0.0,0.0,1,0.6473,-0.0452,-3.99,FACING_CAMERA,FACING_CAMERA,FACING_CAMERA,1.0,1
1,C:\Users\homec\OneDrive\圖片\貓咪圖像資料集\白貓舔舐測試\lick_28.mp4,0,1,25.0,25.0,387,387,387,15.48,813.0,367.5,590.25,354.75,223.114601,0.37422689,573.6086,1299.3505,0.29891,1.0,NO_TARGET,,,NO_TARGET,,0,,0,0,0,0,3,7,0,0,0,0,0.0,4.56,10.4,0.0,0.0,0.0,,1.52,1.485714,,,,0.0,30.481283,69.518717,0.0,0.0,0.0,1,0.6479,-0.0445,-3.93,FACING_CAMERA,FACING_CAMERA,FACING_CAMERA,1.0,1
1,C:\Users\homec\OneDrive\圖片\貓咪圖像資料集\白貓舔舐測試\lick_28.mp4,0,1,25.0,25.0,388,388,388,15.52,810.75,364.5,586.875,353.625,224.138978,0.37374253,573.9028,1299.709,0.299063,1.0,NO_TARGET,,,NO_TARGET,,0,,0,0,0,0,3,7,0,0,0,0,0.0,4.56,10.4,0.0,0.0,0.0,,1.52,1.485714,,,,0.0,30.481283,69.518717,0.0,0.0,0.0,1,0.6439,-0.0458,-4.07,FACING_CAMERA,FACING_CAMERA,FACING_CAMERA,1.0,1
1,C:\Users\homec\OneDrive\圖片\貓咪圖像資料集\白貓舔舐測試\lick_28.mp4,0,1,25.0,25.0,389,389,389,15.56,810.0,360.75,583.125,351.0,227.084407,0.37658836,581.8294,1299.6198,0.303194,1.0,NO_TARGET,,,NO_TARGET,,0,,0,0,0,0,3,7,0,0,0,0,0.0,4.56,10.4,0.0,0.0,0.0,,1.52,1.485714,,,,0.0,30.481283,69.518717,0.0,0.0,0.0,1,0.6338,-0.0519,-4.68,FACING_CAMERA,FACING_CAMERA,FACING_CAMERA,1.0,1
1,C:\Users\homec\OneDrive\圖片\貓咪圖像資料集\白貓舔舐測試\lick_28.mp4,0,1,25.0,25.0,390,390,390,15.6,807.0,357.0,579.75,349.875,227.361668,0.37433078,590.5363,1300.7735,0.307731,1.0,NO_TARGET,,,NO_TARGET,,0,,0,0,0,0,3,7,0,0,0,0,0.0,4.56,10.4,0.0,0.0,0.0,,1.52,1.485714,,,,0.0,30.481283,69.518717,0.0,0.0,0.0,1,0.6245,-0.0554,-5.07,FACING_CAMERA,FACING_CAMERA,FACING_CAMERA,1.0,1
1,C:\Users\homec\OneDrive\圖片\貓咪圖像資料集\白貓舔舐測試\lick_28.mp4,0,1,25.0,25.0,391,391,391,15.64,807.0,355.5,577.125,347.25,230.022995,0.37757266,569.7763,1297.9935,0.296913,1.0,NO_TARGET,,,NO_TARGET,,0,,0,0,0,0,3,7,0,0,0,0,0.0,4.56,10.4,0.0,0.0,0.0,,1.52,1.485714,,,,0.0,30.481283,69.518717,0.0,0.0,0.0,1,0.628,-0.061,-5.55,FRONT_LEFT,FACING_CAMERA,FACING_CAMERA,1.0,1
1,C:\Users\homec\OneDrive\圖片\貓咪圖像資料集\白貓舔舐測試\lick_28.mp4,0,1,25.0,25.0,392,392,392,15.68,808.5,353.25,574.875,344.25,233.79829,0.38115703,556.7886,1299.2957,0.290145,1.0,NO_TARGET,,,NO_TARGET,,0,,0,0,0,0,3,7,0,0,0,0,0.0,4.56,10.4,0.0,0.0,0.0,,1.52,1.485714,,,,0.0,30.481283,69.518717,0.0,0.0,0.0,1,0.6227,-0.0688,-6.31,FRONT_LEFT,FACING_CAMERA,FACING_CAMERA,1.0,1
1,C:\Users\homec\OneDrive\圖片\貓咪圖像資料集\白貓舔舐測試\lick_28.mp4,0,1,25.0,25.0,393,393,393,15.72,809.25,351.75,571.125,342.1875,238.316926,0.38912421,548.922,1302.0857,0.286046,1.0,NO_TARGET,,,NO_TARGET,,0,,0,0,0,0,3,7,0,0,0,0,0.0,4.56,10.4,0.0,0.0,0.0,,1.52,1.485714,,,,0.0,30.481283,69.518717,0.0,0.0,0.0,1,0.6274,-0.0689,-6.27,FRONT_LEFT,FACING_CAMERA,FACING_CAMERA,1.0,1
1,C:\Users\homec\OneDrive\圖片\貓咪圖像資料集\白貓舔舐測試\lick_28.mp4,0,1,25.0,25.0,394,394,394,15.76,808.5,350.25,567.375,340.6875,241.31454,0.39360067,549.2558,1307.6297,0.28622,1.0,NO_TARGET,,,NO_TARGET,,0,,0,0,0,0,3,7,0,0,0,0,0.0,4.56,10.4,0.0,0.0,0.0,,1.52,1.485714,,,,0.0,30.481283,69.518717,0.0,0.0,0.0,1,0.6273,-0.0692,-6.29,FRONT_LEFT,FACING_CAMERA,FACING_CAMERA,1.0,1
1,C:\Users\homec\OneDrive\圖片\貓咪圖像資料集\白貓舔舐測試\lick_28.mp4,0,1,25.0,25.0,395,395,395,15.8,804.75,348.75,564.75,338.25,240.229578,0.3899499,539.1897,1307.8371,0.280974,1.0,NO_TARGET,,,NO_TARGET,,0,,0,0,0,0,3,7,0,0,0,0,0.0,4.56,10.4,0.0,0.0,0.0,,1.52,1.485714,,,,0.0,30.481283,69.518717,0.0,0.0,0.0,1,0.6289,-0.072,-6.53,FRONT_LEFT,FACING_CAMERA,FACING_CAMERA,1.0,1
1,C:\Users\homec\OneDrive\圖片\貓咪圖像資料集\白貓舔舐測試\lick_28.mp4,0,1,25.0,25.0,396,396,396,15.84,801.0,345.75,562.5,336.75,238.669751,0.38469475,530.7953,1309.5692,0.2766,1.0,NO_TARGET,,,NO_TARGET,,0,,0,0,0,0,3,7,0,0,0,0,0.0,4.56,10.4,0.0,0.0,0.0,,1.52,1.485714,,,,0.0,30.481283,69.518717,0.0,0.0,0.0,1,0.6255,-0.0745,-6.79,FRONT_LEFT,FACING_CAMERA,FACING_CAMERA,1.0,1
1,C:\Users\homec\OneDrive\圖片\貓咪圖像資料集\白貓舔舐測試\lick_28.mp4,0,1,25.0,25.0,397,397,397,15.88,798.0,343.875,557.625,335.625,240.516534,0.38625632,528.2956,1309.288,0.275297,1.0,NO_TARGET,,,NO_TARGET,,0,,0,0,0,0,3,7,0,0,0,0,0.0,4.56,10.4,0.0,0.0,0.0,,1.52,1.485714,,,,0.0,30.481283,69.518717,0.0,0.0,0.0,1,0.6253,-0.0791,-7.21,FRONT_LEFT,FACING_CAMERA,FACING_CAMERA,1.0,1
1,C:\Users\homec\OneDrive\圖片\貓咪圖像資料集\白貓舔舐測試\lick_28.mp4,0,1,25.0,25.0,398,398,398,15.92,798.0,342.75,556.875,335.625,241.230245,0.3845757,532.5662,1310.2923,0.277523,1.0,NO_TARGET,,,NO_TARGET,,0,,0,0,0,0,3,7,0,0,0,0,0.0,4.56,10.4,0.0,0.0,0.0,,1.52,1.485714,,,,0.0,30.481283,69.518717,0.0,0.0,0.0,1,0.6156,-0.0816,-7.55,FRONT_LEFT,FACING_CAMERA,FACING_CAMERA,1.0,1
1,C:\Users\homec\OneDrive\圖片\貓咪圖像資料集\白貓舔舐測試\lick_28.mp4,0,1,25.0,25.0,399,399,399,15.96,796.5,343.5,554.25,336.0,242.366071,0.38653936,533.2622,1315.8405,0.277885,1.0,NO_TARGET,,,NO_TARGET,,0,,0,0,0,0,3,7,0,0,0,0,0.0,4.56,10.4,0.0,0.0,0.0,,1.52,1.485714,,,,0.0,30.481283,69.518717,0.0,0.0,0.0,1,0.6174,-0.0808,-7.46,FRONT_LEFT,FACING_CAMERA,FACING_CAMERA,1.0,1
1,C:\Users\homec\OneDrive\圖片\貓咪圖像資料集\白貓舔舐測試\lick_28.mp4,0,1,25.0,25.0,400,400,400,16.0,795.75,344.4375,553.5,337.5,242.349317,0.38389757,524.4045,1322.5657,0.27327,1.0,NO_TARGET,,,NO_TARGET,,0,,0,0,0,0,3,7,0,0,0,0,0.0,4.56,10.4,0.0,0.0,0.0,,1.52,1.485714,,,,0.0,30.481283,69.518717,0.0,0.0,0.0,1,0.6134,-0.0803,-7.46,FRONT_LEFT,FACING_CAMERA,FACING_CAMERA,1.0,1
1,C:\Users\homec\OneDrive\圖片\貓咪圖像資料集\白貓舔舐測試\lick_28.mp4,0,1,25.0,25.0,401,401,401,16.04,793.5,346.5,552.75,338.25,240.891314,0.38011808,523.9382,1328.1406,0.273027,1.0,NO_TARGET,,,NO_TARGET,,0,,0,0,0,0,3,7,0,0,0,0,0.0,4.56,10.4,0.0,0.0,0.0,,1.52,1.485714,,,,0.0,30.481283,69.518717,0.0,0.0,0.0,1,0.6109,-0.0808,-7.53,FRONT_LEFT,FACING_CAMERA,FACING_CAMERA,1.0,1
1,C:\Users\homec\OneDrive\圖片\貓咪圖像資料集\白貓舔舐測試\lick_28.mp4,0,1,25.0,25.0,402,402,402,16.08,785.25,347.8125,550.125,337.5,235.351043,0.36947457,516.704,1334.4944,0.269257,1.0,NO_TARGET,,,NO_TARGET,,0,,0,0,0,0,3,7,0,0,0,0,0.0,4.56,10.4,0.0,0.0,0.0,,1.52,1.485714,,,,0.0,30.481283,69.518717,0.0,0.0,0.0,1,0.6165,-0.0789,-7.29,FRONT_LEFT,FACING_CAMERA,FACING_CAMERA,1.0,1
1,C:\Users\homec\OneDrive\圖片\貓咪圖像資料集\白貓舔舐測試\lick_28.mp4,0,1,25.0,25.0,403,403,403,16.12,780.0,352.125,549.0,338.625,231.394144,0.36122245,500.0202,1336.0792,0.260563,1.0,NO_TARGET,,,NO_TARGET,,0,,0,0,0,0,3,7,0,0,0,0,0.0,4.56,10.4,0.0,0.0,0.0,,1.52,1.485714,,,,0.0,30.481283,69.518717,0.0,0.0,0.0,1,0.619,-0.0798,-7.34,FRONT_LEFT,FACING_CAMERA,FACING_CAMERA,1.0,1
1,C:\Users\homec\OneDrive\圖片\貓咪圖像資料集\白貓舔舐測試\lick_28.mp4,0,1,25.0,25.0,404,404,404,16.16,769.5,356.25,546.75,338.4375,223.461065,0.34911609,477.6239,1341.54,0.248892,1.0,NO_TARGET,,,NO_TARGET,,0,,0,0,0,0,3,7,0,0,0,0,0.0,4.56,10.4,0.0,0.0,0.0,,1.52,1.485714,,,,0.0,30.481283,69.518717,0.0,0.0,0.0,1,0.6384,-0.0766,-6.84,FRONT_LEFT,FACING_CAMERA,FACING_CAMERA,1.0,1
1,C:\Users\homec\OneDrive\圖片\貓咪圖像資料集\白貓舔舐測試\lick_28.mp4,0,1,25.0,25.0,405,405,405,16.2,761.625,359.25,543.0,340.125,219.459919,0.34306523,454.1066,1344.6227,0.236637,1.0,NO_TARGET,,,NO_TARGET,,0,,0,0,0,0,3,7,0,0,0,0,0.0,4.56,10.4,0.0,0.0,0.0,,1.52,1.485714,,,,0.0,30.481283,69.518717,0.0,0.0,0.0,1,0.6536,-0.0786,-6.86,FRONT_LEFT,FACING_CAMERA,FACING_CAMERA,1.0,1
1,C:\Users\homec\OneDrive\圖片\貓咪圖像資料集\白貓舔舐測試\lick_28.mp4,0,1,25.0,25.0,406,406,406,16.24,754.5,363.75,538.5,341.8125,217.111156,0.34005992,448.5163,1352.9908,0.233724,1.0,NO_TARGET,,,NO_TARGET,,0,,0,0,0,0,3,7,0,0,0,0,0.0,4.56,10.4,0.0,0.0,0.0,,1.52,1.485714,,,,0.0,30.481283,69.518717,0.0,0.0,0.0,1,0.6676,-0.0725,-6.2,FRONT_LEFT,FACING_CAMERA,FACING_CAMERA,1.0,1
1,C:\Users\homec\OneDrive\圖片\貓咪圖像資料集\白貓舔舐測試\lick_28.mp4,0,1,25.0,25.0,407,407,407,16.28,747.75,366.375,533.625,343.5,215.343403,0.33734261,442.9609,1357.3427,0.230829,1.0,NO_TARGET,,,NO_TARGET,,0,,0,0,0,0,3,7,0,0,0,0,0.0,4.56,10.4,0.0,0.0,0.0,,1.52,1.485714,,,,0.0,30.481283,69.518717,0.0,0.0,0.0,1,0.678,-0.069,-5.81,FRONT_LEFT,FACING_CAMERA,FACING_CAMERA,1.0,1
1,C:\Users\homec\OneDrive\圖片\貓咪圖像資料集\白貓舔舐測試\lick_28.mp4,0,1,25.0,25.0,408,408,408,16.32,741.375,368.25,528.75,343.5,214.06063,0.33312076,427.6988,1356.331,0.222876,1.0,NO_TARGET,,,NO_TARGET,,0,,0,0,0,0,3,7,0,0,0,0,0.0,4.56,10.4,0.0,0.0,0.0,,1.52,1.485714,,,,0.0,30.481283,69.518717,0.0,0.0,0.0,1,0.6831,-0.0694,-5.8,FRONT_LEFT,FACING_CAMERA,FACING_CAMERA,1.0,1
1,C:\Users\homec\OneDrive\圖片\貓咪圖像資料集\白貓舔舐測試\lick_28.mp4,0,1,25.0,25.0,409,409,409,16.36,733.5,367.5,522.75,344.625,211.987802,0.33044263,418.8481,1358.0251,0.218264,1.0,NO_TARGET,,,NO_TARGET,,0,,0,0,0,0,3,7,0,0,0,0,0.0,4.56,10.4,0.0,0.0,0.0,,1.52,1.485714,,,,0.0,30.481283,69.518717,0.0,0.0,0.0,1,0.6998,-0.0663,-5.41,FRONT_LEFT,FACING_CAMERA,FACING_CAMERA,1.0,1
1,C:\Users\homec\OneDrive\圖片\貓咪圖像資料集\白貓舔舐測試\lick_28.mp4,0,1,25.0,25.0,410,410,410,16.4,727.875,366.375,519.0,346.5,209.818448,0.32754981,420.2882,1360.2924,0.219014,1.0,NO_TARGET,,,NO_TARGET,,0,,0,0,0,0,3,7,0,0,0,0,0.0,4.56,10.4,0.0,0.0,0.0,,1.52,1.485714,,,,0.0,30.481283,69.518717,0.0,0.0,0.0,1,0.7094,-0.0627,-5.05,FRONT_LEFT,FACING_CAMERA,FACING_CAMERA,1.0,1
1,C:\Users\homec\OneDrive\圖片\貓咪圖像資料集\白貓舔舐測試\lick_28.mp4,0,1,25.0,25.0,411,411,411,16.44,722.25,366.75,516.0,349.5,206.970107,0.32196109,425.7944,1364.6398,0.221883,1.0,NO_TARGET,,,NO_TARGET,,0,,0,0,0,0,3,7,0,0,0,0,0.0,4.56,10.4,0.0,0.0,0.0,,1.52,1.485714,,,,0.0,30.481283,69.518717,0.0,0.0,0.0,1,0.7087,-0.062,-5.0,FRONT_LEFT,FACING_CAMERA,FACING_CAMERA,1.0,1
1,C:\Users\homec\OneDrive\圖片\貓咪圖像資料集\白貓舔舐測試\lick_28.mp4,0,1,25.0,25.0,412,412,412,16.48,717.0,367.875,513.0,350.625,204.728021,0.31754993,429.8559,1367.4802,0.224,1.0,NO_TARGET,,,NO_TARGET,,0,,0,0,0,0,3,7,0,0,0,0,0.0,4.56,10.4,0.0,0.0,0.0,,1.52,1.485714,,,,0.0,30.481283,69.518717,0.0,0.0,0.0,1,0.7098,-0.0625,-5.03,FRONT_LEFT,FACING_CAMERA,FACING_CAMERA,1.0,1
1,C:\Users\homec\OneDrive\圖片\貓咪圖像資料集\白貓舔舐測試\lick_28.mp4,0,1,25.0,25.0,413,413,413,16.52,711.375,370.125,509.25,353.25,202.828206,0.31428089,433.419,1372.9459,0.225857,1.0,NO_TARGET,,,NO_TARGET,,0,,0,0,0,0,3,7,0,0,0,0,0.0,4.56,10.4,0.0,0.0,0.0,,1.52,1.485714,,,,0.0,30.481283,69.518717,0.0,0.0,0.0,1,0.7139,-0.0606,-4.85,FRONT_LEFT,FACING_CAMERA,FACING_CAMERA,1.0,1
1,C:\Users\homec\OneDrive\圖片\貓咪圖像資料集\白貓舔舐測試\lick_28.mp4,0,1,25.0,25.0,414,414,414,16.56,707.25,372.375,505.5,356.25,202.393375,0.31270126,430.8145,1377.4001,0.224499,1.0,NO_TARGET,,,NO_TARGET,,0,,0,0,0,0,3,7,0,0,0,0,0.0,4.56,10.4,0.0,0.0,0.0,,1.52,1.485714,,,,0.0,30.481283,69.518717,0.0,0.0,0.0,1,0.7157,-0.0588,-4.7,FACING_CAMERA,FACING_CAMERA,FACING_CAMERA,1.0,1
1,C:\Users\homec\OneDrive\圖片\貓咪圖像資料集\白貓舔舐測試\lick_28.mp4,0,1,25.0,25.0,415,415,415,16.6,703.5,373.875,502.5,359.25,201.531364,0.31124351,431.3439,1380.9879,0.224775,1.0,NO_TARGET,,,NO_TARGET,,0,,0,0,0,0,3,7,0,0,0,0,0.0,4.56,10.4,0.0,0.0,0.0,,1.52,1.485714,,,,0.0,30.481283,69.518717,0.0,0.0,0.0,1,0.7219,-0.0541,-4.29,FACING_CAMERA,FACING_CAMERA,FACING_CAMERA,1.0,1
1,C:\Users\homec\OneDrive\圖片\貓咪圖像資料集\白貓舔舐測試\lick_28.mp4,0,1,25.0,25.0,416,416,416,16.64,702.0,375.375,501.0,361.125,201.504497,0.31136854,430.2259,1385.577,0.224193,1.0,NO_TARGET,,,NO_TARGET,,0,,0,0,0,0,3,7,0,0,0,0,0.0,4.56,10.4,0.0,0.0,0.0,,1.52,1.485714,,,,0.0,30.481283,69.518717,0.0,0.0,0.0,1,0.7251,-0.051,-4.03,FACING_CAMERA,FACING_CAMERA,FACING_CAMERA,1.0,1
1,C:\Users\homec\OneDrive\圖片\貓咪圖像資料集\白貓舔舐測試\lick_28.mp4,0,1,25.0,25.0,417,417,417,16.68,702.0,376.5,501.0,363.0,201.452848,0.31108203,435.3553,1389.1812,0.226866,1.0,NO_TARGET,,,NO_TARGET,,0,,0,0,0,0,3,7,0,0,0,0,0.0,4.56,10.4,0.0,0.0,0.0,,1.52,1.485714,,,,0.0,30.481283,69.518717,0.0,0.0,0.0,1,0.7235,-0.0476,-3.77,FACING_CAMERA,FACING_CAMERA,FACING_CAMERA,1.0,1
1,C:\Users\homec\OneDrive\圖片\貓咪圖像資料集\白貓舔舐測試\lick_28.mp4,0,1,25.0,25.0,418,418,418,16.72,700.5,378.375,500.25,365.25,200.679665,0.31061905,442.6171,1395.19,0.23065,1.0,NO_TARGET,,,NO_TARGET,,0,,0,0,0,0,3,7,0,0,0,0,0.0,4.56,10.4,0.0,0.0,0.0,,1.52,1.485714,,,,0.0,30.481283,69.518717,0.0,0.0,0.0,1,0.7261,-0.0432,-3.4,FACING_CAMERA,FACING_CAMERA,FACING_CAMERA,1.0,1
1,C:\Users\homec\OneDrive\圖片\貓咪圖像資料集\白貓舔舐測試\lick_28.mp4,0,1,25.0,25.0,419,419,419,16.76,699.75,380.625,500.25,368.625,199.860576,0.30970975,444.0917,1398.2859,0.231418,1.0,NO_TARGET,,,NO_TARGET,,0,,0,0,0,0,3,7,0,0,0,0,0.0,4.56,10.4,0.0,0.0,0.0,,1.52,1.485714,,,,0.0,30.481283,69.518717,0.0,0.0,0.0,1,0.7278,-0.0393,-3.09,FACING_CAMERA,FACING_CAMERA,FACING_CAMERA,1.0,1
1,C:\Users\homec\OneDrive\圖片\貓咪圖像資料集\白貓舔舐測試\lick_28.mp4,0,1,25.0,25.0,420,420,420,16.8,698.25,381.75,500.25,369.75,198.363303,0.30714341,444.742,1399.6232,0.231757,1.0,NO_TARGET,,,NO_TARGET,,0,,0,0,0,0,3,7,0,0,0,0,0.0,4.56,10.4,0.0,0.0,0.0,,1.52,1.485714,,,,0.0,30.481283,69.518717,0.0,0.0,0.0,1,0.7274,-0.0416,-3.28,FACING_CAMERA,FACING_CAMERA,FACING_CAMERA,1.0,1
1,C:\Users\homec\OneDrive\圖片\貓咪圖像資料集\白貓舔舐測試\lick_28.mp4,0,1,25.0,25.0,421,421,421,16.84,697.875,383.25,500.25,369.75,198.085564,0.30618162,441.2249,1399.8652,0.229924,1.0,NO_TARGET,,,NO_TARGET,,0,,0,0,0,0,3,7,0,0,0,0,0.0,4.56,10.4,0.0,0.0,0.0,,1.52,1.485714,,,,0.0,30.481283,69.518717,0.0,0.0,0.0,1,0.7265,-0.0409,-3.22,FACING_CAMERA,FACING_CAMERA,FACING_CAMERA,1.0,1
1,C:\Users\homec\OneDrive\圖片\貓咪圖像資料集\白貓舔舐測試\lick_28.mp4,0,1,25.0,25.0,422,422,422,16.88,697.125,384.375,500.25,369.75,197.417467,0.30513515,432.3134,1399.0746,0.225281,1.0,NO_TARGET,,,NO_TARGET,,0,,0,0,0,0,3,7,0,0,0,0,0.0,4.56,10.4,0.0,0.0,0.0,,1.52,1.485714,,,,0.0,30.481283,69.518717,0.0,0.0,0.0,1,0.7293,-0.0418,-3.28,FACING_CAMERA,FACING_CAMERA,FACING_CAMERA,1.0,1
1,C:\Users\homec\OneDrive\圖片\貓咪圖像資料集\白貓舔舐測試\lick_28.mp4,0,1,25.0,25.0,423,423,423,16.92,696.375,384.75,500.25,370.125,196.669536,0.30361444,425.5674,1398.392,0.221765,1.0,NO_TARGET,,,NO_TARGET,,0,,0,0,0,0,3,7,0,0,0,0,0.0,4.56,10.4,0.0,0.0,0.0,,1.52,1.485714,,,,0.0,30.481283,69.518717,0.0,0.0,0.0,1,0.7312,-0.0427,-3.34,FACING_CAMERA,FACING_CAMERA,FACING_CAMERA,1.0,1
1,C:\Users\homec\OneDrive\圖片\貓咪圖像資料集\白貓舔舐測試\lick_28.mp4,0,1,25.0,25.0,424,424,424,16.96,695.625,385.125,499.5,370.125,196.697777,0.30367183,424.9602,1398.7694,0.221449,1.0,NO_TARGET,,,NO_TARGET,,0,,0,0,0,0,3,7,0,0,0,0,0.0,4.56,10.4,0.0,0.0,0.0,,1.52,1.485714,,,,0.0,30.481283,69.518717,0.0,0.0,0.0,1,0.7325,-0.0415,-3.24,FACING_CAMERA,FACING_CAMERA,FACING_CAMERA,1.0,1
1,C:\Users\homec\OneDrive\圖片\貓咪圖像資料集\白貓舔舐測試\lick_28.mp4,0,1,25.0,25.0,425,425,425,17.0,695.25,385.125,499.5,370.125,196.323871,0.30347218,423.3603,1398.9258,0.220615,1.0,NO_TARGET,,,NO_TARGET,,0,,0,0,0,0,3,7,0,0,0,0,0.0,4.56,10.4,0.0,0.0,0.0,,1.52,1.485714,,,,0.0,30.481283,69.518717,0.0,0.0,0.0,1,0.7346,-0.0414,-3.23,FACING_CAMERA,FACING_CAMERA,FACING_CAMERA,1.0,1
1,C:\Users\homec\OneDrive\圖片\貓咪圖像資料集\白貓舔舐測試\lick_28.mp4,0,1,25.0,25.0,426,426,426,17.04,695.25,384.75,500.25,369.0,195.635024,0.30185688,419.713,1397.4823,0.218714,1.0,NO_TARGET,,,NO_TARGET,,0,,0,0,0,0,3,7,0,0,0,0,0.0,4.56,10.4,0.0,0.0,0.0,,1.52,1.485714,,,,0.0,30.481283,69.518717,0.0,0.0,0.0,1,0.7317,-0.0431,-3.37,FACING_CAMERA,FACING_CAMERA,FACING_CAMERA,1.0,1
1,C:\Users\homec\OneDrive\圖片\貓咪圖像資料集\白貓舔舐測試\lick_28.mp4,0,1,25.0,25.0,427,427,427,17.08,694.875,384.75,500.25,368.625,195.291849,0.3014876,420.6799,1397.6412,0.219218,1.0,NO_TARGET,,,NO_TARGET,,0,,0,0,0,0,3,7,0,0,0,0,0.0,4.56,10.4,0.0,0.0,0.0,,1.52,1.485714,,,,0.0,30.481283,69.518717,0.0,0.0,0.0,1,0.7323,-0.0439,-3.43,FACING_CAMERA,FACING_CAMERA,FACING_CAMERA,1.0,1
1,C:\Users\homec\OneDrive\圖片\貓咪圖像資料集\白貓舔舐測試\lick_28.mp4,0,1,25.0,25.0,428,428,428,17.12,696.0,384.75,499.5,368.25,197.191531,0.30442029,419.6519,1397.4574,0.218683,1.0,NO_TARGET,,,NO_TARGET,,0,,0,0,0,0,3,7,0,0,0,0,0.0,4.56,10.4,0.0,0.0,0.0,,1.52,1.485714,,,,0.0,30.481283,69.518717,0.0,0.0,0.0,1,0.7323,-0.0445,-3.48,FACING_CAMERA,FACING_CAMERA,FACING_CAMERA,1.0,1
1,C:\Users\homec\OneDrive\圖片\貓咪圖像資料集\白貓舔舐測試\lick_28.mp4,0,1,25.0,25.0,429,429,429,17.16,696.375,384.0,499.5,368.25,197.503995,0.30493026,418.4744,1396.8864,0.218069,1.0,NO_TARGET,,,NO_TARGET,,0,,0,0,0,0,3,7,0,0,0,0,0.0,4.56,10.4,0.0,0.0,0.0,,1.52,1.485714,,,,0.0,30.481283,69.518717,0.0,0.0,0.0,1,0.7323,-0.0448,-3.5,FACING_CAMERA,FACING_CAMERA,FACING_CAMERA,1.0,1
1,C:\Users\homec\OneDrive\圖片\貓咪圖像資料集\白貓舔舐測試\lick_28.mp4,0,1,25.0,25.0,430,430,430,17.2,696.375,382.5,500.25,367.875,196.669536,0.30275451,422.7052,1396.6193,0.220274,1.0,NO_TARGET,,,NO_TARGET,,0,,0,0,0,0,3,7,0,0,0,0,0.0,4.56,10.4,0.0,0.0,0.0,,1.52,1.485714,,,,0.0,30.481283,69.518717,0.0,0.0,0.0,1,0.728,-0.0468,-3.68,FACING_CAMERA,FACING_CAMERA,FACING_CAMERA,1.0,1
1,C:\Users\homec\OneDrive\圖片\貓咪圖像資料集\白貓舔舐測試\lick_28.mp4,0,1,25.0,25.0,431,431,431,17.24,696.75,381.75,501.0,367.5,196.267993,0.30248455,420.4184,1395.5628,0.219082,1.0,NO_TARGET,,,NO_TARGET,,0,,0,0,0,0,3,7,0,0,0,0,0.0,4.56,10.4,0.0,0.0,0.0,,1.52,1.485714,,,,0.0,30.481283,69.518717,0.0,0.0,0.0,1,0.7293,-0.0475,-3.73,FACING_CAMERA,FACING_CAMERA,FACING_CAMERA,1.0,1
1,C:\Users\homec\OneDrive\圖片\貓咪圖像資料集\白貓舔舐測試\lick_28.mp4,0,1,25.0,25.0,432,432,432,17.28,697.5,381.0,501.0,366.75,197.016021,0.30332838,424.1237,1395.4453,0.221013,1.0,NO_TARGET,,,NO_TARGET,,0,,0,0,0,0,3,7,0,0,0,0,0.0,4.56,10.4,0.0,0.0,0.0,,1.52,1.485714,,,,0.0,30.481283,69.518717,0.0,0.0,0.0,1,0.7251,-0.0479,-3.78,FACING_CAMERA,FACING_CAMERA,FACING_CAMERA,1.0,1
1,C:\Users\homec\OneDrive\圖片\貓咪圖像資料集\白貓舔舐測試\lick_28.mp4,0,1,25.0,25.0,433,433,433,17.32,698.625,379.875,501.0,365.625,198.138091,0.30395194,423.5691,1394.7529,0.220724,1.0,NO_TARGET,,,NO_TARGET,,0,,0,0,0,0,3,7,0,0,0,0,0.0,4.56,10.4,0.0,0.0,0.0,,1.52,1.485714,,,,0.0,30.481283,69.518717,0.0,0.0,0.0,1,0.7199,-0.0513,-4.08,FACING_CAMERA,FACING_CAMERA,FACING_CAMERA,1.0,1
1,C:\Users\homec\OneDrive\圖片\貓咪圖像資料集\白貓舔舐測試\lick_28.mp4,0,1,25.0,25.0,434,434,434,17.36,699.75,378.75,501.75,365.25,198.459694,0.30464725,425.3199,1395.3425,0.221636,1.0,NO_TARGET,,,NO_TARGET,,0,,0,0,0,0,3,7,0,0,0,0,0.0,4.56,10.4,0.0,0.0,0.0,,1.52,1.485714,,,,0.0,30.481283,69.518717,0.0,0.0,0.0,1,0.7189,-0.0516,-4.1,FACING_CAMERA,FACING_CAMERA,FACING_CAMERA,1.0,1
1,C:\Users\homec\OneDrive\圖片\貓咪圖像資料集\白貓舔舐測試\lick_28.mp4,0,1,25.0,25.0,435,435,435,17.4,699.75,377.625,502.5,364.5,197.686186,0.30305744,433.8372,1396.746,0.226075,1.0,NO_TARGET,,,NO_TARGET,,0,,0,0,0,0,3,7,0,0,0,0,0.0,4.56,10.4,0.0,0.0,0.0,,1.52,1.485714,,,,0.0,30.481283,69.518717,0.0,0.0,0.0,1,0.7131,-0.0539,-4.32,FACING_CAMERA,FACING_CAMERA,FACING_CAMERA,1.0,1
1,C:\Users\homec\OneDrive\圖片\貓咪圖像資料集\白貓舔舐測試\lick_28.mp4,0,1,25.0,25.0,436,436,436,17.44,701.25,376.125,502.5,364.125,199.111935,0.30544586,438.4366,1396.8535,0.228471,1.0,NO_TARGET,,,NO_TARGET,,0,,0,0,0,0,3,7,0,0,0,0,0.0,4.56,10.4,0.0,0.0,0.0,,1.52,1.485714,,,,0.0,30.481283,69.518717,0.0,0.0,0.0,1,0.7104,-0.054,-4.35,FACING_CAMERA,FACING_CAMERA,FACING_CAMERA,1.0,1
1,C:\Users\homec\OneDrive\圖片\貓咪圖像資料集\白貓舔舐測試\lick_28.mp4,0,1,25.0,25.0,437,437,437,17.48,702.0,375.375,502.5,363.75,199.838411,0.30693982,439.6243,1399.173,0.22909,1.0,NO_TARGET,,,NO_TARGET,,0,,0,0,0,0,3,7,0,0,0,0,0.0,4.56,10.4,0.0,0.0,0.0,,1.52,1.485714,,,,0.0,30.481283,69.518717,0.0,0.0,0.0,1,0.7106,-0.055,-4.43,FACING_CAMERA,FACING_CAMERA,FACING_CAMERA,1.0,1
1,C:\Users\homec\OneDrive\圖片\貓咪圖像資料集\白貓舔舐測試\lick_28.mp4,0,1,25.0,25.0,438,438,438,17.52,703.125,373.875,501.75,364.125,201.610895,0.30911594,450.7172,1400.2739,0.234871,1.0,NO_TARGET,,,NO_TARGET,,0,,0,0,0,0,3,7,0,0,0,0,0.0,4.56,10.4,0.0,0.0,0.0,,1.52,1.485714,,,,0.0,30.481283,69.518717,0.0,0.0,0.0,1,0.7038,-0.0562,-4.57,FACING_CAMERA,FACING_CAMERA,FACING_CAMERA,1.0,1
1,C:\Users\homec\OneDrive\圖片\貓咪圖像資料集\白貓舔舐測試\lick_28.mp4,0,1,25.0,25.0,439,439,439,17.56,703.125,372.75,501.75,364.125,201.559622,0.30868344,458.8091,1401.4978,0.239088,1.0,NO_TARGET,,,NO_TARGET,,0,,0,0,0,0,3,7,0,0,0,0,0.0,4.56,10.4,0.0,0.0,0.0,,1.52,1.485714,,,,0.0,30.481283,69.518717,0.0,0.0,0.0,1,0.7,-0.0576,-4.7,FACING_CAMERA,FACING_CAMERA,FACING_CAMERA,1.0,1
1,C:\Users\homec\OneDrive\圖片\貓咪圖像資料集\白貓舔舐測試\lick_28.mp4,0,1,25.0,25.0,440,440,440,17.6,703.5,371.25,501.75,364.5,201.862887,0.30859017,466.1681,1401.9626,0.242922,1.0,NO_TARGET,,,NO_TARGET,,0,,0,0,0,0,3,7,0,0,0,0,0.0,4.56,10.4,0.0,0.0,0.0,,1.52,1.485714,,,,0.0,30.481283,69.518717,0.0,0.0,0.0,1,0.6955,-0.0591,-4.86,FACING_CAMERA,FACING_CAMERA,FACING_CAMERA,1.0,1
1,C:\Users\homec\OneDrive\圖片\貓咪圖像資料集\白貓舔舐測試\lick_28.mp4,0,1,25.0,25.0,441,441,441,17.64,703.5,369.375,501.75,364.5,201.80889,0.3077762,478.3318,1403.0716,0.249261,1.0,NO_TARGET,,,NO_TARGET,,0,,0,0,0,0,3,7,0,0,0,0,0.0,4.56,10.4,0.0,0.0,0.0,,1.52,1.485714,,,,0.0,30.481283,69.518717,0.0,0.0,0.0,1,0.689,-0.0621,-5.15,FRONT_LEFT,FACING_CAMERA,FACING_CAMERA,1.0,1
1,C:\Users\homec\OneDrive\圖片\貓咪圖像資料集\白貓舔舐測試\lick_28.mp4,0,1,25.0,25.0,442,442,442,17.68,702.75,363.0,501.0,364.5,201.755576,0.30738583,520.5097,1404.369,0.27124,1.0,NO_TARGET,,,NO_TARGET,,0,,0,0,0,0,3,7,0,0,0,0,0.0,4.56,10.4,0.0,0.0,0.0,,1.52,1.485714,,,,0.0,30.481283,69.518717,0.0,0.0,0.0,1,0.6773,-0.0631,-5.32,FRONT_LEFT,FACING_CAMERA,FACING_CAMERA,1.0,1
1,C:\Users\homec\OneDrive\圖片\貓咪圖像資料集\白貓舔舐測試\lick_28.mp4,0,1,25.0,25.0,443,443,443,17.72,702.375,352.875,501.0,362.25,201.593108,0.30669398,551.168,1401.2741,0.287216,1.0,NO_TARGET,,,NO_TARGET,,0,,0,0,0,0,3,7,0,0,0,0,0.0,4.56,10.4,0.0,0.0,0.0,,1.52,1.485714,,,,0.0,30.481283,69.518717,0.0,0.0,0.0,1,0.6682,-0.0691,-5.91,FRONT_LEFT,FACING_CAMERA,FACING_CAMERA,1.0,1
1,C:\Users\homec\OneDrive\圖片\貓咪圖像資料集\白貓舔舐測試\lick_28.mp4,0,1,25.0,25.0,444,444,444,17.76,704.25,345.75,502.5,359.625,202.226551,0.30686064,563.8568,1398.823,0.293828,1.0,NO_TARGET,,,NO_TARGET,,0,,0,0,0,0,3,7,0,0,0,0,0.0,4.56,10.4,0.0,0.0,0.0,,1.52,1.485714,,,,0.0,30.481283,69.518717,0.0,0.0,0.0,1,0.6599,-0.0781,-6.75,FRONT_LEFT,FACING_CAMERA,FACING_CAMERA,1.0,1
1,C:\Users\homec\OneDrive\圖片\貓咪圖像資料集\白貓舔舐測試\lick_28.mp4,0,1,25.0,25.0,445,445,445,17.8,706.875,341.625,504.75,355.875,202.626696,0.30656052,566.9378,1397.2553,0.295434,1.0,NO_TARGET,,,NO_TARGET,,0,,0,0,0,0,3,7,0,0,0,0,0.0,4.56,10.4,0.0,0.0,0.0,,1.52,1.485714,,,,0.0,30.481283,69.518717,0.0,0.0,0.0,1,0.6507,-0.0871,-7.62,FRONT_LEFT,FACING_CAMERA,FACING_CAMERA,1.0,1
1,C:\Users\homec\OneDrive\圖片\貓咪圖像資料集\白貓舔舐測試\lick_28.mp4,0,1,25.0,25.0,446,446,446,17.84,708.75,336.5625,507.0,353.25,202.438966,0.30547324,587.7339,1395.0403,0.306271,1.0,NO_TARGET,,,NO_TARGET,,0,,0,0,0,0,3,7,0,0,0,0,0.0,4.56,10.4,0.0,0.0,0.0,,1.52,1.485714,,,,0.0,30.481283,69.518717,0.0,0.0,0.0,1,0.6395,-0.0908,-8.08,FRONT_LEFT,FACING_CAMERA,FACING_CAMERA,1.0,1
1,C:\Users\homec\OneDrive\圖片\貓咪圖像資料集\白貓舔舐測試\lick_28.mp4,0,1,25.0,25.0,447,447,447,17.88,711.0,330.9375,507.75,351.0,204.237769,0.30719413,609.375,1392.9384,0.317548,1.0,NO_TARGET,,,NO_TARGET,,0,,0,0,0,0,3,7,0,0,0,0,0.0,4.56,10.4,0.0,0.0,0.0,,1.52,1.485714,,,,0.0,30.481283,69.518717,0.0,0.0,0.0,1,0.628,-0.0984,-8.91,FRONT_LEFT,FACING_CAMERA,FACING_CAMERA,1.0,1
1,C:\Users\homec\OneDrive\圖片\貓咪圖像資料集\白貓舔舐測試\lick_28.mp4,0,1,25.0,25.0,448,448,448,17.92,713.625,327.75,510.75,348.75,203.95898,0.30614175,620.483,1392.9575,0.323337,1.0,NO_TARGET,,,NO_TARGET,,0,,0,0,0,0,3,7,0,0,0,0,0.0,4.56,10.4,0.0,0.0,0.0,,1.52,1.485714,,,,0.0,30.481283,69.518717,0.0,0.0,0.0,1,0.6178,-0.1079,-9.91,FRONT_LEFT,FACING_CAMERA,FACING_CAMERA,1.0,1
1,C:\Users\homec\OneDrive\圖片\貓咪圖像資料集\白貓舔舐測試\lick_28.mp4,0,1,25.0,25.0,449,449,449,17.96,717.0,324.375,511.5,346.5,206.687604,0.31007427,628.69,1393.1658,0.327613,1.0,NO_TARGET,,,NO_TARGET,,0,,0,0,0,0,3,7,0,0,0,0,0.0,4.56,10.4,0.0,0.0,0.0,,1.52,1.485714,,,,0.0,30.481283,69.518717,0.0,0.0,0.0,1,0.6123,-0.1142,-10.56,FRONT_LEFT,FACING_CAMERA,FACING_CAMERA,1.0,1
1,C:\Users\homec\OneDrive\圖片\貓咪圖像資料集\白貓舔舐測試\lick_28.mp4,0,1,25.0,25.0,450,450,450,18.0,720.0,322.875,512.25,345.5625,208.985131,0.31315825,650.5802,1394.3316,0.33902,1.0,NO_TARGET,,,NO_TARGET,,0,,0,0,0,0,3,7,0,0,0,0,0.0,4.56,10.4,0.0,0.0,0.0,,1.52,1.485714,,,,0.0,30.481283,69.518717,0.0,0.0,0.0,1,0.6021,-0.1208,-11.34,FRONT_LEFT,FACING_CAMERA,FACING_CAMERA,1.0,1
1,C:\Users\homec\OneDrive\圖片\貓咪圖像資料集\白貓舔舐測試\lick_28.mp4,0,1,25.0,25.0,451,451,451,18.04,721.125,322.125,514.5,343.3125,207.708451,0.31019038,643.8613,1396.3785,0.335519,1.0,NO_TARGET,,,NO_TARGET,,0,,0,0,0,0,3,7,0,0,0,0,0.0,4.56,10.4,0.0,0.0,0.0,,1.52,1.485714,,,,0.0,30.481283,69.518717,0.0,0.0,0.0,1,0.5976,-0.1235,-11.68,FRONT_LEFT,FACING_CAMERA,FACING_CAMERA,1.0,1
1,C:\Users\homec\OneDrive\圖片\貓咪圖像資料集\白貓舔舐測試\lick_28.mp4,0,1,25.0,25.0,452,452,452,18.08,721.5,321.75,515.25,342.375,207.278685,0.30939757,643.3042,1397.7854,0.335229,1.0,NO_TARGET,,,NO_TARGET,,0,,0,0,0,0,3,7,0,0,0,0,0.0,4.56,10.4,0.0,0.0,0.0,,1.52,1.485714,,,,0.0,30.481283,69.518717,0.0,0.0,0.0,1,0.5965,-0.1238,-11.73,FRONT_LEFT,FACING_CAMERA,FACING_CAMERA,1.0,1
1,C:\Users\homec\OneDrive\圖片\貓咪圖像資料集\白貓舔舐測試\lick_28.mp4,0,1,25.0,25.0,453,453,453,18.12,721.875,321.75,515.25,342.375,207.651827,0.30995455,642.2045,1398.4432,0.334656,1.0,NO_TARGET,,,NO_TARGET,,0,,0,0,0,0,3,7,0,0,0,0,0.0,4.56,10.4,0.0,0.0,0.0,,1.52,1.485714,,,,0.0,30.481283,69.518717,0.0,0.0,0.0,1,0.5954,-0.1238,-11.74,FRONT_LEFT,FACING_CAMERA,FACING_CAMERA,1.0,1
1,C:\Users\homec\OneDrive\圖片\貓咪圖像資料集\白貓舔舐測試\lick_28.mp4,0,1,25.0,25.0,454,454,454,18.16,722.25,323.0625,515.25,342.75,207.934119,0.31071211,638.607,1400.8395,0.332781,1.0,NO_TARGET,,,NO_TARGET,,0,,0,0,0,0,3,7,0,0,0,0,0.0,4.56,10.4,0.0,0.0,0.0,,1.52,1.485714,,,,0.0,30.481283,69.518717,0.0,0.0,0.0,1,0.5972,-0.1224,-11.58,FRONT_LEFT,FACING_CAMERA,FACING_CAMERA,1.0,1
1,C:\Users\homec\OneDrive\圖片\貓咪圖像資料集\白貓舔舐測試\lick_28.mp4,0,1,25.0,25.0,455,455,455,18.2,722.625,324.0,515.25,343.125,208.255027,0.31150641,635.1036,1404.2529,0.330955,1.0,NO_TARGET,,,NO_TARGET,,0,,0,0,0,0,3,7,0,0,0,0,0.0,4.56,10.4,0.0,0.0,0.0,,1.52,1.485714,,,,0.0,30.481283,69.518717,0.0,0.0,0.0,1,0.5988,-0.1222,-11.54,FRONT_LEFT,FACING_CAMERA,FACING_CAMERA,1.0,1
1,C:\Users\homec\OneDrive\圖片\貓咪圖像資料集\白貓舔舐測試\lick_28.mp4,0,1,25.0,25.0,456,456,456,18.24,722.625,325.875,515.25,344.0625,208.171025,0.3114033,630.1757,1405.7222,0.328388,1.0,NO_TARGET,,,NO_TARGET,,0,,0,0,0,0,3,7,0,0,0,0,0.0,4.56,10.4,0.0,0.0,0.0,,1.52,1.485714,,,,0.0,30.481283,69.518717,0.0,0.0,0.0,1,0.6013,-0.1206,-11.34,FRONT_LEFT,FACING_CAMERA,FACING_CAMERA,1.0,1
1,C:\Users\homec\OneDrive\圖片\貓咪圖像資料集\白貓舔舐測試\lick_28.mp4,0,1,25.0,25.0,457,457,457,18.28,722.625,327.0,515.25,345.0,208.154728,0.31157551,625.2215,1406.794,0.325806,1.0,NO_TARGET,,,NO_TARGET,,0,,0,0,0,0,3,7,0,0,0,0,0.0,4.56,10.4,0.0,0.0,0.0,,1.52,1.485714,,,,0.0,30.481283,69.518717,0.0,0.0,0.0,1,0.6032,-0.1201,-11.26,FRONT_LEFT,FACING_CAMERA,FACING_CAMERA,1.0,1
1,C:\Users\homec\OneDrive\圖片\貓咪圖像資料集\白貓舔舐測試\lick_28.mp4,0,1,25.0,25.0,458,458,458,18.32,723.0,327.375,514.5,344.8125,209.227905,0.31331238,621.2534,1406.9032,0.323738,1.0,NO_TARGET,,,NO_TARGET,,0,,0,0,0,0,3,7,0,0,0,0,0.0,4.56,10.4,0.0,0.0,0.0,,1.52,1.485714,,,,0.0,30.481283,69.518717,0.0,0.0,0.0,1,0.6036,-0.1204,-11.28,FRONT_LEFT,FACING_CAMERA,FACING_CAMERA,1.0,1
1,C:\Users\homec\OneDrive\圖片\貓咪圖像資料集\白貓舔舐測試\lick_28.mp4,0,1,25.0,25.0,459,459,459,18.36,723.75,327.75,514.5,345.0,209.959818,0.31496075,616.6347,1407.1845,0.321331,1.0,NO_TARGET,,,NO_TARGET,,0,,0,0,0,0,3,7,0,0,0,0,0.0,4.56,10.4,0.0,0.0,0.0,,1.52,1.485714,,,,0.0,30.481283,69.518717,0.0,0.0,0.0,1,0.6063,-0.1184,-11.05,FRONT_LEFT,FACING_CAMERA,FACING_CAMERA,1.0,1
1,C:\Users\homec\OneDrive\圖片\貓咪圖像資料集\白貓舔舐測試\lick_28.mp4,0,1,25.0,25.0,460,460,460,18.4,724.5,328.6875,514.5,345.0,210.632613,0.31597001,609.5798,1407.6102,0.317655,1.0,NO_TARGET,,,NO_TARGET,,0,,0,0,0,0,3,7,0,0,0,0,0.0,4.56,10.4,0.0,0.0,0.0,,1.52,1.485714,,,,0.0,30.481283,69.518717,0.0,0.0,0.0,1,0.6086,-0.1169,-10.87,FRONT_LEFT,FACING_CAMERA,FACING_CAMERA,1.0,1
1,C:\Users\homec\OneDrive\圖片\貓咪圖像資料集\白貓舔舐測試\lick_28.mp4,0,1,25.0,25.0,461,461,461,18.44,724.5,329.4375,514.5,345.0,210.575857,0.31603927,607.0712,1407.959,0.316348,1.0,NO_TARGET,,,NO_TARGET,,0,,0,0,0,0,3,7,0,0,0,0,0.0,4.56,10.4,0.0,0.0,0.0,,1.52,1.485714,,,,0.0,30.481283,69.518717,0.0,0.0,0.0,1,0.6085,-0.1176,-10.94,FRONT_LEFT,FACING_CAMERA,FACING_CAMERA,1.0,1
1,C:\Users\homec\OneDrive\圖片\貓咪圖像資料集\白貓舔舐測試\lick_28.mp4,0,1,25.0,25.0,462,462,462,18.48,724.5,329.25,514.5,345.0,210.589797,0.3164272,607.0784,1407.8654,0.316351,1.0,NO_TARGET,,,NO_TARGET,,0,,0,0,0,0,3,7,0,0,0,0,0.0,4.56,10.4,0.0,0.0,0.0,,1.52,1.485714,,,,0.0,30.481283,69.518717,0.0,0.0,0.0,1,0.6098,-0.1172,-10.88,FRONT_LEFT,FACING_CAMERA,FACING_CAMERA,1.0,1
1,C:\Users\homec\OneDrive\圖片\貓咪圖像資料集\白貓舔舐測試\lick_28.mp4,0,1,25.0,25.0,463,463,463,18.52,724.5,329.25,514.5,345.0,210.589797,0.31624938,604.5945,1407.8337,0.315057,1.0,NO_TARGET,,,NO_TARGET,,0,,0,0,0,0,3,7,0,0,0,0,0.0,4.56,10.4,0.0,0.0,0.0,,1.52,1.485714,,,,0.0,30.481283,69.518717,0.0,0.0,0.0,1,0.6098,-0.1172,-10.88,FRONT_LEFT,FACING_CAMERA,FACING_CAMERA,1.0,1
1,C:\Users\homec\OneDrive\圖片\貓咪圖像資料集\白貓舔舐測試\lick_28.mp4,0,1,25.0,25.0,464,464,464,18.56,725.25,329.4375,514.5,345.0,211.323813,0.31735167,602.5161,1407.8904,0.313974,1.0,NO_TARGET,,,NO_TARGET,,0,,0,0,0,0,3,7,0,0,0,0,0.0,4.56,10.4,0.0,0.0,0.0,,1.52,1.485714,,,,0.0,30.481283,69.518717,0.0,0.0,0.0,1,0.6109,-0.1172,-10.86,FRONT_LEFT,FACING_CAMERA,FACING_CAMERA,1.0,1
1,C:\Users\homec\OneDrive\圖片\貓咪圖像資料集\白貓舔舐測試\lick_28.mp4,0,1,25.0,25.0,465,465,465,18.6,725.25,329.25,514.5,344.625,211.310088,0.31750949,602.4657,1407.6084,0.313948,1.0,NO_TARGET,,,NO_TARGET,,0,,0,0,0,0,3,7,0,0,0,0,0.0,4.56,10.4,0.0,0.0,0.0,,1.52,1.485714,,,,0.0,30.481283,69.518717,0.0,0.0,0.0,1,0.6104,-0.1178,-10.93,FRONT_LEFT,FACING_CAMERA,FACING_CAMERA,1.0,1
1,C:\Users\homec\OneDrive\圖片\貓咪圖像資料集\白貓舔舐測試\lick_28.mp4,0,1,25.0,25.0,466,466,466,18.64,726.0,329.8125,515.25,344.625,211.269905,0.31727072,603.1853,1407.8891,0.314323,1.0,NO_TARGET,,,NO_TARGET,,0,,0,0,0,0,3,7,0,0,0,0,0.0,4.56,10.4,0.0,0.0,0.0,,1.52,1.485714,,,,0.0,30.481283,69.518717,0.0,0.0,0.0,1,0.6097,-0.1177,-10.93,FRONT_LEFT,FACING_CAMERA,FACING_CAMERA,1.0,1
1,C:\Users\homec\OneDrive\圖片\貓咪圖像資料集\白貓舔舐測試\lick_28.mp4,0,1,25.0,25.0,467,467,467,18.68,727.125,330.1875,514.5,344.8125,213.127383,0.31986868,602.0949,1408.1488,0.313754,1.0,NO_TARGET,,,NO_TARGET,,0,,0,0,0,0,3,7,0,0,0,0,0.0,4.56,10.4,0.0,0.0,0.0,,1.52,1.485714,,,,0.0,30.481283,69.518717,0.0,0.0,0.0,1,0.609,-0.1182,-10.99,FRONT_LEFT,FACING_CAMERA,FACING_CAMERA,1.0,1
1,C:\Users\homec\OneDrive\圖片\貓咪圖像資料集\白貓舔舐測試\lick_28.mp4,0,1,25.0,25.0,468,468,468,18.72,729.75,331.875,514.5,344.4375,215.616277,0.32325283,591.9909,1408.5446,0.308489,1.0,NO_TARGET,,,NO_TARGET,,0,,0,0,0,0,3,7,0,0,0,0,0.0,4.56,10.4,0.0,0.0,0.0,,1.52,1.485714,,,,0.0,30.481283,69.518717,0.0,0.0,0.0,1,0.6084,-0.118,-10.98,FRONT_LEFT,FACING_CAMERA,FACING_CAMERA,1.0,1
1,C:\Users\homec\OneDrive\圖片\貓咪圖像資料集\白貓舔舐測試\lick_28.mp4,0,1,25.0,25.0,469,469,469,18.76,730.125,332.0625,515.25,344.4375,215.231053,0.32265164,591.2805,1408.6017,0.308119,1.0,NO_TARGET,,,NO_TARGET,,0,,0,0,0,0,3,7,0,0,0,0,0.0,4.56,10.4,0.0,0.0,0.0,,1.52,1.485714,,,,0.0,30.481283,69.518717,0.0,0.0,0.0,1,0.6077,-0.1186,-11.05,FRONT_LEFT,FACING_CAMERA,FACING_CAMERA,1.0,1
1,C:\Users\homec\OneDrive\圖片\貓咪圖像資料集\白貓舔舐測試\lick_28.mp4,0,1,25.0,25.0,470,470,470,18.8,730.875,332.25,514.5,344.25,216.7075,0.32507117,588.7703,1408.5251,0.306811,1.0,NO_TARGET,,,NO_TARGET,,0,,0,0,0,0,3,7,0,0,0,0,0.0,4.56,10.4,0.0,0.0,0.0,,1.52,1.485714,,,,0.0,30.481283,69.518717,0.0,0.0,0.0,1,0.6079,-0.1175,-10.94,FRONT_LEFT,FACING_CAMERA,FACING_CAMERA,1.0,1
1,C:\Users\homec\OneDrive\圖片\貓咪圖像資料集\白貓舔舐測試\lick_28.mp4,0,1,25.0,25.0,471,471,471,18.84,732.375,333.375,515.25,344.25,217.397174,0.32664382,582.2222,1408.8169,0.303399,1.0,NO_TARGET,,,NO_TARGET,,0,,0,0,0,0,3,7,0,0,0,0,0.0,4.56,10.4,0.0,0.0,0.0,,1.52,1.485714,,,,0.0,30.481283,69.518717,0.0,0.0,0.0,1,0.6097,-0.1184,-10.99,FRONT_LEFT,FACING_CAMERA,FACING_CAMERA,1.0,1
1,C:\Users\homec\OneDrive\圖片\貓咪圖像資料集\白貓舔舐測試\lick_28.mp4,0,1,25.0,25.0,472,472,472,18.88,735.0,333.5625,514.5,343.5,220.723818,0.33070031,581.9768,1408.489,0.303271,1.0,NO_TARGET,,,NO_TARGET,,0,,0,0,0,0,3,7,0,0,0,0,0.0,4.56,10.4,0.0,0.0,0.0,,1.52,1.485714,,,,0.0,30.481283,69.518717,0.0,0.0,0.0,1,0.6054,-0.1179,-11.02,FRONT_LEFT,FACING_CAMERA,FACING_CAMERA,1.0,1
1,C:\Users\homec\OneDrive\圖片\貓咪圖像資料集\白貓舔舐測試\lick_28.mp4,0,1,25.0,25.0,473,473,473,18.92,739.125,333.9375,514.5,342.75,224.7978,0.33738404,570.1685,1407.6569,0.297118,1.0,NO_TARGET,,,NO_TARGET,,0,,0,0,0,0,3,7,0,0,0,0,0.0,4.56,10.4,0.0,0.0,0.0,,1.52,1.485714,,,,0.0,30.481283,69.518717,0.0,0.0,0.0,1,0.6062,-0.1181,-11.02,FRONT_LEFT,FACING_CAMERA,FACING_CAMERA,1.0,1
1,C:\Users\homec\OneDrive\圖片\貓咪圖像資料集\白貓舔舐測試\lick_28.mp4,0,1,25.0,25.0,474,474,474,18.96,741.75,333.0,514.5,342.375,227.443297,0.34173833,562.9678,1406.5157,0.293365,1.0,NO_TARGET,,,NO_TARGET,,0,,0,0,0,0,3,7,0,0,0,0,0.0,4.56,10.4,0.0,0.0,0.0,,1.52,1.485714,,,,0.0,30.481283,69.518717,0.0,0.0,0.0,1,0.6074,-0.1183,-11.02,FRONT_LEFT,FACING_CAMERA,FACING_CAMERA,1.0,1
1,C:\Users\homec\OneDrive\圖片\貓咪圖像資料集\白貓舔舐測試\lick_28.mp4,0,1,25.0,25.0,475,475,475,19.0,744.75,334.125,514.5,341.8125,230.378298,0.34575943,554.358,1406.1326,0.288879,1.0,NO_TARGET,,,NO_TARGET,,0,,0,0,0,0,3,7,0,0,0,0,0.0,4.56,10.4,0.0,0.0,0.0,,1.52,1.485714,,,,0.0,30.481283,69.518717,0.0,0.0,0.0,1,0.6062,-0.1181,-11.02,FRONT_LEFT,FACING_CAMERA,FACING_CAMERA,1.0,1
1,C:\Users\homec\OneDrive\圖片\貓咪圖像資料集\白貓舔舐測試\lick_28.mp4,0,1,25.0,25.0,476,476,476,19.04,746.625,334.875,514.5,342.0,232.234324,0.34832359,548.8196,1406.1253,0.285993,1.0,NO_TARGET,,,NO_TARGET,,0,,0,0,0,0,3,7,0,0,0,0,0.0,4.56,10.4,0.0,0.0,0.0,,1.52,1.485714,,,,0.0,30.481283,69.518717,0.0,0.0,0.0,1,0.6043,-0.1191,-11.15,FRONT_LEFT,FACING_CAMERA,FACING_CAMERA,1.0,1
1,C:\Users\homec\OneDrive\圖片\貓咪圖像資料集\白貓舔舐測試\lick_28.mp4,0,1,25.0,25.0,477,477,477,19.08,749.25,333.75,513.75,341.25,235.619396,0.35379791,546.7026,1404.9496,0.284889,1.0,NO_TARGET,,,NO_TARGET,,0,,0,0,0,0,3,7,0,0,0,0,0.0,4.56,10.4,0.0,0.0,0.0,,1.52,1.485714,,,,0.0,30.481283,69.518717,0.0,0.0,0.0,1,0.605,-0.1187,-11.1,FRONT_LEFT,FACING_CAMERA,FACING_CAMERA,1.0,1
1,C:\Users\homec\OneDrive\圖片\貓咪圖像資料集\白貓舔舐測試\lick_28.mp4,0,1,25.0,25.0,478,478,478,19.12,752.25,333.0,513.75,340.875,238.629976,0.35831849,538.6285,1403.5833,0.280682,1.0,NO_TARGET,,,NO_TARGET,,0,,0,0,0,0,3,7,0,0,0,0,0.0,4.56,10.4,0.0,0.0,0.0,,1.52,1.485714,,,,0.0,30.481283,69.518717,0.0,0.0,0.0,1,0.6038,-0.1187,-11.12,FRONT_LEFT,FACING_CAMERA,FACING_CAMERA,1.0,1
1,C:\Users\homec\OneDrive\圖片\貓咪圖像資料集\白貓舔舐測試\lick_28.mp4,0,1,25.0,25.0,479,479,479,19.16,753.375,333.75,513.0,340.5,240.469755,0.36128402,539.7244,1403.8508,0.281253,1.0,NO_TARGET,,,NO_TARGET,,0,,0,0,0,0,3,7,0,0,0,0,0.0,4.56,10.4,0.0,0.0,0.0,,1.52,1.485714,,,,0.0,30.481283,69.518717,0.0,0.0,0.0,1,0.6027,-0.1192,-11.19,FRONT_LEFT,FACING_CAMERA,FACING_CAMERA,1.0,1
1,C:\Users\homec\OneDrive\圖片\貓咪圖像資料集\白貓舔舐測試\lick_28.mp4,0,1,25.0,25.0,480,480,480,19.2,753.375,333.375,513.0,340.5,240.480574,0.36066482,542.3039,1403.8861,0.282597,1.0,NO_TARGET,,,NO_TARGET,,0,,0,0,0,0,3,7,0,0,0,0,0.0,4.56,10.4,0.0,0.0,0.0,,1.52,1.485714,,,,0.0,30.481283,69.518717,0.0,0.0,0.0,1,0.6001,-0.1201,-11.31,FRONT_LEFT,FACING_CAMERA,FACING_CAMERA,1.0,1
1,C:\Users\homec\OneDrive\圖片\貓咪圖像資料集\白貓舔舐測試\lick_28.mp4,0,1,25.0,25.0,481,481,481,19.24,751.125,334.3125,513.75,341.25,237.476356,0.35577336,550.8379,1405.48,0.287044,1.0,NO_TARGET,,,NO_TARGET,,0,,0,0,0,0,3,7,0,0,0,0,0.0,4.56,10.4,0.0,0.0,0.0,,1.52,1.485714,,,,0.0,30.481283,69.518717,0.0,0.0,0.0,1,0.599,-0.1198,-11.31,FRONT_LEFT,FACING_CAMERA,FACING_CAMERA,1.0,1
1,C:\Users\homec\OneDrive\圖片\貓咪圖像資料集\白貓舔舐測試\lick_28.mp4,0,1,25.0,25.0,482,482,482,19.28,750.375,332.625,513.75,341.0625,236.775383,0.35473647,555.7998,1403.8969,0.28963,1.0,NO_TARGET,,,NO_TARGET,,0,,0,0,0,0,3,7,0,0,0,0,0.0,4.56,10.4,0.0,0.0,0.0,,1.52,1.485714,,,,0.0,30.481283,69.518717,0.0,0.0,0.0,1,0.5985,-0.1197,-11.31,FRONT_LEFT,FACING_CAMERA,FACING_CAMERA,1.0,1
1,C:\Users\homec\OneDrive\圖片\貓咪圖像資料集\白貓舔舐測試\lick_28.mp4,0,1,25.0,25.0,483,483,483,19.32,749.25,332.625,513.0,341.625,236.421366,0.35460365,563.4694,1404.5802,0.293627,1.0,NO_TARGET,,,NO_TARGET,,0,,0,0,0,0,3,7,0,0,0,0,0.0,4.56,10.4,0.0,0.0,0.0,,1.52,1.485714,,,,0.0,30.481283,69.518717,0.0,0.0,0.0,1,0.5991,-0.1199,-11.32,FRONT_LEFT,FACING_CAMERA,FACING_CAMERA,1.0,1
1,C:\Users\homec\OneDrive\圖片\貓咪圖像資料集\白貓舔舐測試\lick_28.mp4,0,1,25.0,25.0,484,484,484,19.36,747.375,332.625,513.0,342.375,234.577712,0.35204906,576.0516,1405.1103,0.300183,1.0,NO_TARGET,,,NO_TARGET,,0,,0,0,0,0,3,7,0,0,0,0,0.0,4.56,10.4,0.0,0.0,0.0,,1.52,1.485714,,,,0.0,30.481283,69.518717,0.0,0.0,0.0,1,0.5981,-0.1198,-11.33,FRONT_LEFT,FACING_CAMERA,FACING_CAMERA,1.0,1
1,C:\Users\homec\OneDrive\圖片\貓咪圖像資料集\白貓舔舐測試\lick_28.mp4,0,1,25.0,25.0,485,485,485,19.4,747.375,331.5,513.0,342.5625,234.63593,0.35154418,576.1071,1404.1756,0.300212,1.0,NO_TARGET,,,NO_TARGET,,0,,0,0,0,0,3,7,0,0,0,0,0.0,4.56,10.4,0.0,0.0,0.0,,1.52,1.485714,,,,0.0,30.481283,69.518717,0.0,0.0,0.0,1,0.5974,-0.1202,-11.37,FRONT_LEFT,FACING_CAMERA,FACING_CAMERA,1.0,1
1,C:\Users\homec\OneDrive\圖片\貓咪圖像資料集\白貓舔舐測試\lick_28.mp4,0,1,25.0,25.0,486,486,486,19.44,747.375,332.25,513.75,342.375,233.844299,0.35034512,576.4107,1403.9762,0.30037,1.0,NO_TARGET,,,NO_TARGET,,0,,0,0,0,0,3,7,0,0,0,0,0.0,4.56,10.4,0.0,0.0,0.0,,1.52,1.485714,,,,0.0,30.481283,69.518717,0.0,0.0,0.0,1,0.5956,-0.1207,-11.45,FRONT_LEFT,FACING_CAMERA,FACING_CAMERA,1.0,1
1,C:\Users\homec\OneDrive\圖片\貓咪圖像資料集\白貓舔舐測試\lick_28.mp4,0,1,25.0,25.0,487,487,487,19.48,747.375,332.8125,513.75,342.375,233.820619,0.35089978,578.9578,1404.2997,0.301698,1.0,NO_TARGET,,,NO_TARGET,,0,,0,0,0,0,3,7,0,0,0,0,0.0,4.56,10.4,0.0,0.0,0.0,,1.52,1.485714,,,,0.0,30.481283,69.518717,0.0,0.0,0.0,1,0.5969,-0.1204,-11.4,FRONT_LEFT,FACING_CAMERA,FACING_CAMERA,1.0,1
1,C:\Users\homec\OneDrive\圖片\貓咪圖像資料集\白貓舔舐測試\lick_28.mp4,0,1,25.0,25.0,488,488,488,19.52,747.375,332.8125,513.75,342.1875,233.813026,0.35031126,576.3514,1404.0726,0.300339,1.0,NO_TARGET,,,NO_TARGET,,0,,0,0,0,0,3,7,0,0,0,0,0.0,4.56,10.4,0.0,0.0,0.0,,1.52,1.485714,,,,0.0,30.481283,69.518717,0.0,0.0,0.0,1,0.5957,-0.1206,-11.45,FRONT_LEFT,FACING_CAMERA,FACING_CAMERA,1.0,1
1,C:\Users\homec\OneDrive\圖片\貓咪圖像資料集\白貓舔舐測試\lick_28.mp4,0,1,25.0,25.0,489,489,489,19.56,746.625,332.625,513.75,342.375,233.079017,0.34939445,578.3713,1404.156,0.301392,1.0,NO_TARGET,,,NO_TARGET,,0,,0,0,0,0,3,7,0,0,0,0,0.0,4.56,10.4,0.0,0.0,0.0,,1.52,1.485714,,,,0.0,30.481283,69.518717,0.0,0.0,0.0,1,0.5962,-0.1213,-11.5,FRONT_LEFT,FACING_CAMERA,FACING_CAMERA,1.0,1
1,C:\Users\homec\OneDrive\圖片\貓咪圖像資料集\白貓舔舐測試\lick_28.mp4,0,1,25.0,25.0,490,490,490,19.6,746.625,332.8125,513.75,342.75,233.086936,0.34960241,580.8058,1404.5527,0.302661,1.0,NO_TARGET,,,NO_TARGET,,0,,0,0,0,0,3,7,0,0,0,0,0.0,4.56,10.4,0.0,0.0,0.0,,1.52,1.485714,,,,0.0,30.481283,69.518717,0.0,0.0,0.0,1,0.5962,-0.1214,-11.51,FRONT_LEFT,FACING_CAMERA,FACING_CAMERA,1.0,1
1,C:\Users\homec\OneDrive\圖片\貓咪圖像資料集\白貓舔舐測試\lick_28.mp4,0,1,25.0,25.0,491,491,491,19.64,745.5,332.25,513.0,342.75,232.736976,0.34867309,583.7406,1404.4436,0.30419,1.0,NO_TARGET,,,NO_TARGET,,0,,0,0,0,0,3,7,0,0,0,0,0.0,4.56,10.4,0.0,0.0,0.0,,1.52,1.485714,,,,0.0,30.481283,69.518717,0.0,0.0,0.0,1,0.5954,-0.1218,-11.56,FRONT_LEFT,FACING_CAMERA,FACING_CAMERA,1.0,1
1,C:\Users\homec\OneDrive\圖片\貓咪圖像資料集\白貓舔舐測試\lick_28.mp4,0,1,25.0,25.0,492,492,492,19.68,745.125,332.625,513.75,342.9375,231.604703,0.34700264,585.2147,1404.8147,0.304958,1.0,NO_TARGET,,,NO_TARGET,,0,,0,0,0,0,3,7,0,0,0,0,0.0,4.56,10.4,0.0,0.0,0.0,,1.52,1.485714,,,,0.0,30.481283,69.518717,0.0,0.0,0.0,1,0.5962,-0.1206,-11.44,FRONT_LEFT,FACING_CAMERA,FACING_CAMERA,1.0,1
1,C:\Users\homec\OneDrive\圖片\貓咪圖像資料集\白貓舔舐測試\lick_28.mp4,0,1,25.0,25.0,493,493,493,19.72,745.125,332.4375,513.75,342.75,231.604703,0.34718439,585.1623,1404.625,0.304931,1.0,NO_TARGET,,,NO_TARGET,,0,,0,0,0,0,3,7,0,0,0,0,0.0,4.56,10.4,0.0,0.0,0.0,,1.52,1.485714,,,,0.0,30.481283,69.518717,0.0,0.0,0.0,1,0.5956,-0.1213,-11.51,FRONT_LEFT,FACING_CAMERA,FACING_CAMERA,1.0,1
1,C:\Users\homec\OneDrive\圖片\貓咪圖像資料集\白貓舔舐測試\lick_28.mp4,0,1,25.0,25.0,494,494,494,19.76,745.125,332.4375,513.0,342.375,232.33762,0.34811353,582.3174,1404.3322,0.303448,1.0,NO_TARGET,,,NO_TARGET,,0,,0,0,0,0,3,7,0,0,0,0,0.0,4.56,10.4,0.0,0.0,0.0,,1.52,1.485714,,,,0.0,30.481283,69.518717,0.0,0.0,0.0,1,0.5974,-0.1207,-11.42,FRONT_LEFT,FACING_CAMERA,FACING_CAMERA,1.0,1
1,C:\Users\homec\OneDrive\圖片\貓咪圖像資料集\白貓舔舐測試\lick_28.mp4,0,1,25.0,25.0,495,495,495,19.8,745.125,332.4375,513.75,342.375,231.588308,0.34657663,582.6924,1404.3322,0.303644,1.0,NO_TARGET,,,NO_TARGET,,0,,0,0,0,0,3,7,0,0,0,0,0.0,4.56,10.4,0.0,0.0,0.0,,1.52,1.485714,,,,0.0,30.481283,69.518717,0.0,0.0,0.0,1,0.5943,-0.121,-11.51,FRONT_LEFT,FACING_CAMERA,FACING_CAMERA,1.0,1
1,C:\Users\homec\OneDrive\圖片\貓咪圖像資料集\白貓舔舐測試\lick_28.mp4,0,1,25.0,25.0,496,496,496,19.84,745.125,332.625,513.0,342.375,232.329676,0.3478809,584.8134,1404.5363,0.304749,1.0,NO_TARGET,,,NO_TARGET,,0,,0,0,0,0,3,7,0,0,0,0,0.0,4.56,10.4,0.0,0.0,0.0,,1.52,1.485714,,,,0.0,30.481283,69.518717,0.0,0.0,0.0,1,0.5949,-0.1211,-11.51,FRONT_LEFT,FACING_CAMERA,FACING_CAMERA,1.0,1
1,C:\Users\homec\OneDrive\圖片\貓咪圖像資料集\白貓舔舐測試\lick_28.mp4,0,1,25.0,25.0,497,497,497,19.88,745.125,332.625,513.0,342.75,232.345715,0.34811286,584.7595,1404.7576,0.304721,1.0,NO_TARGET,,,NO_TARGET,,0,,0,0,0,0,3,7,0,0,0,0,0.0,4.56,10.4,0.0,0.0,0.0,,1.52,1.485714,,,,0.0,30.481283,69.518717,0.0,0.0,0.0,1,0.5956,-0.1212,-11.5,FRONT_LEFT,FACING_CAMERA,FACING_CAMERA,1.0,1
1,C:\Users\homec\OneDrive\圖片\貓咪圖像資料集\白貓舔舐測試\lick_28.mp4,0,1,25.0,25.0,498,498,498,19.92,745.125,333.0,513.0,342.375,232.31424,0.34827377,584.7595,1404.7576,0.304721,1.0,NO_TARGET,,,NO_TARGET,,0,,0,0,0,0,3,7,0,0,0,0,0.0,4.56,10.4,0.0,0.0,0.0,,1.52,1.485714,,,,0.0,30.481283,69.518717,0.0,0.0,0.0,1,0.5963,-0.1212,-11.49,FRONT_LEFT,FACING_CAMERA,FACING_CAMERA,1.0,1
1,C:\Users\homec\OneDrive\圖片\貓咪圖像資料集\白貓舔舐測試\lick_28.mp4,0,1,25.0,25.0,499,499,499,19.96,744.75,333.375,513.0,342.375,231.924691,0.34710561,583.0371,1404.8803,0.303823,1.0,NO_TARGET,,,NO_TARGET,,0,,0,0,0,0,3,7,0,0,0,0,0.0,4.56,10.4,0.0,0.0,0.0,,1.52,1.485714,,,,0.0,30.481283,69.518717,0.0,0.0,0.0,1,0.5961,-0.1216,-11.53,FRONT_LEFT,FACING_CAMERA,FACING_CAMERA,1.0,1
1,C:\Users\homec\OneDrive\圖片\貓咪圖像資料集\白貓舔舐測試\lick_28.mp4,0,1,25.0,25.0,500,500,500,20.0,744.75,333.0,513.0,342.375,231.939546,0.34733501,583.0892,1404.7509,0.303851,1.0,NO_TARGET,,,NO_TARGET,,0,,0,0,0,0,3,7,0,0,0,0,0.0,4.56,10.4,0.0,0.0,0.0,,1.52,1.485714,,,,0.0,30.481283,69.518717,0.0,0.0,0.0,1,0.5968,-0.1211,-11.47,FRONT_LEFT,FACING_CAMERA,FACING_CAMERA,1.0,1
1,C:\Users\homec\OneDrive\圖片\貓咪圖像資料集\白貓舔舐測試\lick_28.mp4,0,1,25.0,25.0,501,501,501,20.04,744.375,332.625,512.25,342.5625,232.33762,0.34790568,589.072,1405.3151,0.306968,1.0,NO_TARGET,,,NO_TARGET,,0,,0,0,0,0,3,7,0,0,0,0,0.0,4.56,10.4,0.0,0.0,0.0,,1.52,1.485714,,,,0.0,30.481283,69.518717,0.0,0.0,0.0,1,0.5962,-0.1206,-11.43,FRONT_LEFT,FACING_CAMERA,FACING_CAMERA,1.0,1
1,C:\Users\homec\OneDrive\圖片\貓咪圖像資料集\白貓舔舐測試\lick_28.mp4,0,1,25.0,25.0,502,502,502,20.08,743.625,330.75,511.5,343.5,232.474898,0.34850179,605.9936,1405.4198,0.315786,1.0,NO_TARGET,,,NO_TARGET,,0,,0,0,0,0,3,7,0,0,0,0,0.0,4.56,10.4,0.0,0.0,0.0,,1.52,1.485714,,,,0.0,30.481283,69.518717,0.0,0.0,0.0,1,0.5945,-0.1217,-11.57,FRONT_LEFT,FACING_CAMERA,FACING_CAMERA,1.0,1
1,C:\Users\homec\OneDrive\圖片\貓咪圖像資料集\白貓舔舐測試\lick_28.mp4,0,1,25.0,25.0,503,503,503,20.12,741.0,329.25,511.5,346.125,230.119568,0.34521479,649.2785,1405.9518,0.338342,1.0,NO_TARGET,,,NO_TARGET,,0,,0,0,0,0,3,7,0,0,0,0,0.0,4.56,10.4,0.0,0.0,0.0,,1.52,1.485714,,,,0.0,30.481283,69.518717,0.0,0.0,0.0,1,0.5875,-0.1211,-11.65,FRONT_LEFT,FACING_CAMERA,FACING_CAMERA,1.0,1
1,C:\Users\homec\OneDrive\圖片\貓咪圖像資料集\白貓舔舐測試\lick_28.mp4,0,1,25.0,25.0,504,504,504,20.16,736.5,322.3125,509.25,347.625,228.655385,0.34323533,693.3022,1401.1577,0.361283,1.0,NO_TARGET,,,NO_TARGET,,0,,0,0,0,0,3,7,0,0,0,0,0.0,4.56,10.4,0.0,0.0,0.0,,1.52,1.485714,,,,0.0,30.481283,69.518717,0.0,0.0,0.0,1,0.5839,-0.1288,-12.44,FRONT_LEFT,FACING_CAMERA,FACING_CAMERA,1.0,1
1,C:\Users\homec\OneDrive\圖片\貓咪圖像資料集\白貓舔舐測試\lick_28.mp4,0,1,25.0,25.0,505,505,505,20.2,733.875,315.9375,508.5,346.875,227.488504,0.33901942,720.9444,1395.2519,0.375688,1.0,NO_TARGET,,,NO_TARGET,,0,,0,0,0,0,3,7,0,0,0,0,0.0,4.56,10.4,0.0,0.0,0.0,,1.52,1.485714,,,,0.0,30.481283,69.518717,0.0,0.0,0.0,1,0.5713,-0.1427,-14.02,FRONT_LEFT,FACING_CAMERA,FACING_CAMERA,1.0,1
1,C:\Users\homec\OneDrive\圖片\貓咪圖像資料集\白貓舔舐測試\lick_28.mp4,0,1,25.0,25.0,506,506,506,20.24,731.25,310.6875,508.5,345.375,225.434658,0.33471855,752.3318,1388.3903,0.392044,1.0,NO_TARGET,,,NO_TARGET,,0,,0,0,0,0,3,7,0,0,0,0,0.0,4.56,10.4,0.0,0.0,0.0,,1.52,1.485714,,,,0.0,30.481283,69.518717,0.0,0.0,0.0,1,0.5632,-0.1515,-15.05,FRONT_LEFT,FACING_CAMERA,FACING_CAMERA,1.0,1
1,C:\Users\homec\OneDrive\圖片\貓咪圖像資料集\白貓舔舐測試\lick_28.mp4,0,1,25.0,25.0,507,507,507,20.28,728.25,305.625,509.25,343.875,222.315232,0.32903104,799.303,1378.4691,0.416521,1.0,NO_TARGET,,,NO_TARGET,,0,,0,0,0,0,3,7,0,0,0,0,0.0,4.56,10.4,0.0,0.0,0.0,,1.52,1.485714,,,,0.0,30.481283,69.518717,0.0,0.0,0.0,1,0.5531,-0.1642,-16.53,FRONT_LEFT,FACING_CAMERA,FACING_CAMERA,1.0,1
1,C:\Users\homec\OneDrive\圖片\貓咪圖像資料集\白貓舔舐測試\lick_28.mp4,0,1,25.0,25.0,508,508,508,20.32,727.5,303.75,510.75,340.875,219.906408,0.32373891,838.0739,1369.2582,0.436724,1.0,NO_TARGET,,,NO_TARGET,,0,,0,0,0,0,3,7,0,0,0,0,0.0,4.56,10.4,0.0,0.0,0.0,,1.52,1.485714,,,,0.0,30.481283,69.518717,0.0,0.0,0.0,1,0.5404,-0.1712,-17.58,FRONT_LEFT,FACING_CAMERA,FACING_CAMERA,1.0,1
1,C:\Users\homec\OneDrive\圖片\貓咪圖像資料集\白貓舔舐測試\lick_28.mp4,0,1,25.0,25.0,509,509,509,20.36,727.5,301.6875,513.0,338.8125,217.689034,0.31981328,891.3583,1359.4983,0.464491,1.0,NO_TARGET,,,NO_TARGET,,0,,0,0,0,0,3,7,0,0,0,0,0.0,4.56,10.4,0.0,0.0,0.0,,1.52,1.485714,,,,0.0,30.481283,69.518717,0.0,0.0,0.0,1,0.5282,-0.1806,-18.88,FRONT_LEFT,FACING_CAMERA,FACING_CAMERA,1.0,1
1,C:\Users\homec\OneDrive\圖片\貓咪圖像資料集\白貓舔舐測試\lick_28.mp4,0,1,25.0,25.0,510,510,510,20.4,721.125,297.75,513.0,338.625,212.100875,0.30960672,982.0674,1332.4637,0.51176,1.0,NO_TARGET,,,NO_TARGET,,0,,0,0,0,0,3,7,0,0,0,0,0.0,4.56,10.4,0.0,0.0,0.0,,1.52,1.485714,,,,0.0,30.481283,69.518717,0.0,0.0,0.0,1,0.5139,-0.1902,-20.31,FRONT_LEFT,FACING_CAMERA,FACING_CAMERA,1.0,1
1,C:\Users\homec\OneDrive\圖片\貓咪圖像資料集\白貓舔舐測試\lick_28.mp4,0,1,25.0,25.0,511,511,511,20.44,715.875,296.25,513.75,338.8125,206.557697,0.2996304,1098.1759,1285.1631,0.572265,1.0,NO_TARGET,,,NO_TARGET,,0,,0,0,0,0,3,7,0,0,0,0,0.0,4.56,10.4,0.0,0.0,0.0,,1.52,1.485714,,,,0.0,30.481283,69.518717,0.0,0.0,0.0,1,0.4966,-0.2024,-22.17,FRONT_LEFT,FRONT_LEFT,FACING_CAMERA,0.9667,1
1,C:\Users\homec\OneDrive\圖片\貓咪圖像資料集\白貓舔舐測試\lick_28.mp4,0,1,25.0,25.0,512,512,512,20.48,705.0,296.25,513.0,340.875,197.117708,0.28411715,1270.3559,1181.2928,0.661989,1.0,NO_TARGET,,,NO_TARGET,,0,,0,0,0,0,3,7,0,0,0,0,0.0,4.56,10.4,0.0,0.0,0.0,,1.52,1.485714,,,,0.0,30.481283,69.518717,0.0,0.0,0.0,1,0.4882,-0.2327,-25.49,FRONT_LEFT,FRONT_LEFT,FACING_CAMERA,0.9333,1
1,C:\Users\homec\OneDrive\圖片\貓咪圖像資料集\白貓舔舐測試\lick_28.mp4,0,1,25.0,25.0,513,513,513,20.52,699.375,297.75,514.5,341.625,190.00995,0.27347187,1436.4444,1026.4728,0.748538,0.951319,NO_TARGET,,,NO_TARGET,,0,,0,0,0,0,3,7,0,0,0,0,0.0,4.56,10.4,0.0,0.0,0.0,,1.52,1.485714,,,,0.0,30.481283,69.518717,0.0,0.0,0.0,1,0.4768,-0.2531,-27.96,FRONT_LEFT,FRONT_LEFT,FACING_CAMERA,0.9,1
1,C:\Users\homec\OneDrive\圖片\貓咪圖像資料集\白貓舔舐測試\lick_28.mp4,0,1,25.0,25.0,514,514,514,20.56,684.375,329.4375,515.25,349.5,170.310803,0.24591587,1585.4229,820.6443,0.826171,0.76056,NO_TARGET,,,NO_TARGET,,0,,0,0,0,0,3,7,0,0,0,0,0.0,4.56,10.4,0.0,0.0,0.0,,1.52,1.485714,,,,0.0,30.481283,69.518717,0.0,0.0,0.0,1,0.498,-0.2681,-28.3,FRONT_LEFT,FRONT_LEFT,FACING_CAMERA,0.8667,1
1,C:\Users\homec\OneDrive\圖片\貓咪圖像資料集\白貓舔舐測試\lick_28.mp4,0,1,25.0,25.0,515,515,515,20.6,676.875,332.4375,516.0,354.375,162.363849,0.23445211,1605.3544,790.4175,0.836558,0.732546,NO_TARGET,,,NO_TARGET,,0,,0,0,0,0,3,7,0,0,0,0,0.0,4.56,10.4,0.0,0.0,0.0,,1.52,1.485714,,,,0.0,30.481283,69.518717,0.0,0.0,0.0,1,0.5199,-0.2736,-27.75,FRONT_LEFT,FRONT_LEFT,FACING_CAMERA,0.8333,1
1,C:\Users\homec\OneDrive\圖片\貓咪圖像資料集\白貓舔舐測試\lick_28.mp4,0,1,25.0,25.0,516,516,516,20.64,678.0,326.4375,511.5,356.625,169.214465,0.24342202,1664.4757,630.4077,0.867366,0.584252,NO_TARGET,,,NO_TARGET,,0,,0,0,0,0,3,7,0,0,0,0,0.0,4.56,10.4,0.0,0.0,0.0,,1.52,1.485714,,,,0.0,30.481283,69.518717,0.0,0.0,0.0,1,0.4798,-0.2774,-30.03,FRONT_LEFT,FRONT_LEFT,FACING_CAMERA,0.8,1
1,C:\Users\homec\OneDrive\圖片\貓咪圖像資料集\白貓舔舐測試\lick_28.mp4,0,1,25.0,25.0,517,517,517,20.68,666.0,326.0625,509.25,362.25,160.872924,0.23154723,1672.458,570.9632,0.871526,0.52916,NO_TARGET,,,NO_TARGET,,0,,0,0,0,0,3,7,0,0,0,0,0.0,4.56,10.4,0.0,0.0,0.0,,1.52,1.485714,,,,0.0,30.481283,69.518717,0.0,0.0,0.0,1,0.483,-0.2798,-30.08,FRONT_LEFT,FRONT_LEFT,FACING_CAMERA,0.7667,1
1,C:\Users\homec\OneDrive\圖片\貓咪圖像資料集\白貓舔舐測試\lick_28.mp4,0,1,25.0,25.0,518,518,518,20.72,671.625,322.875,507.75,362.25,168.539035,0.24272287,1664.2913,621.5229,0.86727,0.576017,NO_TARGET,,,NO_TARGET,,0,,0,0,0,0,3,7,0,0,0,0,0.0,4.56,10.4,0.0,0.0,0.0,,1.52,1.485714,,,,0.0,30.481283,69.518717,0.0,0.0,0.0,1,0.4825,-0.2745,-29.64,FRONT_LEFT,FRONT_LEFT,FACING_CAMERA,0.7333,1
1,C:\Users\homec\OneDrive\圖片\貓咪圖像資料集\白貓舔舐測試\lick_28.mp4,0,1,25.0,25.0,519,519,519,20.76,678.75,325.875,509.25,360.75,173.050616,0.24909943,1664.1116,642.1469,0.867176,0.595131,NO_TARGET,,,NO_TARGET,,0,,0,0,0,0,3,7,0,0,0,0,0.0,4.56,10.4,0.0,0.0,0.0,,1.52,1.485714,,,,0.0,30.481283,69.518717,0.0,0.0,0.0,1,0.4923,-0.2741,-29.11,FRONT_LEFT,FRONT_LEFT,FACING_CAMERA,0.7,1
1,C:\Users\homec\OneDrive\圖片\貓咪圖像資料集\白貓舔舐測試\lick_28.mp4,0,1,25.0,25.0,520,520,520,20.8,670.125,321.9375,507.0,363.0,168.213836,0.24150584,1682.237,540.9504,0.876622,0.501344,NO_TARGET,,,NO_TARGET,,0,,0,0,0,0,3,7,0,0,0,0,0.0,4.56,10.4,0.0,0.0,0.0,,1.52,1.485714,,,,0.0,30.481283,69.518717,0.0,0.0,0.0,1,0.4916,-0.2804,-29.7,FRONT_LEFT,FRONT_LEFT,FACING_CAMERA,0.6667,1
1,C:\Users\homec\OneDrive\圖片\貓咪圖像資料集\白貓舔舐測試\lick_28.mp4,0,1,25.0,25.0,521,521,521,20.84,670.875,319.875,506.25,363.75,170.371377,0.24421924,1690.5214,488.2266,0.880939,0.452481,NO_TARGET,,,NO_TARGET,,0,,0,0,0,0,3,7,0,0,0,0,0.0,4.56,10.4,0.0,0.0,0.0,,1.52,1.485714,,,,0.0,30.481283,69.518717,0.0,0.0,0.0,1,0.4841,-0.2836,-30.36,FRONT_LEFT,FRONT_LEFT,FACING_CAMERA,0.6333,1
1,C:\Users\homec\OneDrive\圖片\貓咪圖像資料集\白貓舔舐測試\lick_28.mp4,0,1,25.0,25.0,522,522,522,20.88,669.0,319.6875,507.75,365.625,167.665788,0.24060413,1694.516,454.139,0.88302,0.420889,NO_TARGET,,,NO_TARGET,,0,,0,0,0,0,3,7,0,0,0,0,0.0,4.56,10.4,0.0,0.0,0.0,,1.52,1.485714,,,,0.0,30.481283,69.518717,0.0,0.0,0.0,1,0.4983,-0.2868,-29.93,FRONT_LEFT,FRONT_LEFT,FACING_CAMERA,0.6,1
1,C:\Users\homec\OneDrive\圖片\貓咪圖像資料集\白貓舔舐測試\lick_28.mp4,0,1,25.0,25.0,523,523,523,20.92,667.5,320.8125,514.5,370.5,160.865931,0.2315822,1701.9471,403.6013,0.886893,0.374051,NO_TARGET,,,NO_TARGET,,0,,0,0,0,0,3,7,0,0,0,0,0.0,4.56,10.4,0.0,0.0,0.0,,1.52,1.485714,,,,0.0,30.481283,69.518717,0.0,0.0,0.0,1,0.526,-0.2926,-29.09,FRONT_LEFT,FRONT_LEFT,FACING_CAMERA,0.5667,1
1,C:\Users\homec\OneDrive\圖片\貓咪圖像資料集\白貓舔舐測試\lick_28.mp4,0,1,25.0,25.0,524,524,524,20.96,661.125,320.25,516.75,373.875,154.012276,0.22171327,1699.9559,290.5016,0.885855,0.269232,NO_TARGET,,,NO_TARGET,,0,,0,0,0,0,3,7,0,0,0,0,0.0,4.56,10.4,0.0,0.0,0.0,,1.52,1.485714,,,,0.0,30.481283,69.518717,0.0,0.0,0.0,1,0.5306,-0.2995,-29.44,FRONT_LEFT,FRONT_LEFT,FACING_CAMERA,0.5333,1
1,C:\Users\homec\OneDrive\圖片\貓咪圖像資料集\白貓舔舐測試\lick_28.mp4,0,1,25.0,25.0,525,525,525,21.0,662.625,320.0625,523.5,376.125,149.995898,0.21662795,1704.6605,391.8083,0.888307,0.363122,NO_TARGET,,,NO_TARGET,,0,,0,0,0,0,3,7,0,0,0,0,0.0,4.56,10.4,0.0,0.0,0.0,,1.52,1.485714,,,,0.0,30.481283,69.518717,0.0,0.0,0.0,1,0.5792,-0.2942,-26.93,FRONT_LEFT,FRONT_LEFT,FACING_CAMERA,0.5,1
1,C:\Users\homec\OneDrive\圖片\貓咪圖像資料集\白貓舔舐測試\lick_28.mp4,0,1,25.0,25.0,526,526,526,21.04,660.75,322.3125,529.875,377.25,141.937995,0.20553135,448.286,1452.4799,0.233604,1.0,NO_TARGET,,,NO_TARGET,,0,,0,0,0,0,3,7,0,0,0,0,0.0,4.56,10.4,0.0,0.0,0.0,,1.52,1.485714,,,,0.0,30.481283,69.518717,0.0,0.0,0.0,1,0.6043,-0.2813,-24.96,FRONT_LEFT,FRONT_LEFT,FRONT_LEFT,0.5333,1
1,C:\Users\homec\OneDrive\圖片\貓咪圖像資料集\白貓舔舐測試\lick_28.mp4,0,1,25.0,25.0,527,527,527,21.08,660.0,324.375,529.875,381.75,142.212539,0.20593167,1567.4001,893.3195,0.81678,0.827914,NO_TARGET,,,NO_TARGET,,0,,0,0,0,0,3,7,0,0,0,0,0.0,4.56,10.4,0.0,0.0,0.0,,1.52,1.485714,,,,0.0,30.481283,69.518717,0.0,0.0,0.0,1,0.5908,-0.2841,-25.68,FRONT_LEFT,FRONT_LEFT,FRONT_LEFT,0.5667,1
1,C:\Users\homec\OneDrive\圖片\貓咪圖像資料集\白貓舔舐測試\lick_28.mp4,0,1,25.0,25.0,528,528,528,21.12,654.375,326.625,530.25,384.75,137.06032,0.19825572,1696.319,492.5478,0.88396,0.456485,NO_TARGET,,,NO_TARGET,,0,,0,0,0,0,3,7,0,0,0,0,0.0,4.56,10.4,0.0,0.0,0.0,,1.52,1.485714,,,,0.0,30.481283,69.518717,0.0,0.0,0.0,1,0.5739,-0.2834,-26.28,FRONT_LEFT,FRONT_LEFT,FRONT_LEFT,0.6,1
1,C:\Users\homec\OneDrive\圖片\貓咪圖像資料集\白貓舔舐測試\lick_28.mp4,0,1,25.0,25.0,529,529,529,21.16,657.0,331.3125,525.75,385.5,141.995942,0.20561526,1689.1561,538.511,0.880227,0.499083,NO_TARGET,,,NO_TARGET,,0,,0,0,0,0,3,7,0,0,0,0,0.0,4.56,10.4,0.0,0.0,0.0,,1.52,1.485714,,,,0.0,30.481283,69.518717,0.0,0.0,0.0,1,0.5897,-0.2809,-25.47,FRONT_LEFT,FRONT_LEFT,FRONT_LEFT,0.6333,1
1,C:\Users\homec\OneDrive\圖片\貓咪圖像資料集\白貓舔舐測試\lick_28.mp4,0,1,25.0,25.0,530,530,530,21.2,646.125,330.75,520.5,387.0,137.643391,0.19845853,1691.506,456.1798,0.881452,0.42278,NO_TARGET,,,NO_TARGET,,0,,0,0,0,0,3,7,0,0,0,0,0.0,4.56,10.4,0.0,0.0,0.0,,1.52,1.485714,,,,0.0,30.481283,69.518717,0.0,0.0,0.0,1,0.558,-0.275,-26.24,FRONT_LEFT,FRONT_LEFT,FRONT_LEFT,0.6667,1
1,C:\Users\homec\OneDrive\圖片\貓咪圖像資料集\白貓舔舐測試\lick_28.mp4,0,1,25.0,25.0,531,531,531,21.24,646.125,343.5,533.625,382.5,119.068258,0.17435784,386.3978,1456.6901,0.201354,1.0,NO_TARGET,,,NO_TARGET,,0,,0,0,0,0,3,7,0,0,0,0,0.0,4.56,10.4,0.0,0.0,0.0,,1.52,1.485714,,,,0.0,30.481283,69.518717,0.0,0.0,0.0,1,0.6297,-0.2407,-20.92,FRONT_LEFT,FRONT_LEFT,FRONT_LEFT,0.7,1
1,C:\Users\homec\OneDrive\圖片\貓咪圖像資料集\白貓舔舐測試\lick_28.mp4,0,1,25.0,25.0,532,532,532,21.28,651.75,344.625,529.125,381.375,128.013488,0.18734688,117.6438,1369.9892,0.061305,1.0,NO_TARGET,,,NO_TARGET,,0,,0,0,0,0,3,7,0,0,0,0,0.0,4.56,10.4,0.0,0.0,0.0,,1.52,1.485714,,,,0.0,30.481283,69.518717,0.0,0.0,0.0,1,0.6392,-0.2432,-20.83,FRONT_LEFT,FRONT_LEFT,FRONT_LEFT,0.7333,1
1,C:\Users\homec\OneDrive\圖片\貓咪圖像資料集\白貓舔舐測試\lick_28.mp4,0,1,25.0,25.0,533,533,533,21.32,658.5,346.5,523.5,383.25,139.912696,0.20410481,80.7794,1353.4275,0.042095,1.0,NO_TARGET,,,NO_TARGET,,0,,0,0,0,0,3,7,0,0,0,0,0.0,4.56,10.4,0.0,0.0,0.0,,1.52,1.485714,,,,0.0,30.481283,69.518717,0.0,0.0,0.0,1,0.6303,-0.2495,-21.6,FRONT_LEFT,FRONT_LEFT,FRONT_LEFT,0.7667,1
1,C:\Users\homec\OneDrive\圖片\貓咪圖像資料集\白貓舔舐測試\lick_28.mp4,0,1,25.0,25.0,534,534,534,21.36,648.75,345.9375,522.0,385.125,132.6696,0.194275,50.2073,1340.8039,0.026163,1.0,NO_TARGET,,,NO_TARGET,,0,,0,0,0,0,3,7,0,0,0,0,0.0,4.56,10.4,0.0,0.0,0.0,,1.52,1.485714,,,,0.0,30.481283,69.518717,0.0,0.0,0.0,1,0.6471,-0.2468,-20.87,FRONT_LEFT,FRONT_LEFT,FRONT_LEFT,0.8,1
1,C:\Users\homec\OneDrive\圖片\貓咪圖像資料集\白貓舔舐測試\lick_28.mp4,0,1,25.0,25.0,535,535,535,21.4,619.5,331.875,501.0,402.75,138.077933,0.19789802,1672.1992,333.6954,0.871391,0.309264,NO_TARGET,,,NO_TARGET,,0,,0,0,0,0,3,7,0,0,0,0,0.0,4.56,10.4,0.0,0.0,0.0,,1.52,1.485714,,,,0.0,30.481283,69.518717,0.0,0.0,0.0,1,0.5248,-0.2732,-27.5,FRONT_LEFT,FRONT_LEFT,FRONT_LEFT,0.8333,1
1,C:\Users\homec\OneDrive\圖片\貓咪圖像資料集\白貓舔舐測試\lick_28.mp4,0,1,25.0,25.0,536,536,536,21.44,618.375,329.4375,494.25,409.875,147.909456,0.21130481,1668.3352,295.591,0.869377,0.273949,NO_TARGET,,,NO_TARGET,,0,,0,0,0,0,3,7,0,0,0,0,0.0,4.56,10.4,0.0,0.0,0.0,,1.52,1.485714,,,,0.0,30.481283,69.518717,0.0,0.0,0.0,1,0.4993,-0.276,-28.93,FRONT_LEFT,FRONT_LEFT,FRONT_LEFT,0.8667,1
1,C:\Users\homec\OneDrive\圖片\貓咪圖像資料集\白貓舔舐測試\lick_28.mp4,0,1,25.0,25.0,537,537,537,21.48,608.25,339.75,507.75,414.75,125.400359,0.17921074,1672.3003,335.359,0.871444,0.310805,NO_TARGET,,,NO_TARGET,,0,,0,0,0,0,3,7,0,0,0,0,0.0,4.56,10.4,0.0,0.0,0.0,,1.52,1.485714,,,,0.0,30.481283,69.518717,0.0,0.0,0.0,1,0.5774,-0.2615,-24.36,FRONT_LEFT,FRONT_LEFT,FRONT_LEFT,0.9,1
1,C:\Users\homec\OneDrive\圖片\貓咪圖像資料集\白貓舔舐測試\lick_28.mp4,0,1,25.0,25.0,538,538,538,21.52,607.5,344.625,523.875,406.5,104.02719,0.15009974,766.3989,1473.5721,0.399374,1.0,NO_TARGET,,,NO_TARGET,,0,,0,0,0,0,3,7,0,0,0,0,0.0,4.56,10.4,0.0,0.0,0.0,,1.52,1.485714,,,,0.0,30.481283,69.518717,0.0,0.0,0.0,1,0.6453,-0.2401,-20.41,FRONT_LEFT,FRONT_LEFT,FRONT_LEFT,0.9333,1
1,C:\Users\homec\OneDrive\圖片\貓咪圖像資料集\白貓舔舐測試\lick_28.mp4,0,1,25.0,25.0,539,539,539,21.56,597.0,343.875,538.125,408.375,87.329924,0.12540852,866.3075,1451.607,0.451437,1.0,NO_TARGET,,,NO_TARGET,,0,,0,0,0,0,3,7,0,0,0,0,0.0,4.56,10.4,0.0,0.0,0.0,,1.52,1.485714,,,,0.0,30.481283,69.518717,0.0,0.0,0.0,1,0.6426,-0.2541,-21.57,FRONT_LEFT,FRONT_LEFT,FRONT_LEFT,0.9667,1
1,C:\Users\homec\OneDrive\圖片\貓咪圖像資料集\白貓舔舐測試\lick_28.mp4,0,1,25.0,25.0,540,540,540,21.6,604.875,342.5625,534.375,407.625,95.934243,0.13754948,-546.4577,358.6808,0.0,0.33242,NO_TARGET,,,NO_TARGET,,0,,0,0,0,0,3,7,0,0,0,0,0.0,4.56,10.4,0.0,0.0,0.0,,1.52,1.485714,,,,0.0,30.481283,69.518717,0.0,0.0,0.0,1,0.6475,-0.259,-21.8,FRONT_LEFT,FRONT_LEFT,FRONT_LEFT,1.0,1
1,C:\Users\homec\OneDrive\圖片\貓咪圖像資料集\白貓舔舐測試\lick_28.mp4,0,1,25.0,25.0,541,541,541,21.64,591.75,344.8125,534.375,411.375,87.877512,0.1265873,382.4887,1479.5942,0.199317,1.0,NO_TARGET,,,NO_TARGET,,0,,0,0,0,0,3,7,0,0,0,0,0.0,4.56,10.4,0.0,0.0,0.0,,1.52,1.485714,,,,0.0,30.481283,69.518717,0.0,0.0,0.0,1,0.6569,-0.236,-19.76,FRONT_LEFT,FRONT_LEFT,FRONT_LEFT,1.0,1
1,C:\Users\homec\OneDrive\圖片\貓咪圖像資料集\白貓舔舐測試\lick_28.mp4,0,1,25.0,25.0,542,542,542,21.68,603.375,340.125,528.375,413.625,105.010714,0.14913222,1355.15,-412.4,0.706175,0.0,NO_TARGET,,,NO_TARGET,,0,,0,0,0,0,3,7,0,0,0,0,0.0,4.56,10.4,0.0,0.0,0.0,,1.52,1.485714,,,,0.0,30.481283,69.518717,0.0,0.0,0.0,1,0.6156,-0.2685,-23.57,FRONT_LEFT,FRONT_LEFT,FRONT_LEFT,1.0,1
1,C:\Users\homec\OneDrive\圖片\貓咪圖像資料集\白貓舔舐測試\lick_28.mp4,0,1,25.0,25.0,543,543,543,21.72,583.5,344.625,550.125,411.375,74.628769,0.10682968,-458.1387,821.2221,0.0,0.761096,NO_TARGET,,,NO_TARGET,,0,,0,0,0,0,3,7,0,0,0,0,0.0,4.56,10.4,0.0,0.0,0.0,,1.52,1.485714,,,,0.0,30.481283,69.518717,0.0,0.0,0.0,1,0.6498,-0.2484,-20.92,FRONT_LEFT,FRONT_LEFT,FRONT_LEFT,1.0,1
1,C:\Users\homec\OneDrive\圖片\貓咪圖像資料集\白貓舔舐測試\lick_28.mp4,0,1,25.0,25.0,544,544,544,21.76,609.0,339.375,522.0,411.75,113.168638,0.15995143,1615.8433,-7.1897,0.842024,0.0,NO_TARGET,,,NO_TARGET,,0,,0,0,0,0,3,7,0,0,0,0,0.0,4.56,10.4,0.0,0.0,0.0,,1.52,1.485714,,,,0.0,30.481283,69.518717,0.0,0.0,0.0,1,0.5929,-0.2645,-24.04,FRONT_LEFT,FRONT_LEFT,FRONT_LEFT,1.0,1
1,C:\Users\homec\OneDrive\圖片\貓咪圖像資料集\白貓舔舐測試\lick_28.mp4,0,1,25.0,25.0,545,545,545,21.8,670.5,331.5,489.75,398.625,192.811639,0.27426972,1354.0304,1174.1454,0.705592,1.0,NO_TARGET,,,NO_TARGET,,0,,0,0,0,0,3,7,0,0,0,0,0.0,4.56,10.4,0.0,0.0,0.0,,1.52,1.485714,,,,0.0,30.481283,69.518717,0.0,0.0,0.0,1,0.5862,-0.251,-23.18,FRONT_LEFT,FRONT_LEFT,FRONT_LEFT,1.0,1
1,C:\Users\homec\OneDrive\圖片\貓咪圖像資料集\白貓舔舐測試\lick_28.mp4,0,1,25.0,25.0,546,546,546,21.84,676.5,330.75,494.625,394.125,192.60038,0.27497928,477.005,1477.6195,0.24857,1.0,NO_TARGET,,,NO_TARGET,,0,,0,0,0,0,3,7,0,0,0,0,0.0,4.56,10.4,0.0,0.0,0.0,,1.52,1.485714,,,,0.0,30.481283,69.518717,0.0,0.0,0.0,1,0.6016,-0.245,-22.16,FRONT_LEFT,FRONT_LEFT,FRONT_LEFT,1.0,1
1,C:\Users\homec\OneDrive\圖片\貓咪圖像資料集\白貓舔舐測試\lick_28.mp4,0,1,25.0,25.0,547,547,547,21.88,684.375,326.625,497.625,384.0,195.364923,0.28054024,148.7779,1385.489,0.077529,1.0,NO_TARGET,,,NO_TARGET,,0,,0,0,0,0,3,7,0,0,0,0,0.0,4.56,10.4,0.0,0.0,0.0,,1.52,1.485714,,,,0.0,30.481283,69.518717,0.0,0.0,0.0,1,0.6193,-0.2346,-20.75,FRONT_LEFT,FRONT_LEFT,FRONT_LEFT,1.0,1
1,C:\Users\homec\OneDrive\圖片\貓咪圖像資料集\白貓舔舐測試\lick_28.mp4,0,1,25.0,25.0,548,548,548,21.92,688.875,317.625,496.5,374.625,200.641822,0.29182976,226.3858,1405.6754,0.117971,1.0,NO_TARGET,,,NO_TARGET,,0,,0,0,0,0,3,7,0,0,0,0,0.0,4.56,10.4,0.0,0.0,0.0,,1.52,1.485714,,,,0.0,30.481283,69.518717,0.0,0.0,0.0,1,0.6323,-0.2181,-19.03,FRONT_LEFT,FRONT_LEFT,FRONT_LEFT,1.0,1
1,C:\Users\homec\OneDrive\圖片\貓咪圖像資料集\白貓舔舐測試\lick_28.mp4,0,1,25.0,25.0,549,549,549,21.96,688.875,315.75,494.25,370.875,202.281132,0.29674763,237.0454,1406.8639,0.123525,1.0,NO_TARGET,,,NO_TARGET,,0,,0,0,0,0,3,7,0,0,0,0,0.0,4.56,10.4,0.0,0.0,0.0,,1.52,1.485714,,,,0.0,30.481283,69.518717,0.0,0.0,0.0,1,0.6501,-0.2054,-17.53,FRONT_LEFT,FRONT_LEFT,FRONT_LEFT,1.0,1
1,C:\Users\homec\OneDrive\圖片\貓咪圖像資料集\白貓舔舐測試\lick_28.mp4,0,1,25.0,25.0,550,550,550,22.0,683.25,316.125,492.0,371.625,199.140183,0.29436775,289.0927,1424.4778,0.150648,1.0,NO_TARGET,,,NO_TARGET,,0,,0,0,0,0,3,7,0,0,0,0,0.0,4.56,10.4,0.0,0.0,0.0,,1.52,1.485714,,,,0.0,30.481283,69.518717,0.0,0.0,0.0,1,0.6654,-0.1876,-15.75,FRONT_LEFT,FRONT_LEFT,FRONT_LEFT,1.0,1
1,C:\Users\homec\OneDrive\圖片\貓咪圖像資料集\白貓舔舐測試\lick_28.mp4,0,1,25.0,25.0,551,551,551,22.04,674.625,318.375,486.75,374.25,196.007733,0.29134286,344.8866,1442.3152,0.179722,1.0,NO_TARGET,,,NO_TARGET,,0,,0,0,0,0,3,7,0,0,0,0,0.0,4.56,10.4,0.0,0.0,0.0,,1.52,1.485714,,,,0.0,30.481283,69.518717,0.0,0.0,0.0,1,0.6794,-0.1682,-13.91,FRONT_LEFT,FRONT_LEFT,FRONT_LEFT,1.0,1
1,C:\Users\homec\OneDrive\圖片\貓咪圖像資料集\白貓舔舐測試\lick_28.mp4,0,1,25.0,25.0,552,552,552,22.08,664.5,320.8125,475.5,380.25,198.125759,0.29547811,444.8047,1464.6004,0.23179,1.0,NO_TARGET,,,NO_TARGET,,0,,0,0,0,0,3,7,0,0,0,0,0.0,4.56,10.4,0.0,0.0,0.0,,1.52,1.485714,,,,0.0,30.481283,69.518717,0.0,0.0,0.0,1,0.6886,-0.1407,-11.54,FRONT_LEFT,FRONT_LEFT,FRONT_LEFT,1.0,1
1,C:\Users\homec\OneDrive\圖片\貓咪圖像資料集\白貓舔舐測試\lick_28.mp4,0,1,25.0,25.0,553,553,553,22.12,648.375,327.0,467.625,386.625,190.33051,0.28191597,517.8215,1477.1739,0.269839,1.0,NO_TARGET,,,NO_TARGET,,0,,0,0,0,0,3,7,0,0,0,0,0.0,4.56,10.4,0.0,0.0,0.0,,1.52,1.485714,,,,0.0,30.481283,69.518717,0.0,0.0,0.0,1,0.6938,-0.1156,-9.46,FRONT_LEFT,FRONT_LEFT,FRONT_LEFT,1.0,1
1,C:\Users\homec\OneDrive\圖片\貓咪圖像資料集\白貓舔舐測試\lick_28.mp4,0,1,25.0,25.0,554,554,554,22.16,637.875,331.125,462.375,391.5,185.594694,0.2742849,556.128,1482.3781,0.289801,1.0,NO_TARGET,,,NO_TARGET,,0,,0,0,0,0,3,7,0,0,0,0,0.0,4.56,10.4,0.0,0.0,0.0,,1.52,1.485714,,,,0.0,30.481283,69.518717,0.0,0.0,0.0,1,0.695,-0.1033,-8.45,FRONT_LEFT,FRONT_LEFT,FRONT_LEFT,1.0,1
1,C:\Users\homec\OneDrive\圖片\貓咪圖像資料集\白貓舔舐測試\lick_28.mp4,0,1,25.0,25.0,555,555,555,22.2,635.625,335.4375,459.0,392.625,185.652365,0.27465021,575.0933,1484.7686,0.299684,1.0,NO_TARGET,,,NO_TARGET,,0,,0,0,0,0,3,7,0,0,0,0,0.0,4.56,10.4,0.0,0.0,0.0,,1.52,1.485714,,,,0.0,30.481283,69.518717,0.0,0.0,0.0,1,0.6943,-0.0959,-7.87,FRONT_LEFT,FRONT_LEFT,FRONT_LEFT,1.0,1
1,C:\Users\homec\OneDrive\圖片\貓咪圖像資料集\白貓舔舐測試\lick_28.mp4,0,1,25.0,25.0,556,556,556,22.24,634.5,337.5,457.875,393.0,185.139517,0.27389151,584.384,1485.6807,0.304525,1.0,NO_TARGET,,,NO_TARGET,,0,,0,0,0,0,3,7,0,0,0,0,0.0,4.56,10.4,0.0,0.0,0.0,,1.52,1.485714,,,,0.0,30.481283,69.518717,0.0,0.0,0.0,1,0.6942,-0.0881,-7.24,FRONT_LEFT,FRONT_LEFT,FRONT_LEFT,1.0,1
1,C:\Users\homec\OneDrive\圖片\貓咪圖像資料集\白貓舔舐測試\lick_28.mp4,0,1,25.0,25.0,557,557,557,22.28,632.25,338.4375,457.125,393.75,183.652493,0.27213581,587.908,1486.3419,0.306362,1.0,NO_TARGET,,,NO_TARGET,,0,,0,0,0,0,3,7,0,0,0,0,0.0,4.56,10.4,0.0,0.0,0.0,,1.52,1.485714,,,,0.0,30.481283,69.518717,0.0,0.0,0.0,1,0.6952,-0.0845,-6.93,FRONT_LEFT,FRONT_LEFT,FRONT_LEFT,1.0,1
1,C:\Users\homec\OneDrive\圖片\貓咪圖像資料集\白貓舔舐測試\lick_28.mp4,0,1,25.0,25.0,558,558,558,22.32,633.0,338.25,456.75,393.75,184.781797,0.27516659,602.7846,1485.585,0.314114,1.0,NO_TARGET,,,NO_TARGET,,0,,0,0,0,0,3,7,0,0,0,0,0.0,4.56,10.4,0.0,0.0,0.0,,1.52,1.485714,,,,0.0,30.481283,69.518717,0.0,0.0,0.0,1,0.6923,-0.0834,-6.87,FRONT_LEFT,FRONT_LEFT,FRONT_LEFT,1.0,1
1,C:\Users\homec\OneDrive\圖片\貓咪圖像資料集\白貓舔舐測試\lick_28.mp4,0,1,25.0,25.0,559,559,559,22.36,632.625,340.875,456.0,395.25,184.805388,0.27660676,606.1186,1487.4391,0.315851,1.0,NO_TARGET,,,NO_TARGET,,0,,0,0,0,0,3,7,0,0,0,0,0.0,4.56,10.4,0.0,0.0,0.0,,1.52,1.485714,,,,0.0,30.481283,69.518717,0.0,0.0,0.0,1,0.6975,-0.0793,-6.49,FRONT_LEFT,FRONT_LEFT,FRONT_LEFT,1.0,1
1,C:\Users\homec\OneDrive\圖片\貓咪圖像資料集\白貓舔舐測試\lick_28.mp4,0,1,25.0,25.0,560,560,560,22.4,636.0,345.0,456.75,396.75,186.570697,0.2806818,601.1302,1490.6187,0.313252,1.0,FR,,,FR,76.422343,1,FR,0,1,0,0,3,8,0,0,0,0,0.0,4.56,10.44,0.0,0.0,0.0,,1.52,1.305,,,,0.0,30.4,69.6,0.0,0.0,0.0,1,0.7,-0.074,-6.04,FRONT_LEFT,FRONT_LEFT,FRONT_LEFT,1.0,1
1,C:\Users\homec\OneDrive\圖片\貓咪圖像資料集\白貓舔舐測試\lick_28.mp4,0,1,25.0,25.0,561,561,561,22.44,640.875,346.875,458.25,397.875,189.612475,0.28623407,602.6927,1492.1969,0.314066,1.0,FR,,,FR,56.598835,1,FR,0,1,0,0,3,8,0,0,0,0,0.0,4.56,10.48,0.0,0.0,0.0,,1.52,1.31,,,,0.0,30.319149,69.680851,0.0,0.0,0.0,1,0.6997,-0.0707,-5.77,FRONT_LEFT,FRONT_LEFT,FRONT_LEFT,1.0,1
1,C:\Users\homec\OneDrive\圖片\貓咪圖像資料集\白貓舔舐測試\lick_28.mp4,0,1,25.0,25.0,562,562,562,22.48,646.125,348.0,459.0,397.125,193.46584,0.294416,608.7517,1492.2351,0.317223,1.0,FR,,,FR,46.37368,1,FR,0,1,0,0,3,8,0,0,0,0,0.0,4.56,10.52,0.0,0.0,0.0,,1.52,1.315,,,,0.0,30.238727,69.761273,0.0,0.0,0.0,1,0.7044,-0.0699,-5.67,FRONT_LEFT,FRONT_LEFT,FRONT_LEFT,1.0,1
1,C:\Users\homec\OneDrive\圖片\貓咪圖像資料集\白貓舔舐測試\lick_28.mp4,0,1,25.0,25.0,563,563,563,22.52,653.25,343.875,462.0,394.5,197.836936,0.3017734,613.2623,1488.8877,0.319574,1.0,FR,,,FR,42.038475,1,FR,0,1,0,0,3,8,0,0,0,0,0.0,4.56,10.56,0.0,0.0,0.0,,1.52,1.32,,,,0.0,30.15873,69.84127,0.0,0.0,0.0,1,0.6994,-0.0771,-6.29,FRONT_LEFT,FACING_CAMERA,FACING_CAMERA,1.0,1
1,C:\Users\homec\OneDrive\圖片\貓咪圖像資料集\白貓舔舐測試\lick_28.mp4,0,1,25.0,25.0,564,564,564,22.56,661.5,341.625,466.5,388.875,200.642873,0.30696495,603.2138,1485.6456,0.314338,1.0,FR,,,FR,40.650219,1,FR,0,1,0,0,3,8,0,0,0,0,0.0,4.56,10.6,0.0,0.0,0.0,,1.52,1.325,,,,0.0,30.079156,69.920844,0.0,0.0,0.0,1,0.6965,-0.0819,-6.7,FRONT_LEFT,FACING_CAMERA,FACING_CAMERA,1.0,1
1,C:\Users\homec\OneDrive\圖片\貓咪圖像資料集\白貓舔舐測試\lick_28.mp4,0,1,25.0,25.0,565,565,565,22.6,669.0,337.875,471.75,381.375,201.989635,0.30993038,581.6133,1480.6503,0.303081,1.0,FR,,,FR,39.564677,1,FR,0,1,0,0,3,8,0,0,0,0,0.0,4.56,10.64,0.0,0.0,0.0,,1.52,1.33,,,,0.0,30.0,70.0,0.0,0.0,0.0,1,0.6945,-0.0887,-7.28,FRONT_LEFT,FACING_CAMERA,FACING_CAMERA,1.0,1
1,C:\Users\homec\OneDrive\圖片\貓咪圖像資料集\白貓舔舐測試\lick_28.mp4,0,1,25.0,25.0,566,566,566,22.64,674.25,334.5,474.75,372.375,203.063452,0.31073368,537.1035,1473.8952,0.279887,1.0,FR,,,FR,38.367927,1,FR,0,1,0,0,3,8,0,0,0,0,0.0,4.56,10.68,0.0,0.0,0.0,,1.52,1.335,,,,0.0,29.92126,70.07874,0.0,0.0,0.0,1,0.6956,-0.0993,-8.12,FRONT_LEFT,FACING_CAMERA,FACING_CAMERA,1.0,1
1,C:\Users\homec\OneDrive\圖片\貓咪圖像資料集\白貓舔舐測試\lick_28.mp4,0,1,25.0,25.0,567,567,567,22.68,679.5,331.6875,478.5,364.5,203.66065,0.31222963,499.4925,1466.3525,0.260288,1.0,FR,,,FR,41.489825,1,FR,0,1,0,0,3,8,0,0,0,0,0.0,4.56,10.72,0.0,0.0,0.0,,1.52,1.34,,,,0.0,29.842932,70.157068,0.0,0.0,0.0,1,0.6987,-0.1093,-8.89,FRONT_LEFT,FACING_CAMERA,FACING_CAMERA,1.0,1
1,C:\Users\homec\OneDrive\圖片\貓咪圖像資料集\白貓舔舐測試\lick_28.mp4,0,1,25.0,25.0,568,568,568,22.72,685.125,328.5,484.5,355.5,202.43367,0.30895639,445.7594,1454.4245,0.232287,1.0,FR,,,FR,41.258522,1,FR,0,1,0,0,3,8,0,0,0,0,0.0,4.56,10.76,0.0,0.0,0.0,,1.52,1.345,,,,0.0,29.765013,70.234987,0.0,0.0,0.0,1,0.6965,-0.1191,-9.7,FRONT_LEFT,FACING_CAMERA,FACING_CAMERA,1.0,1
1,C:\Users\homec\OneDrive\圖片\貓咪圖像資料集\白貓舔舐測試\lick_28.mp4,0,1,25.0,25.0,569,569,569,22.76,692.25,327.0,489.75,345.375,203.331971,0.31088052,358.6771,1432.9327,0.186908,1.0,FR,,,FR,36.017574,1,FR,0,1,0,0,3,8,0,0,0,0,0.0,4.56,10.8,0.0,0.0,0.0,,1.52,1.35,,,,0.0,29.6875,70.3125,0.0,0.0,0.0,1,0.7064,-0.1302,-10.45,FRONT_LEFT,FACING_CAMERA,FACING_CAMERA,1.0,1
1,C:\Users\homec\OneDrive\圖片\貓咪圖像資料集\白貓舔舐測試\lick_28.mp4,0,1,25.0,25.0,570,570,570,22.8,697.875,328.875,494.25,337.875,203.823798,0.31146043,288.276,1411.3785,0.150222,1.0,FR,,,FR,34.330426,1,FR,0,1,0,0,3,8,0,0,0,0,0.0,4.56,10.84,0.0,0.0,0.0,,1.52,1.355,,,,0.0,29.61039,70.38961,0.0,0.0,0.0,1,0.7114,-0.1348,-10.73,FRONT_LEFT,FACING_CAMERA,FACING_CAMERA,1.0,1
1,C:\Users\homec\OneDrive\圖片\貓咪圖像資料集\白貓舔舐測試\lick_28.mp4,0,1,25.0,25.0,571,571,571,22.84,702.375,332.25,496.5,336.5625,205.920162,0.31520538,294.5663,1413.2378,0.1535,1.0,FR,,,FR,35.267948,1,FR,0,1,0,0,3,8,0,0,0,0,0.0,4.56,10.88,0.0,0.0,0.0,,1.52,1.36,,,,0.0,29.533679,70.466321,0.0,0.0,0.0,1,0.7102,-0.1293,-10.31,FRONT_LEFT,FACING_CAMERA,FACING_CAMERA,1.0,1
1,C:\Users\homec\OneDrive\圖片\貓咪圖像資料集\白貓舔舐測試\lick_28.mp4,0,1,25.0,25.0,572,572,572,22.88,708.0,337.5,498.75,337.125,209.250336,0.32266745,304.5376,1417.831,0.158696,1.0,FR,,,FR,34.615974,1,FR,0,1,0,0,3,8,0,0,0,0,0.0,4.56,10.92,0.0,0.0,0.0,,1.52,1.365,,,,0.0,29.457364,70.542636,0.0,0.0,0.0,1,0.716,-0.115,-9.12,FRONT_LEFT,FACING_CAMERA,FACING_CAMERA,1.0,1
1,C:\Users\homec\OneDrive\圖片\貓咪圖像資料集\白貓舔舐測試\lick_28.mp4,0,1,25.0,25.0,573,573,573,22.92,718.125,342.375,501.0,334.5,217.267764,0.33751726,248.0794,1396.4044,0.129275,1.0,FR,,,FR,28.522195,1,FR,0,1,0,0,3,8,0,0,0,0,0.0,4.56,10.96,0.0,0.0,0.0,,1.52,1.37,,,,0.0,29.381443,70.618557,0.0,0.0,0.0,1,0.7307,-0.1126,-8.76,FRONT_LEFT,FACING_CAMERA,FACING_CAMERA,1.0,1
1,C:\Users\homec\OneDrive\圖片\貓咪圖像資料集\白貓舔舐測試\lick_28.mp4,0,1,25.0,25.0,574,574,574,22.96,731.25,343.875,501.75,332.25,229.794235,0.35652493,232.1221,1384.5708,0.12096,1.0,FR,,,FR,32.659465,1,FR,0,1,0,0,3,8,0,0,0,0,0.0,4.56,11.0,0.0,0.0,0.0,,1.52,1.375,,,,0.0,29.305913,70.694087,0.0,0.0,0.0,1,0.7225,-0.1155,-9.08,FRONT_LEFT,FACING_CAMERA,FACING_CAMERA,1.0,1
1,C:\Users\homec\OneDrive\圖片\貓咪圖像資料集\白貓舔舐測試\lick_28.mp4,0,1,25.0,25.0,575,575,575,23.0,742.875,342.375,504.0,328.5,239.277624,0.37167041,235.6924,1366.3986,0.12282,1.0,FR,,,FR,38.654115,1,FR,0,1,0,0,3,8,0,0,0,0,0.0,4.56,11.04,0.0,0.0,0.0,,1.52,1.38,,,,0.0,29.230769,70.769231,0.0,0.0,0.0,1,0.7138,-0.1193,-9.49,FRONT_LEFT,FACING_CAMERA,FACING_CAMERA,1.0,1
1,C:\Users\homec\OneDrive\圖片\貓咪圖像資料集\白貓舔舐測試\lick_28.mp4,0,1,25.0,25.0,576,576,576,23.04,750.75,340.5,509.25,325.125,241.988927,0.37568289,196.9739,1334.8455,0.102644,1.0,FR,,,FR,42.791099,1,FR,0,1,0,0,3,8,0,0,0,0,0.0,4.56,11.08,0.0,0.0,0.0,,1.52,1.385,,,,0.0,29.15601,70.84399,0.0,0.0,0.0,1,0.7109,-0.1323,-10.54,FRONT_LEFT,FACING_CAMERA,FACING_CAMERA,1.0,1
1,C:\Users\homec\OneDrive\圖片\貓咪圖像資料集\白貓舔舐測試\lick_28.mp4,0,1,25.0,25.0,577,577,577,23.08,756.75,340.5,515.25,318.0,242.545872,0.37631892,168.5435,1306.659,0.087829,1.0,FR,,,FR,47.273804,1,FR,0,1,0,0,3,8,0,0,0,0,0.0,4.56,11.12,0.0,0.0,0.0,,1.52,1.39,,,,0.0,29.081633,70.918367,0.0,0.0,0.0,1,0.7073,-0.1438,-11.49,FRONT_LEFT,FACING_CAMERA,FACING_CAMERA,1.0,1
1,C:\Users\homec\OneDrive\圖片\貓咪圖像資料集\白貓舔舐測試\lick_28.mp4,0,1,25.0,25.0,578,578,578,23.12,761.25,340.875,522.0,310.875,241.123542,0.37201423,103.4089,1265.0071,0.053887,1.0,FR,,,FR,54.93206,1,FR,0,1,0,0,3,8,0,0,0,0,0.0,4.56,11.16,0.0,0.0,0.0,,1.52,1.395,,,,0.0,29.007634,70.992366,0.0,0.0,0.0,1,0.7032,-0.1594,-12.77,FRONT_LEFT,FACING_CAMERA,FACING_CAMERA,1.0,1
1,C:\Users\homec\OneDrive\圖片\貓咪圖像資料集\白貓舔舐測試\lick_28.mp4,0,1,25.0,25.0,579,579,579,23.16,765.0,342.0,526.5,305.625,241.257934,0.37075488,46.4207,1224.2067,0.02419,1.0,FR,,,FR,58.448294,1,FR,0,1,0,0,3,8,0,0,0,0,0.0,4.56,11.2,0.0,0.0,0.0,,1.52,1.4,,,,0.0,28.93401,71.06599,0.0,0.0,0.0,1,0.7023,-0.1709,-13.68,FRONT_LEFT,FACING_CAMERA,FACING_CAMERA,1.0,1
1,C:\Users\homec\OneDrive\圖片\貓咪圖像資料集\白貓舔舐測試\lick_28.mp4,0,1,25.0,25.0,580,580,580,23.2,765.375,343.875,527.25,304.5,241.35846,0.37027772,50.6163,1226.8856,0.026376,1.0,FR,,,FR,57.590282,1,FR,0,1,0,0,3,8,0,0,0,0,0.0,4.56,11.24,0.0,0.0,0.0,,1.52,1.405,,,,0.0,28.860759,71.139241,0.0,0.0,0.0,1,0.6969,-0.1691,-13.64,FRONT_LEFT,FACING_CAMERA,FACING_CAMERA,1.0,1
1,C:\Users\homec\OneDrive\圖片\貓咪圖像資料集\白貓舔舐測試\lick_28.mp4,0,1,25.0,25.0,581,581,581,23.24,762.75,346.875,524.25,307.875,241.667644,0.3730516,106.3429,1264.7142,0.055416,1.0,FR,,,FR,50.262592,1,FR,0,1,0,0,3,8,0,0,0,0,0.0,4.56,11.28,0.0,0.0,0.0,,1.52,1.41,,,,0.0,28.787879,71.212121,0.0,0.0,0.0,1,0.7022,-0.1533,-12.31,FRONT_LEFT,FACING_CAMERA,FACING_CAMERA,1.0,1
1,C:\Users\homec\OneDrive\圖片\貓咪圖像資料集\白貓舔舐測試\lick_28.mp4,0,1,25.0,25.0,582,582,582,23.28,760.125,356.625,522.0,311.25,242.409584,0.37496742,104.6542,1271.7054,0.054536,1.0,FR,,,FR,40.336475,1,FR,0,1,0,0,3,8,0,0,0,0,0.0,4.56,11.32,0.0,0.0,0.0,,1.52,1.415,,,,0.0,28.715365,71.284635,0.0,0.0,0.0,1,0.7159,-0.1369,-10.82,FRONT_LEFT,FACING_CAMERA,FACING_CAMERA,1.0,1
1,C:\Users\homec\OneDrive\圖片\貓咪圖像資料集\白貓舔舐測試\lick_28.mp4,0,1,25.0,25.0,583,583,583,23.32,752.625,360.375,515.25,316.875,241.32787,0.37345745,131.2273,1294.8807,0.068383,1.0,FR,,,FR,36.07804,1,FR,0,1,0,0,3,8,0,0,0,0,0.0,4.56,11.36,0.0,0.0,0.0,,1.52,1.42,,,,0.0,28.643216,71.356784,0.0,0.0,0.0,1,0.7233,-0.1229,-9.64,FRONT_LEFT,FACING_CAMERA,FACING_CAMERA,1.0,1
1,C:\Users\homec\OneDrive\圖片\貓咪圖像資料集\白貓舔舐測試\lick_28.mp4,0,1,25.0,25.0,584,584,584,23.36,748.875,358.125,510.0,321.0,241.742696,0.37537105,170.7985,1317.2813,0.089004,1.0,FR,,,FR,32.713243,1,FR,0,1,0,0,3,8,0,0,0,0,0.0,4.56,11.4,0.0,0.0,0.0,,1.52,1.425,,,,0.0,28.571429,71.428571,0.0,0.0,0.0,1,0.7286,-0.11,-8.58,FRONT_LEFT,FACING_CAMERA,FACING_CAMERA,1.0,1
1,C:\Users\homec\OneDrive\圖片\貓咪圖像資料集\白貓舔舐測試\lick_28.mp4,0,1,25.0,25.0,585,585,585,23.4,750.0,360.0,511.5,319.6875,241.882921,0.37601453,162.9147,1307.678,0.084896,1.0,FR,,,FR,30.421261,1,FR,0,1,0,0,3,8,0,0,0,0,0.0,4.56,11.44,0.0,0.0,0.0,,1.52,1.43,,,,0.0,28.5,71.5,0.0,0.0,0.0,1,0.7318,-0.1098,-8.53,FRONT_LEFT,FACING_CAMERA,FACING_CAMERA,1.0,1
1,C:\Users\homec\OneDrive\圖片\貓咪圖像資料集\白貓舔舐測試\lick_28.mp4,0,1,25.0,25.0,586,586,586,23.44,753.0,358.125,515.25,315.375,241.56288,0.37466746,145.4571,1288.1179,0.075798,1.0,FR,,,FR,32.702494,1,FR,0,1,0,0,3,8,0,0,0,0,0.0,4.56,11.48,0.0,0.0,0.0,,1.52,1.435,,,,0.0,28.428928,71.571072,0.0,0.0,0.0,1,0.7262,-0.1183,-9.25,FRONT_LEFT,FACING_CAMERA,FACING_CAMERA,1.0,1
1,C:\Users\homec\OneDrive\圖片\貓咪圖像資料集\白貓舔舐測試\lick_28.mp4,0,1,25.0,25.0,587,587,587,23.48,756.75,352.5,518.25,311.25,242.040931,0.37394298,110.6224,1256.35,0.057646,1.0,FR,,,FR,38.898907,1,FR,0,1,0,0,3,8,0,0,0,0,0.0,4.56,11.52,0.0,0.0,0.0,,1.52,1.44,,,,0.0,28.358209,71.641791,0.0,0.0,0.0,1,0.7207,-0.136,-10.69,FRONT_LEFT,FACING_CAMERA,FACING_CAMERA,1.0,1
1,C:\Users\homec\OneDrive\圖片\貓咪圖像資料集\白貓舔舐測試\lick_28.mp4,0,1,25.0,25.0,588,588,588,23.52,757.125,348.75,522.0,305.25,239.115068,0.36654045,70.7462,1221.7673,0.036866,1.0,FR,,,FR,50.973798,1,FR,0,1,0,0,3,8,0,0,0,0,0.0,4.56,11.56,0.0,0.0,0.0,,1.52,1.445,,,,0.0,28.287841,71.712159,0.0,0.0,0.0,1,0.7126,-0.1536,-12.16,FRONT_LEFT,FACING_CAMERA,FACING_CAMERA,1.0,1
1,C:\Users\homec\OneDrive\圖片\貓咪圖像資料集\白貓舔舐測試\lick_28.mp4,0,1,25.0,25.0,589,589,589,23.56,757.875,344.625,526.5,300.75,235.498209,0.35941201,3.8881,1159.2166,0.002026,1.0,FR,,,FR,62.697937,1,FR,0,1,0,0,3,8,0,0,0,0,0.0,4.56,11.6,0.0,0.0,0.0,,1.52,1.45,,,,0.0,28.217822,71.782178,0.0,0.0,0.0,1,0.715,-0.1738,-13.66,FRONT_LEFT,FACING_CAMERA,FACING_CAMERA,1.0,1
1,C:\Users\homec\OneDrive\圖片\貓咪圖像資料集\白貓舔舐測試\lick_28.mp4,0,1,25.0,25.0,590,590,590,23.6,756.0,344.625,528.375,300.0,231.958038,0.35341798,-45.1552,1114.9847,0.0,1.0,NO_TARGET,,,NO_TARGET,,0,,0,0,0,0,3,8,0,0,0,0,0.0,4.56,11.6,0.0,0.0,0.0,,1.52,1.45,,,,0.0,28.217822,71.782178,0.0,0.0,0.0,1,0.7189,-0.1865,-14.54,FRONT_LEFT,FACING_CAMERA,FACING_CAMERA,1.0,1
1,C:\Users\homec\OneDrive\圖片\貓咪圖像資料集\白貓舔舐測試\lick_28.mp4,0,1,25.0,25.0,591,591,591,23.64,755.25,344.25,527.25,298.875,232.471268,0.35261114,-83.1909,1080.3046,0.0,1.0,NO_TARGET,,,NO_TARGET,,0,,0,0,0,0,3,8,0,0,0,0,0.0,4.56,11.6,0.0,0.0,0.0,,1.52,1.45,,,,0.0,28.217822,71.782178,0.0,0.0,0.0,1,0.7202,-0.195,-15.15,FRONT_LEFT,FACING_CAMERA,FACING_CAMERA,1.0,1
1,C:\Users\homec\OneDrive\圖片\貓咪圖像資料集\白貓舔舐測試\lick_28.mp4,0,1,25.0,25.0,592,592,592,23.68,753.75,341.8125,527.25,300.0,230.327018,0.34957127,-119.8552,1043.6539,0.0,0.967242,NO_TARGET,,,NO_TARGET,,0,,0,0,0,0,3,8,0,0,0,0,0.0,4.56,11.6,0.0,0.0,0.0,,1.52,1.45,,,,0.0,28.217822,71.782178,0.0,0.0,0.0,1,0.73,-0.2026,-15.51,FRONT_LEFT,FACING_CAMERA,FACING_CAMERA,1.0,1
1,C:\Users\homec\OneDrive\圖片\貓咪圖像資料集\白貓舔舐測試\lick_28.mp4,0,1,25.0,25.0,593,593,593,23.72,752.25,340.5,522.0,303.375,233.223773,0.35375958,-105.3571,1063.0344,0.0,0.985203,NO_TARGET,,,NO_TARGET,,0,,0,0,0,0,3,8,0,0,0,0,0.0,4.56,11.6,0.0,0.0,0.0,,1.52,1.45,,,,0.0,28.217822,71.782178,0.0,0.0,0.0,1,0.7287,-0.1997,-15.33,FRONT_LEFT,FACING_CAMERA,FACING_CAMERA,1.0,1
1,C:\Users\homec\OneDrive\圖片\貓咪圖像資料集\白貓舔舐測試\lick_28.mp4,0,1,25.0,25.0,594,594,594,23.76,745.125,338.4375,510.75,309.0,236.216441,0.35885842,-35.7774,1138.0302,0.0,1.0,NO_TARGET,,,NO_TARGET,,0,,0,0,0,0,3,8,0,0,0,0,0.0,4.56,11.6,0.0,0.0,0.0,,1.52,1.45,,,,0.0,28.217822,71.782178,0.0,0.0,0.0,1,0.7295,-0.1834,-14.11,FRONT_LEFT,FACING_CAMERA,FACING_CAMERA,1.0,1
1,C:\Users\homec\OneDrive\圖片\貓咪圖像資料集\白貓舔舐測試\lick_28.mp4,0,1,25.0,25.0,595,595,595,23.8,738.75,339.375,503.25,316.125,236.644908,0.36232873,21.8598,1194.0393,0.011391,1.0,FR,,,FR,59.767518,1,FR,0,1,0,0,3,9,0,0,0,0,0.0,4.56,11.64,0.0,0.0,0.0,,1.52,1.293333,,,,0.0,28.148148,71.851852,0.0,0.0,0.0,1,0.7429,-0.1635,-12.41,FRONT_LEFT,FACING_CAMERA,FACING_CAMERA,1.0,1
1,C:\Users\homec\OneDrive\圖片\貓咪圖像資料集\白貓舔舐測試\lick_28.mp4,0,1,25.0,25.0,596,596,596,23.84,724.125,337.6875,491.25,330.1875,232.995742,0.35919558,117.9067,1266.4293,0.061442,1.0,FR,,,FR,47.648616,1,FR,0,1,0,0,3,9,0,0,0,0,0.0,4.56,11.68,0.0,0.0,0.0,,1.52,1.297778,,,,0.0,28.078818,71.921182,0.0,0.0,0.0,1,0.7518,-0.1393,-10.49,FRONT_LEFT,FACING_CAMERA,FACING_CAMERA,1.0,1
1,C:\Users\homec\OneDrive\圖片\貓咪圖像資料集\白貓舔舐測試\lick_28.mp4,0,1,25.0,25.0,597,597,597,23.88,714.75,333.0,481.5,338.625,233.317816,0.3613326,200.9951,1311.3708,0.104739,1.0,FR,,,FR,32.43479,1,FR,0,1,0,0,3,9,0,0,0,0,0.0,4.56,11.72,0.0,0.0,0.0,,1.52,1.302222,,,,0.0,28.009828,71.990172,0.0,0.0,0.0,1,0.7547,-0.1225,-9.22,FRONT_LEFT,FACING_CAMERA,FACING_CAMERA,1.0,1
1,C:\Users\homec\OneDrive\圖片\貓咪圖像資料集\白貓舔舐測試\lick_28.mp4,0,1,25.0,25.0,598,598,598,23.92,709.875,327.75,478.5,342.375,231.836756,0.35824573,241.5965,1327.5874,0.125897,1.0,FR,,,FR,33.910037,1,FR,0,1,0,0,3,9,0,0,0,0,0.0,4.56,11.76,0.0,0.0,0.0,,1.52,1.306667,,,,0.0,27.941176,72.058824,0.0,0.0,0.0,1,0.7475,-0.1213,-9.21,FRONT_LEFT,FACING_CAMERA,FACING_CAMERA,1.0,1
1,C:\Users\homec\OneDrive\圖片\貓咪圖像資料集\白貓舔舐測試\lick_28.mp4,0,1,25.0,25.0,599,599,599,23.96,711.375,318.75,477.75,343.125,234.893127,0.36344363,232.2267,1319.9466,0.121014,1.0,FR,,,FR,39.96346,1,FR,0,1,0,0,3,9,0,0,0,0,0.0,4.56,11.8,0.0,0.0,0.0,,1.52,1.311111,,,,0.0,27.872861,72.127139,0.0,0.0,0.0,1,0.7483,-0.1316,-9.97,FRONT_LEFT,FACING_CAMERA,FACING_CAMERA,1.0,1
1,C:\Users\homec\OneDrive\圖片\貓咪圖像資料集\白貓舔舐測試\lick_28.mp4,0,1,25.0,25.0,600,600,600,24.0,712.875,316.5,482.25,339.375,231.756675,0.35595651,154.2069,1283.3756,0.080358,1.0,FR,,,FR,55.156879,1,FR,0,1,0,0,3,9,0,0,0,0,0.0,4.56,11.84,0.0,0.0,0.0,,1.52,1.315556,,,,0.0,27.804878,72.195122,0.0,0.0,0.0,1,0.7481,-0.1476,-11.16,FRONT_LEFT,FACING_CAMERA,FACING_CAMERA,1.0,1
1,C:\Users\homec\OneDrive\圖片\貓咪圖像資料集\白貓舔舐測試\lick_28.mp4,0,1,25.0,25.0,601,601,601,24.04,716.625,315.75,489.75,333.375,227.558578,0.3467364,19.9038,1201.6065,0.010372,1.0,NO_TARGET,,,NO_TARGET,,0,,0,0,0,0,3,9,0,0,0,0,0.0,4.56,11.84,0.0,0.0,0.0,,1.52,1.315556,,,,0.0,27.804878,72.195122,0.0,0.0,0.0,1,0.7517,-0.1747,-13.09,FRONT_LEFT,FACING_CAMERA,FACING_CAMERA,1.0,1
1,C:\Users\homec\OneDrive\圖片\貓咪圖像資料集\白貓舔舐測試\lick_28.mp4,0,1,25.0,25.0,602,602,602,24.08,716.625,315.0,493.5,330.75,223.680192,0.33853963,-78.1197,1124.5534,0.0,1.0,NO_TARGET,,,NO_TARGET,,0,,0,0,0,0,3,9,0,0,0,0,0.0,4.56,11.84,0.0,0.0,0.0,,1.52,1.315556,,,,0.0,27.804878,72.195122,0.0,0.0,0.0,1,0.7544,-0.1939,-14.42,FRONT_LEFT,FACING_CAMERA,FACING_CAMERA,1.0,1
1,C:\Users\homec\OneDrive\圖片\貓咪圖像資料集\白貓舔舐測試\lick_28.mp4,0,1,25.0,25.0,603,603,603,24.12,711.375,313.5,492.75,332.625,219.459919,0.33067494,-123.9535,1087.5234,0.0,1.0,NO_TARGET,,,NO_TARGET,,0,,0,0,0,0,3,9,0,0,0,0,0.0,4.56,11.84,0.0,0.0,0.0,,1.52,1.315556,,,,0.0,27.804878,72.195122,0.0,0.0,0.0,1,0.7603,-0.1994,-14.7,FRONT_LEFT,FACING_CAMERA,FACING_CAMERA,1.0,1
1,C:\Users\homec\OneDrive\圖片\貓咪圖像資料集\白貓舔舐測試\lick_28.mp4,0,1,25.0,25.0,604,604,604,24.16,701.25,311.8125,488.25,336.75,214.454841,0.3216906,-158.2518,1062.976,0.0,0.985149,NO_TARGET,,,NO_TARGET,,0,,0,0,0,0,3,9,0,0,0,0,0.0,4.56,11.84,0.0,0.0,0.0,,1.52,1.315556,,,,0.0,27.804878,72.195122,0.0,0.0,0.0,1,0.7682,-0.203,-14.8,FRONT_LEFT,FACING_CAMERA,FACING_CAMERA,1.0,1
1,C:\Users\homec\OneDrive\圖片\貓咪圖像資料集\白貓舔舐測試\lick_28.mp4,0,1,25.0,25.0,605,605,605,24.2,693.75,310.3125,483.0,342.75,213.231691,0.31876994,-182.9766,1046.4082,0.0,0.969794,NO_TARGET,,,NO_TARGET,,0,,0,0,0,0,3,9,0,0,0,0,0.0,4.56,11.84,0.0,0.0,0.0,,1.52,1.315556,,,,0.0,27.804878,72.195122,0.0,0.0,0.0,1,0.7726,-0.2066,-14.97,FRONT_LEFT,FACING_CAMERA,FACING_CAMERA,1.0,1
1,C:\Users\homec\OneDrive\圖片\貓咪圖像資料集\白貓舔舐測試\lick_28.mp4,0,1,25.0,25.0,606,606,606,24.24,686.25,307.5,479.25,349.5,211.217897,0.31558779,-171.5233,1069.8797,0.0,0.991547,NO_TARGET,,,NO_TARGET,,0,,0,0,0,0,3,9,0,0,0,0,0.0,4.56,11.84,0.0,0.0,0.0,,1.52,1.315556,,,,0.0,27.804878,72.195122,0.0,0.0,0.0,1,0.7709,-0.2063,-14.98,FRONT_LEFT,FACING_CAMERA,FACING_CAMERA,1.0,1
1,C:\Users\homec\OneDrive\圖片\貓咪圖像資料集\白貓舔舐測試\lick_28.mp4,0,1,25.0,25.0,607,607,607,24.28,679.5,304.6875,475.5,353.25,209.70054,0.31263027,-160.5838,1093.0533,0.0,1.0,NO_TARGET,,,NO_TARGET,,0,,0,0,0,0,3,9,0,0,0,0,0.0,4.56,11.84,0.0,0.0,0.0,,1.52,1.315556,,,,0.0,27.804878,72.195122,0.0,0.0,0.0,1,0.7683,-0.206,-15.01,FRONT_LEFT,FACING_CAMERA,FACING_CAMERA,1.0,1
1,C:\Users\homec\OneDrive\圖片\貓咪圖像資料集\白貓舔舐測試\lick_28.mp4,0,1,25.0,25.0,608,608,608,24.32,668.25,300.0,464.25,360.75,212.853383,0.31926133,60.3844,1269.8398,0.031467,1.0,NO_TARGET,,,NO_TARGET,,0,,0,0,0,0,3,9,0,0,0,0,0.0,4.56,11.84,0.0,0.0,0.0,,1.52,1.315556,,,,0.0,27.804878,72.195122,0.0,0.0,0.0,1,0.7572,-0.1775,-13.19,FRONT_LEFT,FACING_CAMERA,FACING_CAMERA,1.0,1
1,C:\Users\homec\OneDrive\圖片\貓咪圖像資料集\白貓舔舐測試\lick_28.mp4,0,1,25.0,25.0,609,609,609,24.36,655.125,295.5,453.75,374.25,216.225468,0.32595048,198.1947,1340.7371,0.10328,1.0,NO_TARGET,,,NO_TARGET,,0,,0,0,0,0,3,9,0,0,0,0,0.0,4.56,11.84,0.0,0.0,0.0,,1.52,1.315556,,,,0.0,27.804878,72.195122,0.0,0.0,0.0,1,0.7582,-0.1596,-11.89,FRONT_LEFT,FACING_CAMERA,FACING_CAMERA,1.0,1
1,C:\Users\homec\OneDrive\圖片\貓咪圖像資料集\白貓舔舐測試\lick_28.mp4,0,1,25.0,25.0,610,610,610,24.4,645.0,294.75,446.25,388.125,219.59156,0.33213785,341.4888,1388.8132,0.177951,1.0,FR,,,FR,55.159428,1,FR,0,1,0,0,3,10,0,0,0,0,0.0,4.56,11.88,0.0,0.0,0.0,,1.52,1.188,,,,0.0,27.737226,72.262774,0.0,0.0,0.0,1,0.7516,-0.1409,-10.62,FRONT_LEFT,FACING_CAMERA,FACING_CAMERA,1.0,1
1,C:\Users\homec\OneDrive\圖片\貓咪圖像資料集\白貓舔舐測試\lick_28.mp4,0,1,25.0,25.0,611,611,611,24.44,641.625,295.125,445.5,393.0,219.190628,0.33321117,448.8511,1406.9347,0.233898,1.0,FR,,,FR,41.631756,1,FR,0,1,0,0,3,10,0,0,0,0,0.0,4.56,11.92,0.0,0.0,0.0,,1.52,1.192,,,,0.0,27.669903,72.330097,0.0,0.0,0.0,1,0.7435,-0.1281,-9.78,FRONT_LEFT,FACING_CAMERA,FACING_CAMERA,1.0,1
1,C:\Users\homec\OneDrive\圖片\貓咪圖像資料集\白貓舔舐測試\lick_28.mp4,0,1,25.0,25.0,612,612,612,24.48,641.625,294.75,447.75,391.5,216.675052,0.32902559,432.5911,1404.3045,0.225425,1.0,FR,,,FR,42.7648,1,FR,0,1,0,0,3,10,0,0,0,0,0.0,4.56,11.96,0.0,0.0,0.0,,1.52,1.196,,,,0.0,27.602906,72.397094,0.0,0.0,0.0,1,0.7451,-0.1272,-9.69,FRONT_LEFT,FACING_CAMERA,FACING_CAMERA,1.0,1
1,C:\Users\homec\OneDrive\圖片\貓咪圖像資料集\白貓舔舐測試\lick_28.mp4,0,1,25.0,25.0,613,613,613,24.52,641.625,295.5,453.75,388.5,209.63305,0.31816368,322.6186,1385.0779,0.168118,1.0,FR,,,FR,54.058562,1,FR,0,1,0,0,3,10,0,0,0,0,0.0,4.56,12.0,0.0,0.0,0.0,,1.52,1.2,,,,0.0,27.536232,72.463768,0.0,0.0,0.0,1,0.7584,-0.1375,-10.28,FRONT_LEFT,FACING_CAMERA,FACING_CAMERA,1.0,1
1,C:\Users\homec\OneDrive\圖片\貓咪圖像資料集\白貓舔舐測試\lick_28.mp4,0,1,25.0,25.0,614,614,614,24.56,641.25,295.125,459.75,383.25,201.762895,0.304143,194.8364,1345.2545,0.10153,1.0,NO_TARGET,,,NO_TARGET,,0,,0,0,0,0,3,10,0,0,0,0,0.0,4.56,12.0,0.0,0.0,0.0,,1.52,1.2,,,,0.0,27.536232,72.463768,0.0,0.0,0.0,1,0.765,-0.1572,-11.61,FRONT_LEFT,FACING_CAMERA,FACING_CAMERA,1.0,1
1,C:\Users\homec\OneDrive\圖片\貓咪圖像資料集\白貓舔舐測試\lick_28.mp4,0,1,25.0,25.0,615,615,615,24.6,638.25,291.75,464.25,379.125,194.705908,0.29153414,66.749,1286.1878,0.034783,1.0,NO_TARGET,,,NO_TARGET,,0,,0,0,0,0,3,10,0,0,0,0,0.0,4.56,12.0,0.0,0.0,0.0,,1.52,1.2,,,,0.0,27.536232,72.463768,0.0,0.0,0.0,1,0.7764,-0.171,-12.42,FRONT_LEFT,FRONT_LEFT,FACING_CAMERA,0.9667,1
1,C:\Users\homec\OneDrive\圖片\貓咪圖像資料集\白貓舔舐測試\lick_28.mp4,0,1,25.0,25.0,616,616,616,24.64,635.25,291.75,506.25,360.75,146.294224,0.21770716,-179.4378,1087.47,0.0,1.0,NO_TARGET,,,NO_TARGET,,0,,0,0,0,0,3,10,0,0,0,0,0.0,4.56,12.0,0.0,0.0,0.0,,1.52,1.2,,,,0.0,27.536232,72.463768,0.0,0.0,0.0,1,0.8105,-0.1876,-13.03,FRONT_LEFT,FRONT_LEFT,FACING_CAMERA,0.9333,1
1,C:\Users\homec\OneDrive\圖片\貓咪圖像資料集\白貓舔舐測試\lick_28.mp4,0,1,25.0,25.0,617,617,617,24.68,630.0,291.75,528.375,352.875,118.591341,0.17589572,-249.8689,999.2714,0.0,0.926109,NO_TARGET,,,NO_TARGET,,0,,0,0,0,0,3,10,0,0,0,0,0.0,4.56,12.0,0.0,0.0,0.0,,1.52,1.2,,,,0.0,27.536232,72.463768,0.0,0.0,0.0,1,0.8283,-0.1941,-13.19,FRONT_LEFT,FRONT_LEFT,FACING_CAMERA,0.9,1
1,C:\Users\homec\OneDrive\圖片\貓咪圖像資料集\白貓舔舐測試\lick_28.mp4,0,1,25.0,25.0,618,618,618,24.72,626.625,292.5,526.5,353.625,117.308488,0.17408666,-258.4819,993.8359,0.0,0.921071,NO_TARGET,,,NO_TARGET,,0,,0,0,0,0,3,10,0,0,0,0,0.0,4.56,12.0,0.0,0.0,0.0,,1.52,1.2,,,,0.0,27.536232,72.463768,0.0,0.0,0.0,1,0.8333,-0.1951,-13.17,FRONT_LEFT,FRONT_LEFT,FACING_CAMERA,0.8667,1
1,C:\Users\homec\OneDrive\圖片\貓咪圖像資料集\白貓舔舐測試\lick_28.mp4,0,1,25.0,25.0,619,619,619,24.76,622.125,292.5,528.0,360.75,116.26512,0.17273044,-256.5723,1005.3007,0.0,0.931697,NO_TARGET,,,NO_TARGET,,0,,0,0,0,0,3,10,0,0,0,0,0.0,4.56,12.0,0.0,0.0,0.0,,1.52,1.2,,,,0.0,27.536232,72.463768,0.0,0.0,0.0,1,0.8315,-0.1941,-13.14,FRONT_LEFT,FRONT_LEFT,FACING_CAMERA,0.8333,1
1,C:\Users\homec\OneDrive\圖片\貓咪圖像資料集\白貓舔舐測試\lick_28.mp4,0,1,25.0,25.0,620,620,620,24.8,614.625,289.5,471.75,395.25,177.75356,0.26616104,-24.6214,1255.587,0.0,1.0,NO_TARGET,,,NO_TARGET,,0,,0,0,0,0,3,10,0,0,0,0,0.0,4.56,12.0,0.0,0.0,0.0,,1.52,1.2,,,,0.0,27.536232,72.463768,0.0,0.0,0.0,1,0.8035,-0.1704,-11.97,FRONT_LEFT,FRONT_LEFT,FACING_CAMERA,0.8,1
1,C:\Users\homec\OneDrive\圖片\貓咪圖像資料集\白貓舔舐測試\lick_28.mp4,0,1,25.0,25.0,621,621,621,24.84,612.0,289.875,444.0,403.125,202.606916,0.30441656,311.7444,1399.8739,0.162451,1.0,FR,,,FR,65.111923,1,FR,0,1,0,0,3,11,0,0,0,0,0.0,4.56,12.04,0.0,0.0,0.0,,1.52,1.094545,,,,0.0,27.46988,72.53012,0.0,0.0,0.0,1,0.7717,-0.1469,-10.78,FRONT_LEFT,FACING_CAMERA,FACING_CAMERA,1.0,1
1,C:\Users\homec\OneDrive\圖片\貓咪圖像資料集\白貓舔舐測試\lick_28.mp4,0,1,25.0,25.0,622,622,622,24.88,608.25,291.0,441.75,410.625,205.018025,0.30942797,437.2342,1422.5682,0.227845,1.0,FR,,,FR,51.870783,1,FR,0,1,0,0,3,11,0,0,0,0,0.0,4.56,12.08,0.0,0.0,0.0,,1.52,1.098182,,,,0.0,27.403846,72.596154,0.0,0.0,0.0,1,0.7631,-0.1328,-9.87,FRONT_LEFT,FACING_CAMERA,FACING_CAMERA,1.0,1
1,C:\Users\homec\OneDrive\圖片\貓咪圖像資料集\白貓舔舐測試\lick_28.mp4,0,1,25.0,25.0,623,623,623,24.92,606.75,291.75,440.25,417.75,208.80194,0.31692611,549.3266,1429.7831,0.286257,1.0,FR,,,FR,39.48912,1,FR,0,1,0,0,3,11,0,0,0,0,0.0,4.56,12.12,0.0,0.0,0.0,,1.52,1.101818,,,,0.0,27.338129,72.661871,0.0,0.0,0.0,1,0.7547,-0.1203,-9.06,FRONT_LEFT,FACING_CAMERA,FACING_CAMERA,1.0,1
1,C:\Users\homec\OneDrive\圖片\貓咪圖像資料集\白貓舔舐測試\lick_28.mp4,0,1,25.0,25.0,624,624,624,24.96,606.75,291.0,439.5,417.375,209.626342,0.31763531,558.5743,1428.9463,0.291076,1.0,FR,,,FR,39.258757,1,FR,0,1,0,0,3,11,0,0,0,0,0.0,4.56,12.16,0.0,0.0,0.0,,1.52,1.105455,,,,0.0,27.272727,72.727273,0.0,0.0,0.0,1,0.7526,-0.1206,-9.1,FRONT_LEFT,FACING_CAMERA,FACING_CAMERA,1.0,1
1,C:\Users\homec\OneDrive\圖片\貓咪圖像資料集\白貓舔舐測試\lick_28.mp4,0,1,25.0,25.0,625,625,625,25.0,607.5,291.75,441.75,414.0,205.95661,0.3111797,508.1844,1428.0926,0.264817,1.0,FR,,,FR,43.650064,1,FR,0,1,0,0,3,11,0,0,0,0,0.0,4.56,12.2,0.0,0.0,0.0,,1.52,1.109091,,,,0.0,27.207637,72.792363,0.0,0.0,0.0,1,0.7555,-0.1263,-9.49,FRONT_LEFT,FACING_CAMERA,FACING_CAMERA,1.0,1
1,C:\Users\homec\OneDrive\圖片\貓咪圖像資料集\白貓舔舐測試\lick_28.mp4,0,1,25.0,25.0,626,626,626,25.04,607.5,291.0,447.0,406.875,197.957737,0.29758303,345.0697,1408.7363,0.179817,1.0,FR,,,FR,62.020284,1,FR,0,1,0,0,3,11,0,0,0,0,0.0,4.56,12.24,0.0,0.0,0.0,,1.52,1.112727,,,,0.0,27.142857,72.857143,0.0,0.0,0.0,1,0.7689,-0.144,-10.61,FRONT_LEFT,FRONT_LEFT,FACING_CAMERA,0.7667,1
1,C:\Users\homec\OneDrive\圖片\貓咪圖像資料集\白貓舔舐測試\lick_28.mp4,0,1,25.0,25.0,627,627,627,25.08,603.75,288.375,452.25,397.5,186.70971,0.27833175,165.0835,1355.1898,0.086026,1.0,NO_TARGET,,,NO_TARGET,,0,,0,0,0,0,3,11,0,0,0,0,0.0,4.56,12.24,0.0,0.0,0.0,,1.52,1.112727,,,,0.0,27.142857,72.857143,0.0,0.0,0.0,1,0.7837,-0.1592,-11.48,FRONT_LEFT,FRONT_LEFT,FACING_CAMERA,0.7333,1
1,C:\Users\homec\OneDrive\圖片\貓咪圖像資料集\白貓舔舐測試\lick_28.mp4,0,1,25.0,25.0,628,628,628,25.12,602.625,288.75,457.5,397.125,181.125388,0.27059752,55.2902,1307.7973,0.028812,1.0,NO_TARGET,,,NO_TARGET,,0,,0,0,0,0,3,11,0,0,0,0,0.0,4.56,12.24,0.0,0.0,0.0,,1.52,1.112727,,,,0.0,27.142857,72.857143,0.0,0.0,0.0,1,0.803,-0.1623,-11.43,FRONT_LEFT,FRONT_LEFT,FACING_CAMERA,0.7,1
1,C:\Users\homec\OneDrive\圖片\貓咪圖像資料集\白貓舔舐測試\lick_28.mp4,0,1,25.0,25.0,629,629,629,25.16,603.375,288.75,462.75,391.5,174.163582,0.25904099,-41.983,1248.7975,0.0,1.0,NO_TARGET,,,NO_TARGET,,0,,0,0,0,0,3,11,0,0,0,0,0.0,4.56,12.24,0.0,0.0,0.0,,1.52,1.112727,,,,0.0,27.142857,72.857143,0.0,0.0,0.0,1,0.8115,-0.1717,-11.95,FRONT_LEFT,FRONT_LEFT,FACING_CAMERA,0.6667,1
1,C:\Users\homec\OneDrive\圖片\貓咪圖像資料集\白貓舔舐測試\lick_28.mp4,0,1,25.0,25.0,630,630,630,25.2,606.0,290.25,456.0,393.375,182.029573,0.27103775,-5.7027,1274.2486,0.0,1.0,NO_TARGET,,,NO_TARGET,,0,,0,0,0,0,3,11,0,0,0,0,0.0,4.56,12.24,0.0,0.0,0.0,,1.52,1.112727,,,,0.0,27.142857,72.857143,0.0,0.0,0.0,1,0.8074,-0.1686,-11.8,FRONT_LEFT,FRONT_LEFT,FACING_CAMERA,0.6333,1
1,C:\Users\homec\OneDrive\圖片\貓咪圖像資料集\白貓舔舐測試\lick_28.mp4,0,1,25.0,25.0,631,631,631,25.24,606.75,291.0,450.75,396.375,188.254856,0.28047355,86.5962,1324.4968,0.045126,1.0,NO_TARGET,,,NO_TARGET,,0,,0,0,0,0,3,11,0,0,0,0,0.0,4.56,12.24,0.0,0.0,0.0,,1.52,1.112727,,,,0.0,27.142857,72.857143,0.0,0.0,0.0,1,0.794,-0.1618,-11.52,FRONT_LEFT,FRONT_LEFT,FACING_CAMERA,0.6,1
1,C:\Users\homec\OneDrive\圖片\貓咪圖像資料集\白貓舔舐測試\lick_28.mp4,0,1,25.0,25.0,632,632,632,25.28,609.375,293.25,445.5,399.0,195.033531,0.29238386,296.8044,1396.9795,0.154666,1.0,NO_TARGET,,,NO_TARGET,,0,,0,0,0,0,3,11,0,0,0,0,0.0,4.56,12.24,0.0,0.0,0.0,,1.52,1.112727,,,,0.0,27.142857,72.857143,0.0,0.0,0.0,1,0.7724,-0.1448,-10.62,FRONT_LEFT,FRONT_LEFT,FACING_CAMERA,0.5667,1
1,C:\Users\homec\OneDrive\圖片\貓咪圖像資料集\白貓舔舐測試\lick_28.mp4,0,1,25.0,25.0,633,633,633,25.32,622.875,300.375,444.75,396.0,202.16987,0.30493456,409.1145,1416.8022,0.213191,1.0,FR,,,FR,48.386627,1,FR,0,1,0,0,3,12,0,0,0,0,0.0,4.56,12.28,0.0,0.0,0.0,,1.52,1.023333,,,,0.0,27.078385,72.921615,0.0,0.0,0.0,1,0.7545,-0.1251,-9.41,FRONT_LEFT,FACING_CAMERA,FACING_CAMERA,1.0,1
1,C:\Users\homec\OneDrive\圖片\貓咪圖像資料集\白貓舔舐測試\lick_28.mp4,0,1,25.0,25.0,634,634,634,25.36,637.5,305.8125,444.75,390.0,210.333301,0.31865051,435.3442,1418.559,0.22686,1.0,FR,,,FR,41.256818,1,FR,0,1,0,0,3,12,0,0,0,0,0.0,4.56,12.32,0.0,0.0,0.0,,1.52,1.026667,,,,0.0,27.014218,72.985782,0.0,0.0,0.0,1,0.7463,-0.12,-9.13,FRONT_LEFT,FACING_CAMERA,FACING_CAMERA,1.0,1
1,C:\Users\homec\OneDrive\圖片\貓咪圖像資料集\白貓舔舐測試\lick_28.mp4,0,1,25.0,25.0,635,635,635,25.4,643.5,307.6875,451.5,385.875,207.309636,0.31497038,425.257,1415.6795,0.221603,1.0,FR,,,FR,39.06485,1,FR,0,1,0,0,3,12,0,0,0,0,0.0,4.56,12.36,0.0,0.0,0.0,,1.52,1.03,,,,0.0,26.950355,73.049645,0.0,0.0,0.0,1,0.7444,-0.1138,-8.69,FRONT_LEFT,FACING_CAMERA,FACING_CAMERA,1.0,1
1,C:\Users\homec\OneDrive\圖片\貓咪圖像資料集\白貓舔舐測試\lick_28.mp4,0,1,25.0,25.0,636,636,636,25.44,649.875,308.25,456.0,382.5,207.606787,0.31558139,403.4294,1410.8018,0.210229,1.0,FR,,,FR,40.959202,1,FR,0,1,0,0,3,12,0,0,0,0,0.0,4.56,12.4,0.0,0.0,0.0,,1.52,1.033333,,,,0.0,26.886792,73.113208,0.0,0.0,0.0,1,0.742,-0.1171,-8.97,FRONT_LEFT,FACING_CAMERA,FACING_CAMERA,1.0,1
1,C:\Users\homec\OneDrive\圖片\貓咪圖像資料集\白貓舔舐測試\lick_28.mp4,0,1,25.0,25.0,637,637,637,25.48,657.0,311.0625,460.5,377.25,207.347619,0.31482188,368.7377,1403.1096,0.192151,1.0,FR,,,FR,45.188667,1,FR,0,1,0,0,3,12,0,0,0,0,0.0,4.56,12.44,0.0,0.0,0.0,,1.52,1.036667,,,,0.0,26.823529,73.176471,0.0,0.0,0.0,1,0.7391,-0.1221,-9.38,FRONT_LEFT,FACING_CAMERA,FACING_CAMERA,1.0,1
1,C:\Users\homec\OneDrive\圖片\貓咪圖像資料集\白貓舔舐測試\lick_28.mp4,0,1,25.0,25.0,638,638,638,25.52,659.25,311.25,467.25,368.25,200.282301,0.30342346,242.6842,1366.7478,0.126464,1.0,FR,,,FR,55.980605,1,FR,0,1,0,0,3,12,0,0,0,0,0.0,4.56,12.48,0.0,0.0,0.0,,1.52,1.04,,,,0.0,26.760563,73.239437,0.0,0.0,0.0,1,0.7525,-0.135,-10.17,FRONT_LEFT,FACING_CAMERA,FACING_CAMERA,1.0,1
1,C:\Users\homec\OneDrive\圖片\貓咪圖像資料集\白貓舔舐測試\lick_28.mp4,0,1,25.0,25.0,639,639,639,25.56,658.125,306.375,473.25,363.0,193.352415,0.28967545,122.6612,1315.103,0.063919,1.0,NO_TARGET,,,NO_TARGET,,0,,0,0,0,0,3,12,0,0,0,0,0.0,4.56,12.48,0.0,0.0,0.0,,1.52,1.04,,,,0.0,26.760563,73.239437,0.0,0.0,0.0,1,0.7517,-0.1583,-11.89,FRONT_LEFT,FRONT_LEFT,FACING_CAMERA,0.5333,1
1,C:\Users\homec\OneDrive\圖片\貓咪圖像資料集\白貓舔舐測試\lick_28.mp4,0,1,25.0,25.0,640,640,640,25.6,652.875,301.125,474.0,362.25,189.030503,0.28194405,56.5441,1280.6585,0.029465,1.0,NO_TARGET,,,NO_TARGET,,0,,0,0,0,0,3,12,0,0,0,0,0.0,4.56,12.48,0.0,0.0,0.0,,1.52,1.04,,,,0.0,26.760563,73.239437,0.0,0.0,0.0,1,0.757,-0.1726,-12.84,FRONT_LEFT,FRONT_LEFT,FACING_CAMERA,0.5,1
1,C:\Users\homec\OneDrive\圖片\貓咪圖像資料集\白貓舔舐測試\lick_28.mp4,0,1,25.0,25.0,641,641,641,25.64,651.375,302.4375,473.25,361.875,187.78001,0.27991747,5.5269,1252.7412,0.00288,1.0,NO_TARGET,,,NO_TARGET,,0,,0,0,0,0,3,12,0,0,0,0,0.0,4.56,12.48,0.0,0.0,0.0,,1.52,1.04,,,,0.0,26.760563,73.239437,0.0,0.0,0.0,1,0.7673,-0.1757,-12.9,FRONT_LEFT,FRONT_LEFT,FRONT_LEFT,0.5333,1
1,C:\Users\homec\OneDrive\圖片\貓咪圖像資料集\白貓舔舐測試\lick_28.mp4,0,1,25.0,25.0,642,642,642,25.68,646.875,303.375,468.75,365.25,188.565721,0.28109854,65.3526,1290.8532,0.034056,1.0,NO_TARGET,,,NO_TARGET,,0,,0,0,0,0,3,12,0,0,0,0,0.0,4.56,12.48,0.0,0.0,0.0,,1.52,1.04,,,,0.0,26.760563,73.239437,0.0,0.0,0.0,1,0.7622,-0.168,-12.43,FRONT_LEFT,FRONT_LEFT,FRONT_LEFT,0.5667,1
1,C:\Users\homec\OneDrive\圖片\貓咪圖像資料集\白貓舔舐測試\lick_28.mp4,0,1,25.0,25.0,643,643,643,25.72,643.875,305.25,462.0,372.0,193.737137,0.29058864,183.3247,1349.0077,0.095531,1.0,NO_TARGET,,,NO_TARGET,,0,,0,0,0,0,3,12,0,0,0,0,0.0,4.56,12.48,0.0,0.0,0.0,,1.52,1.04,,,,0.0,26.760563,73.239437,0.0,0.0,0.0,1,0.7592,-0.1489,-11.09,FRONT_LEFT,FRONT_LEFT,FRONT_LEFT,0.6,1
1,C:\Users\homec\OneDrive\圖片\貓咪圖像資料集\白貓舔舐測試\lick_28.mp4,0,1,25.0,25.0,644,644,644,25.76,646.125,312.1875,456.75,375.375,199.63855,0.30195244,273.0095,1382.9948,0.142267,1.0,FR,,,FR,54.452531,1,FR,0,1,0,0,3,13,0,0,0,0,0.0,4.56,12.52,0.0,0.0,0.0,,1.52,0.963077,,,,0.0,26.697892,73.302108,0.0,0.0,0.0,1,0.76,-0.1283,-9.58,FRONT_LEFT,FACING_CAMERA,FACING_CAMERA,1.0,1
1,C:\Users\homec\OneDrive\圖片\貓咪圖像資料集\白貓舔舐測試\lick_28.mp4,0,1,25.0,25.0,645,645,645,25.8,649.875,317.4375,457.5,377.25,201.458869,0.30590061,303.7285,1393.7698,0.158274,1.0,FR,,,FR,46.208765,1,FR,0,1,0,0,3,13,0,0,0,0,0.0,4.56,12.56,0.0,0.0,0.0,,1.52,0.966154,,,,0.0,26.635514,73.364486,0.0,0.0,0.0,1,0.7582,-0.1207,-9.04,FRONT_LEFT,FACING_CAMERA,FACING_CAMERA,1.0,1
1,C:\Users\homec\OneDrive\圖片\貓咪圖像資料集\白貓舔舐測試\lick_28.mp4,0,1,25.0,25.0,646,646,646,25.84,652.125,318.9375,457.5,372.75,201.927402,0.30608305,297.8518,1390.5725,0.155212,1.0,FR,,,FR,46.939456,1,FR,0,1,0,0,3,13,0,0,0,0,0.0,4.56,12.6,0.0,0.0,0.0,,1.52,0.969231,,,,0.0,26.573427,73.426573,0.0,0.0,0.0,1,0.756,-0.1211,-9.1,FRONT_LEFT,FACING_CAMERA,FACING_CAMERA,1.0,1
1,C:\Users\homec\OneDrive\圖片\貓咪圖像資料集\白貓舔舐測試\lick_28.mp4,0,1,25.0,25.0,647,647,647,25.88,655.125,319.125,459.75,369.75,201.827355,0.30557768,267.8971,1380.6099,0.139602,1.0,FR,,,FR,52.205873,1,FR,0,1,0,0,3,13,0,0,0,0,0.0,4.56,12.64,0.0,0.0,0.0,,1.52,0.972308,,,,0.0,26.511628,73.488372,0.0,0.0,0.0,1,0.7566,-0.1257,-9.43,FRONT_LEFT,FACING_CAMERA,FACING_CAMERA,1.0,1
1,C:\Users\homec\OneDrive\圖片\貓咪圖像資料集\白貓舔舐測試\lick_28.mp4,0,1,25.0,25.0,648,648,648,25.92,657.75,319.125,463.5,363.75,199.309942,0.30042155,197.9365,1353.0687,0.103146,1.0,FR,,,FR,63.577708,1,FR,0,1,0,0,3,13,0,0,0,0,0.0,4.56,12.68,0.0,0.0,0.0,,1.52,0.975385,,,,0.0,26.450116,73.549884,0.0,0.0,0.0,1,0.7587,-0.1355,-10.13,FRONT_LEFT,FACING_CAMERA,FACING_CAMERA,1.0,1
1,C:\Users\homec\OneDrive\圖片\貓咪圖像資料集\白貓舔舐測試\lick_28.mp4,0,1,25.0,25.0,649,649,649,25.96,657.375,316.125,469.5,360.0,192.93012,0.28837885,99.2633,1306.5644,0.051727,1.0,NO_TARGET,,,NO_TARGET,,0,,0,0,0,0,3,13,0,0,0,0,0.0,4.56,12.68,0.0,0.0,0.0,,1.52,0.975385,,,,0.0,26.450116,73.549884,0.0,0.0,0.0,1,0.7554,-0.1574,-11.77,FRONT_LEFT,FRONT_LEFT,FACING_CAMERA,0.5333,1
1,C:\Users\homec\OneDrive\圖片\貓咪圖像資料集\白貓舔舐測試\lick_28.mp4,0,1,25.0,25.0,650,650,650,26.0,655.125,312.1875,473.25,355.5,186.961195,0.27776573,35.0495,1267.764,0.018264,1.0,NO_TARGET,,,NO_TARGET,,0,,0,0,0,0,3,13,0,0,0,0,0.0,4.56,12.68,0.0,0.0,0.0,,1.52,0.975385,,,,0.0,26.450116,73.549884,0.0,0.0,0.0,1,0.7543,-0.172,-12.84,FRONT_LEFT,FRONT_LEFT,FACING_CAMERA,0.5333,1
1,C:\Users\homec\OneDrive\圖片\貓咪圖像資料集\白貓舔舐測試\lick_28.mp4,0,1,25.0,25.0,651,651,651,26.04,651.375,310.125,474.0,353.25,182.542204,0.27046587,-39.5838,1220.9135,0.0,1.0,NO_TARGET,,,NO_TARGET,,0,,0,0,0,0,3,13,0,0,0,0,0.0,4.56,12.68,0.0,0.0,0.0,,1.52,0.975385,,,,0.0,26.450116,73.549884,0.0,0.0,0.0,1,0.7654,-0.1796,-13.2,FRONT_LEFT,FRONT_LEFT,FACING_CAMERA,0.5,1
1,C:\Users\homec\OneDrive\圖片\貓咪圖像資料集\白貓舔舐測試\lick_28.mp4,0,1,25.0,25.0,652,652,652,26.08,647.25,309.5625,470.25,357.375,183.344035,0.2717958,-25.3157,1235.5818,0.0,1.0,NO_TARGET,,,NO_TARGET,,0,,0,0,0,0,3,13,0,0,0,0,0.0,4.56,12.68,0.0,0.0,0.0,,1.52,0.975385,,,,0.0,26.450116,73.549884,0.0,0.0,0.0,1,0.7682,-0.1773,-12.99,FRONT_LEFT,FRONT_LEFT,FRONT_LEFT,0.5333,1
